clinic_id,clinic_name,clinic_name_mya,facility_level,bed_class,state_region_pcode,state_region,district_pcode,district,township_pcode,township,confidence,latitude,longitude,institutional_delivery_rate,skilled_birth_attendance_rate,full_vaccination_rate,current_stock_days_remaining,population_served,road_access_flag,_data_provenance
CL-0001,Sagaing General Hospital,စစ်ကိုင်းပြည်သူ့ဆေးရုံကြီး,General,200,MMR005,Sagaing,MMR005D001,Sagaing,MMR005001,Sagaing,high confidence,21.873236000000077,95.97595200000006,0.254,0.261,0.604,24,6870,all_weather,"location/name/facility_level/bed_class=REAL (MIMU 2020); population_served=derived from real bed_class; health rates/stock/road_risk=PLACEHOLDER, centered using real bed_class as a rurality proxy (not literal DHS/MICS data)"
CL-0002,Min Kun Station Hospital,မင်းကွန်းတိုက်နယ်ဆေးရုံ,Station,16,MMR005,Sagaing,MMR005D001,Sagaing,MMR005001,Sagaing,high confidence,22.046313000000055,96.01900500000005,0.198,0.122,0.42,26,416,conflict_restricted,"location/name/facility_level/bed_class=REAL (MIMU 2020); population_served=derived from real bed_class; health rates/stock/road_risk=PLACEHOLDER, centered using real bed_class as a rurality proxy (not literal DHS/MICS data)"
CL-0003,Ywar Thit Gyi Station Hospital,ရွာသစ်ကြီးတိုက်နယ်ဆေးရုံ,Station,16,MMR005,Sagaing,MMR005D001,Sagaing,MMR005001,Sagaing,high confidence,21.92945700000007,95.77782000000008,0.205,0.233,0.514,0,583,seasonal,"location/name/facility_level/bed_class=REAL (MIMU 2020); population_served=derived from real bed_class; health rates/stock/road_risk=PLACEHOLDER, centered using real bed_class as a rurality proxy (not literal DHS/MICS data)"
CL-0004,Pa Du Station Hospital,ပဒူတိုက်နယ်ဆေးရုံ,Station,16,MMR005,Sagaing,MMR005D001,Sagaing,MMR005001,Sagaing,high confidence,22.088675000000023,95.93089800000007,0.165,0.119,0.434,27,519,seasonal,"location/name/facility_level/bed_class=REAL (MIMU 2020); population_served=derived from real bed_class; health rates/stock/road_risk=PLACEHOLDER, centered using real bed_class as a rurality proxy (not literal DHS/MICS data)"
CL-0005,Sar Taung Station Hospital,ဆားတောင်တိုက်နယ်ဆေးရုံ,Station,16,MMR005,Sagaing,MMR005D001,Sagaing,MMR005001,Sagaing,high confidence,22.156382000000065,95.76169800000008,0.082,0.118,0.457,20,278,seasonal,"location/name/facility_level/bed_class=REAL (MIMU 2020); population_served=derived from real bed_class; health rates/stock/road_risk=PLACEHOLDER, centered using real bed_class as a rurality proxy (not literal DHS/MICS data)"
CL-0006,Myinmu Township Hospital,မြင်းမူမြို့နယ်ဆေးရုံ,Township,50,MMR005,Sagaing,MMR005D001,Sagaing,MMR005002,Myinmu,high confidence,21.930829000000074,95.56406800000008,0.222,0.202,0.558,2,1970,conflict_restricted,"location/name/facility_level/bed_class=REAL (MIMU 2020); population_served=derived from real bed_class; health rates/stock/road_risk=PLACEHOLDER, centered using real bed_class as a rurality proxy (not literal DHS/MICS data)"
CL-0007,Taw Chaung U Station Hospital,တော်ချောင်းဦးတိုက်နယ်ဆေးရုံ,Station,16,MMR005,Sagaing,MMR005D001,Sagaing,MMR005002,Myinmu,high confidence,22.04093400000005,95.41166700000008,0.291,0.202,0.548,22,544,seasonal,"location/name/facility_level/bed_class=REAL (MIMU 2020); population_served=derived from real bed_class; health rates/stock/road_risk=PLACEHOLDER, centered using real bed_class as a rurality proxy (not literal DHS/MICS data)"
CL-0008,Khwet Khwin Station Hospital,ခွက်ခွင်းတိုက်နယ်ဆေးရုံ,Station,16,MMR005,Sagaing,MMR005D001,Sagaing,MMR005002,Myinmu,probably accurate,22.075971000000038,95.55194800000004,0.095,0.183,0.466,3,554,conflict_restricted,"location/name/facility_level/bed_class=REAL (MIMU 2020); population_served=derived from real bed_class; health rates/stock/road_risk=PLACEHOLDER, centered using real bed_class as a rurality proxy (not literal DHS/MICS data)"
CL-0009,Myaung Township Hospital,မြောင်မြို့နယ်ဆေးရုံ,Township,50,MMR005,Sagaing,MMR005D001,Sagaing,MMR005003,Myaung,high confidence,21.83444000000003,95.42421000000007,0.254,0.069,0.599,1,910,conflict_restricted,"location/name/facility_level/bed_class=REAL (MIMU 2020); population_served=derived from real bed_class; health rates/stock/road_risk=PLACEHOLDER, centered using real bed_class as a rurality proxy (not literal DHS/MICS data)"
CL-0010,Kyauk Yit Station Hospital,ကျောက်ရစ်တိုက်နယ်ဆေးရုံ,Station,16,MMR005,Sagaing,MMR005D001,Sagaing,MMR005003,Myaung,high confidence,21.721758000000023,95.29652200000004,0.167,0.189,0.591,3,420,conflict_restricted,"location/name/facility_level/bed_class=REAL (MIMU 2020); population_served=derived from real bed_class; health rates/stock/road_risk=PLACEHOLDER, centered using real bed_class as a rurality proxy (not literal DHS/MICS data)"
CL-0011,Ma Gyi Boke Station Hospital,မကျီးဘုတ်တိုက်နယ်ဆေးရုံ,Station,16,MMR005,Sagaing,MMR005D001,Sagaing,MMR005003,Myaung,high confidence,21.807166000000052,95.21797000000004,0.183,0.094,0.61,13,388,conflict_restricted,"location/name/facility_level/bed_class=REAL (MIMU 2020); population_served=derived from real bed_class; health rates/stock/road_risk=PLACEHOLDER, centered using real bed_class as a rurality proxy (not literal DHS/MICS data)"
CL-0012,Shwebo General Hospital,ရွှေဘိုပြည်သူ့ဆေးရုံကြီး,General,200,MMR005,Sagaing,MMR005D002,Shwebo,MMR005004,Shwebo,high confidence,22.564106000000038,95.70069700000005,0.205,0.244,0.657,18,7634,all_weather,"location/name/facility_level/bed_class=REAL (MIMU 2020); population_served=derived from real bed_class; health rates/stock/road_risk=PLACEHOLDER, centered using real bed_class as a rurality proxy (not literal DHS/MICS data)"
CL-0013,Seik Khun Station Hospital,ဆိပ်ခွန်တိုက်နယ်ဆေးရုံ,Station,16,MMR005,Sagaing,MMR005D002,Shwebo,MMR005004,Shwebo,high confidence,22.54827700000004,95.58516800000007,0.167,0.071,0.605,12,498,conflict_restricted,"location/name/facility_level/bed_class=REAL (MIMU 2020); population_served=derived from real bed_class; health rates/stock/road_risk=PLACEHOLDER, centered using real bed_class as a rurality proxy (not literal DHS/MICS data)"
CL-0014,Sin In Station Hospital,ဆင်အင်းတိုက်နယ်ဆေးရုံ,Station,16,MMR005,Sagaing,MMR005D002,Shwebo,MMR005004,Shwebo,high confidence,22.63034200000004,95.48667600000005,0.265,0.183,0.378,3,569,seasonal,"location/name/facility_level/bed_class=REAL (MIMU 2020); population_served=derived from real bed_class; health rates/stock/road_risk=PLACEHOLDER, centered using real bed_class as a rurality proxy (not literal DHS/MICS data)"
CL-0015,Kyauk Myaung Station Hospital,ကျောက်မြောင်းတိုက်နယ်ဆေးရုံ,Station,16,MMR005,Sagaing,MMR005D002,Shwebo,MMR005004,Shwebo,probably accurate,22.597034000000065,95.93598000000009,0.222,0.108,0.487,5,417,conflict_restricted,"location/name/facility_level/bed_class=REAL (MIMU 2020); population_served=derived from real bed_class; health rates/stock/road_risk=PLACEHOLDER, centered using real bed_class as a rurality proxy (not literal DHS/MICS data)"
CL-0016,Nyaung Pin Thar Station Hospital,ညောင်ပင်သာတိုက်နယ်ဆေးရုံ,Station,16,MMR005,Sagaing,MMR005D002,Shwebo,MMR005004,Shwebo,high confidence,22.666936000000078,95.54549400000008,0.291,0.079,0.449,25,331,seasonal,"location/name/facility_level/bed_class=REAL (MIMU 2020); population_served=derived from real bed_class; health rates/stock/road_risk=PLACEHOLDER, centered using real bed_class as a rurality proxy (not literal DHS/MICS data)"
CL-0017,Khin-U Township Hospital,ခင်ဦးမြို့နယ်ဆေးရုံ,Township,25,MMR005,Sagaing,MMR005D002,Shwebo,MMR005005,Khin-U,high confidence,22.768661000000066,95.61780900000008,0.262,0.203,0.523,28,722,seasonal,"location/name/facility_level/bed_class=REAL (MIMU 2020); population_served=derived from real bed_class; health rates/stock/road_risk=PLACEHOLDER, centered using real bed_class as a rurality proxy (not literal DHS/MICS data)"
CL-0018,Ywar Zin Station Hospital,ရွာဇင်တိုက်နယ်ဆေးရုံ,Station,16,MMR005,Sagaing,MMR005D002,Shwebo,MMR005005,Khin-U,high confidence,22.755075000000033,95.76784800000007,0.213,0.171,0.47,22,266,conflict_restricted,"location/name/facility_level/bed_class=REAL (MIMU 2020); population_served=derived from real bed_class; health rates/stock/road_risk=PLACEHOLDER, centered using real bed_class as a rurality proxy (not literal DHS/MICS data)"
CL-0019,Nyaung Pin Gyi Su Station Hospital,ညောင်ပင်ကြီးစုတိုက်နယ်ဆေးရုံ,Station,16,MMR005,Sagaing,MMR005D002,Shwebo,MMR005005,Khin-U,probably accurate,22.692391000000043,95.47474500000004,0.292,0.12,0.498,3,571,conflict_restricted,"location/name/facility_level/bed_class=REAL (MIMU 2020); population_served=derived from real bed_class; health rates/stock/road_risk=PLACEHOLDER, centered using real bed_class as a rurality proxy (not literal DHS/MICS data)"
CL-0020,Wetlet Township Hospital,ဝက်လက်မြို့နယ်ဆေးရုံ,Township,25,MMR005,Sagaing,MMR005D002,Shwebo,MMR005006,Wetlet,high confidence,22.36611800000003,95.79203100000007,0.217,0.247,0.647,24,770,conflict_restricted,"location/name/facility_level/bed_class=REAL (MIMU 2020); population_served=derived from real bed_class; health rates/stock/road_risk=PLACEHOLDER, centered using real bed_class as a rurality proxy (not literal DHS/MICS data)"
CL-0021,Shein Ma Kar Station Hospital,ရှိမ္မကားတိုက်နယ်ဆေးရုံ,Station,16,MMR005,Sagaing,MMR005D002,Shwebo,MMR005006,Wetlet,high confidence,22.27709200000004,95.98319400000008,0.237,0.13,0.498,20,543,seasonal,"location/name/facility_level/bed_class=REAL (MIMU 2020); population_served=derived from real bed_class; health rates/stock/road_risk=PLACEHOLDER, centered using real bed_class as a rurality proxy (not literal DHS/MICS data)"
CL-0022,Min Chi Station Hospital,မင်းချီတိုက်နယ်ဆေးရုံ,Station,16,MMR005,Sagaing,MMR005D002,Shwebo,MMR005006,Wetlet,high confidence,22.411215000000027,95.61938500000008,0.169,0.158,0.539,15,382,seasonal,"location/name/facility_level/bed_class=REAL (MIMU 2020); population_served=derived from real bed_class; health rates/stock/road_risk=PLACEHOLDER, centered using real bed_class as a rurality proxy (not literal DHS/MICS data)"
CL-0023,Shwe Pan Kone Station Hospital,ရွှေပန်းကုန်းစံပြတိုက်နယ်ဆေးရုံ,Station,16,MMR005,Sagaing,MMR005D002,Shwebo,MMR005006,Wetlet,high confidence,22.30769900000007,95.62947500000007,0.191,0.173,0.493,4,628,seasonal,"location/name/facility_level/bed_class=REAL (MIMU 2020); population_served=derived from real bed_class; health rates/stock/road_risk=PLACEHOLDER, centered using real bed_class as a rurality proxy (not literal DHS/MICS data)"
CL-0024,Kanbalu Township Hospital,ကန့်ဘလူမြို့နယ်ဆေးရုံ,Township,100,MMR005,Sagaing,MMR005D010,Kanbalu,MMR005007,Kanbalu,high confidence,23.202783000000068,95.53622500000006,0.182,0.153,0.565,29,3733,seasonal,"location/name/facility_level/bed_class=REAL (MIMU 2020); population_served=derived from real bed_class; health rates/stock/road_risk=PLACEHOLDER, centered using real bed_class as a rurality proxy (not literal DHS/MICS data)"
CL-0025,Chat Thin Station Hospital,ချပ်သင်းတိုက်နယ်ဆေးရုံ,Station,16,MMR005,Sagaing,MMR005D010,Kanbalu,MMR005007,Kanbalu,high confidence,23.522181000000046,95.67293000000006,0.246,0.185,0.51,13,551,seasonal,"location/name/facility_level/bed_class=REAL (MIMU 2020); population_served=derived from real bed_class; health rates/stock/road_risk=PLACEHOLDER, centered using real bed_class as a rurality proxy (not literal DHS/MICS data)"
CL-0026,Ma Lel Station Hospital,မလည်တိုက်နယ်ဆေးရုံ,Station,16,MMR005,Sagaing,MMR005D010,Kanbalu,MMR005007,Kanbalu,high confidence,23.033493000000078,95.97365300000007,0.116,0.124,0.541,1,318,seasonal,"location/name/facility_level/bed_class=REAL (MIMU 2020); population_served=derived from real bed_class; health rates/stock/road_risk=PLACEHOLDER, centered using real bed_class as a rurality proxy (not literal DHS/MICS data)"
CL-0027,Zee Kone Station Hospital,ဇီးကုန်းတိုက်နယ်ဆေးရုံ,Station,16,MMR005,Sagaing,MMR005D010,Kanbalu,MMR005007,Kanbalu,high confidence,22.92754300000007,95.56667900000008,0.234,0.132,0.591,6,427,seasonal,"location/name/facility_level/bed_class=REAL (MIMU 2020); population_served=derived from real bed_class; health rates/stock/road_risk=PLACEHOLDER, centered using real bed_class as a rurality proxy (not literal DHS/MICS data)"
CL-0028,Kyunhla Township Hospital,ကျွန်းလှမြို့နယ်ဆေးရုံ,Township,50,MMR005,Sagaing,MMR005D010,Kanbalu,MMR005008,Kyunhla,high confidence,23.329175000000077,95.53902100000005,0.191,0.252,0.645,12,805,conflict_restricted,"location/name/facility_level/bed_class=REAL (MIMU 2020); population_served=derived from real bed_class; health rates/stock/road_risk=PLACEHOLDER, centered using real bed_class as a rurality proxy (not literal DHS/MICS data)"
CL-0029,Ywar Kone Gyi Station Hospital,ရွာကုန်းကြီးတိုက်နယ်ဆေးရုံ,Station,16,MMR005,Sagaing,MMR005D010,Kanbalu,MMR005008,Kyunhla,high confidence,23.620855000000063,95.33559500000007,0.257,0.094,0.531,1,302,seasonal,"location/name/facility_level/bed_class=REAL (MIMU 2020); population_served=derived from real bed_class; health rates/stock/road_risk=PLACEHOLDER, centered using real bed_class as a rurality proxy (not literal DHS/MICS data)"
CL-0030,Pay Pin Chaung Station Hospital,ပေပင်ချောင်းတိုက်နယ်ဆေးရုံ,Station,16,MMR005,Sagaing,MMR005D010,Kanbalu,MMR005008,Kyunhla,high confidence,23.472856000000036,95.10050100000007,0.232,0.05,0.551,9,513,conflict_restricted,"location/name/facility_level/bed_class=REAL (MIMU 2020); population_served=derived from real bed_class; health rates/stock/road_risk=PLACEHOLDER, centered using real bed_class as a rurality proxy (not literal DHS/MICS data)"
CL-0031,Ka Ni Station Hospital,ညောင်ကိုင်းတိုက်နယ်ဆေးရုံ,Station,16,MMR005,Sagaing,MMR005D010,Kanbalu,MMR005008,Kyunhla,high confidence,23.26824300000004,95.28340600000007,0.296,0.253,0.429,14,538,conflict_restricted,"location/name/facility_level/bed_class=REAL (MIMU 2020); population_served=derived from real bed_class; health rates/stock/road_risk=PLACEHOLDER, centered using real bed_class as a rurality proxy (not literal DHS/MICS data)"
CL-0032,Yae Shin Station Hospital,ရေရှင်တိုက်နယ်ဆေးရုံ,Station,16,MMR005,Sagaing,MMR005D010,Kanbalu,MMR005008,Kyunhla,high confidence,23.71947300000005,95.10439400000007,0.231,0.309,0.503,28,627,seasonal,"location/name/facility_level/bed_class=REAL (MIMU 2020); population_served=derived from real bed_class; health rates/stock/road_risk=PLACEHOLDER, centered using real bed_class as a rurality proxy (not literal DHS/MICS data)"
CL-0033,Koku Station Hospital,ကုက္ကိုလ်ကုန်းတိုက်နယ်ဆေးရုံ,Station,16,MMR005,Sagaing,MMR005D010,Kanbalu,MMR005008,Kyunhla,high confidence,23.44239200000004,95.50254500000005,0.093,0.132,0.575,2,370,seasonal,"location/name/facility_level/bed_class=REAL (MIMU 2020); population_served=derived from real bed_class; health rates/stock/road_risk=PLACEHOLDER, centered using real bed_class as a rurality proxy (not literal DHS/MICS data)"
CL-0034,Ye-U Township Hospital,ရေဦးမြို့နယ်ဆေးရုံ,Township,100,MMR005,Sagaing,MMR005D002,Shwebo,MMR005009,Ye-U,high confidence,22.75674900000007,95.42929200000003,0.22,0.074,0.621,17,2426,seasonal,"location/name/facility_level/bed_class=REAL (MIMU 2020); population_served=derived from real bed_class; health rates/stock/road_risk=PLACEHOLDER, centered using real bed_class as a rurality proxy (not literal DHS/MICS data)"
CL-0035,Ta Mar Taw Station Hospital,တမာတောတိုက်နယ်ဆေးရုံ,Station,25,MMR005,Sagaing,MMR005D002,Shwebo,MMR005009,Ye-U,high confidence,22.842892000000063,95.26252200000005,0.121,0.141,0.53,27,668,conflict_restricted,"location/name/facility_level/bed_class=REAL (MIMU 2020); population_served=derived from real bed_class; health rates/stock/road_risk=PLACEHOLDER, centered using real bed_class as a rurality proxy (not literal DHS/MICS data)"
CL-0036,Pa Lu Za Wa Station Hospital,ပလူဇဝတိုက်နယ်ဆေးရုံ,Station,25,MMR005,Sagaing,MMR005D002,Shwebo,MMR005009,Ye-U,high confidence,22.880062000000066,94.85333400000007,0.16,0.143,0.577,24,493,seasonal,"location/name/facility_level/bed_class=REAL (MIMU 2020); population_served=derived from real bed_class; health rates/stock/road_risk=PLACEHOLDER, centered using real bed_class as a rurality proxy (not literal DHS/MICS data)"
CL-0037,Tabayin Township Hospital,ဒီပဲယင်းမြို့နယ်ဆေးရုံ,Township,25,MMR005,Sagaing,MMR005D002,Shwebo,MMR005010,Tabayin,high confidence,22.679699000000028,95.31458600000008,0.282,0.149,0.549,27,456,seasonal,"location/name/facility_level/bed_class=REAL (MIMU 2020); population_served=derived from real bed_class; health rates/stock/road_risk=PLACEHOLDER, centered using real bed_class as a rurality proxy (not literal DHS/MICS data)"
CL-0038,Mukangyi Station Hospital,မူးကမ်းတိုက်နယ်ဆေးရုံ,Station,16,MMR005,Sagaing,MMR005D002,Shwebo,MMR005010,Tabayin,high confidence,22.512973000000045,95.48516700000005,0.225,0.09,0.594,5,430,conflict_restricted,"location/name/facility_level/bed_class=REAL (MIMU 2020); population_served=derived from real bed_class; health rates/stock/road_risk=PLACEHOLDER, centered using real bed_class as a rurality proxy (not literal DHS/MICS data)"
CL-0039,Saing Pyin Station Hospital,စိုင်ပြင်တိုက်နယ်ဆေးရုံ,Station,16,MMR005,Sagaing,MMR005D002,Shwebo,MMR005010,Tabayin,high confidence,22.573975000000075,95.24212000000006,0.145,0.191,0.53,24,331,conflict_restricted,"location/name/facility_level/bed_class=REAL (MIMU 2020); population_served=derived from real bed_class; health rates/stock/road_risk=PLACEHOLDER, centered using real bed_class as a rurality proxy (not literal DHS/MICS data)"
CL-0040,Nyaung Hla Station Hospital,ညောင်လှတိုက်နယ်ဆေးရုံ,Station,16,MMR005,Sagaing,MMR005D002,Shwebo,MMR005010,Tabayin,high confidence,22.654329000000075,95.41705300000007,0.126,0.188,0.485,29,508,seasonal,"location/name/facility_level/bed_class=REAL (MIMU 2020); population_served=derived from real bed_class; health rates/stock/road_risk=PLACEHOLDER, centered using real bed_class as a rurality proxy (not literal DHS/MICS data)"
CL-0041,Sone Kone Station Hospital,ဆုံကုန်းတိုက်နယ်ဆေးရုံ,Station,16,MMR005,Sagaing,MMR005D002,Shwebo,MMR005010,Tabayin,bestGuess,22.719641000000024,94.97131300000007,0.189,0.067,0.533,9,415,seasonal,"location/name/facility_level/bed_class=REAL (MIMU 2020); population_served=derived from real bed_class; health rates/stock/road_risk=PLACEHOLDER, centered using real bed_class as a rurality proxy (not literal DHS/MICS data)"
CL-0042,Taze Township Hospital,တန့်ဆည်မြို့နယ်ဆေးရုံ,Township,25,MMR005,Sagaing,MMR005D002,Shwebo,MMR005011,Taze,high confidence,22.945396000000073,95.39658300000008,0.118,0.202,0.31,14,895,seasonal,"location/name/facility_level/bed_class=REAL (MIMU 2020); population_served=derived from real bed_class; health rates/stock/road_risk=PLACEHOLDER, centered using real bed_class as a rurality proxy (not literal DHS/MICS data)"
CL-0043,Na Bet Gyi Station Hospital,နဘက်ကြီးတိုက်နယ်ဆေးရုံ,Station,16,MMR005,Sagaing,MMR005D002,Shwebo,MMR005011,Taze,high confidence,23.014579000000026,95.36104100000006,0.147,0.28,0.536,15,520,seasonal,"location/name/facility_level/bed_class=REAL (MIMU 2020); population_served=derived from real bed_class; health rates/stock/road_risk=PLACEHOLDER, centered using real bed_class as a rurality proxy (not literal DHS/MICS data)"
CL-0044,Ywar Shey (North) Station Hospital,ရွာရှည်(မြောက်)တိုက်နယ်ဆေးရုံ,Station,16,MMR005,Sagaing,MMR005D002,Shwebo,MMR005011,Taze,high confidence,23.10742700000003,95.33674500000006,0.206,0.167,0.3,14,365,seasonal,"location/name/facility_level/bed_class=REAL (MIMU 2020); population_served=derived from real bed_class; health rates/stock/road_risk=PLACEHOLDER, centered using real bed_class as a rurality proxy (not literal DHS/MICS data)"
CL-0045,Kan Htu Ma Station Hospital,ကံထူးမစံပြတိုက်နယ်ဆေးရုံ,Station,16,MMR005,Sagaing,MMR005D002,Shwebo,MMR005011,Taze,high confidence,22.934393000000057,95.22927300000003,0.256,0.136,0.389,8,573,seasonal,"location/name/facility_level/bed_class=REAL (MIMU 2020); population_served=derived from real bed_class; health rates/stock/road_risk=PLACEHOLDER, centered using real bed_class as a rurality proxy (not literal DHS/MICS data)"
CL-0046,Sein Nan Station Hospital,စိန်နန်းတိုက်နယ်ဆေးရုံ,Station,16,MMR005,Sagaing,MMR005D002,Shwebo,MMR005011,Taze,high confidence,23.235808000000077,95.02939400000008,0.224,0.148,0.541,29,562,conflict_restricted,"location/name/facility_level/bed_class=REAL (MIMU 2020); population_served=derived from real bed_class; health rates/stock/road_risk=PLACEHOLDER, centered using real bed_class as a rurality proxy (not literal DHS/MICS data)"
CL-0047,Monywa General Hospital,မုံရွာပြည်သူ့ဆေးရုံကြီး,General,500,MMR005,Sagaing,MMR005D003,Monywa,MMR005012,Monywa,high confidence,22.11999000000003,95.13035000000008,0.263,0.387,0.833,28,12343,seasonal,"location/name/facility_level/bed_class=REAL (MIMU 2020); population_served=derived from real bed_class; health rates/stock/road_risk=PLACEHOLDER, centered using real bed_class as a rurality proxy (not literal DHS/MICS data)"
CL-0048,Nyaung Gyi Inn Station Hospital,ညောင်ဖြူပင်တိုက်နယ်ဆေးရုံ,Station,16,MMR005,Sagaing,MMR005D003,Monywa,MMR005012,Monywa,high confidence,22.006692000000044,95.18523900000008,0.205,0.053,0.428,11,355,conflict_restricted,"location/name/facility_level/bed_class=REAL (MIMU 2020); population_served=derived from real bed_class; health rates/stock/road_risk=PLACEHOLDER, centered using real bed_class as a rurality proxy (not literal DHS/MICS data)"
CL-0049,TharSi Station Hospital,သာစည်တိုက်နယ်ဆေးရုံ,Station,16,MMR005,Sagaing,MMR005D003,Monywa,MMR005012,Monywa,bestGuess,22.22058000000004,95.25458000000003,0.191,0.166,0.46,24,513,seasonal,"location/name/facility_level/bed_class=REAL (MIMU 2020); population_served=derived from real bed_class; health rates/stock/road_risk=PLACEHOLDER, centered using real bed_class as a rurality proxy (not literal DHS/MICS data)"
CL-0050,Monywa University Hospital,မုံရွာတက္ကသိုလ်ဆေးရုံ,NA,NA,MMR006,Sagaing,MMR005D004,Monywa,MMR005013,Monywa,high confidence,22.13984800000003,95.16825800000004,0.212,0.133,0.606,11,296,conflict_restricted,"location/name/facility_level/bed_class=REAL (MIMU 2020); population_served=derived from real bed_class; health rates/stock/road_risk=PLACEHOLDER, centered using real bed_class as a rurality proxy (not literal DHS/MICS data)"
CL-0051,Budalin Township Hospital,ဘုတလင်မြို့နယ်ဆေးရုံ,Township,50,MMR005,Sagaing,MMR005D003,Monywa,MMR005013,Budalin,high confidence,22.386066000000028,95.14079900000007,0.299,0.281,0.496,23,1000,conflict_restricted,"location/name/facility_level/bed_class=REAL (MIMU 2020); population_served=derived from real bed_class; health rates/stock/road_risk=PLACEHOLDER, centered using real bed_class as a rurality proxy (not literal DHS/MICS data)"
CL-0052,Maung Htaung Station Hospital,မောင်းတောင်တိုက်နယ်ဆေးရုံ,Station,16,MMR005,Sagaing,MMR005D003,Monywa,MMR005013,Budalin,high confidence,22.488657000000046,95.06991600000003,0.063,0.146,0.667,17,243,conflict_restricted,"location/name/facility_level/bed_class=REAL (MIMU 2020); population_served=derived from real bed_class; health rates/stock/road_risk=PLACEHOLDER, centered using real bed_class as a rurality proxy (not literal DHS/MICS data)"
CL-0053,Tha Khut Ta Nei Station Hospital,သခွတ္တနယ်တိုက်နယ်ဆေးရုံ,Station,16,MMR005,Sagaing,MMR005D003,Monywa,MMR005013,Budalin,high confidence,22.462144000000023,94.97261800000007,0.152,0.256,0.509,14,555,conflict_restricted,"location/name/facility_level/bed_class=REAL (MIMU 2020); population_served=derived from real bed_class; health rates/stock/road_risk=PLACEHOLDER, centered using real bed_class as a rurality proxy (not literal DHS/MICS data)"
CL-0054,Ayadaw Township Hospital,အရာတော်မြို့နယ်ဆေးရုံ,Township,25,MMR005,Sagaing,MMR005D003,Monywa,MMR005014,Ayadaw,high confidence,22.283416000000045,95.44732400000004,0.226,0.094,0.544,3,791,seasonal,"location/name/facility_level/bed_class=REAL (MIMU 2020); population_served=derived from real bed_class; health rates/stock/road_risk=PLACEHOLDER, centered using real bed_class as a rurality proxy (not literal DHS/MICS data)"
CL-0055,Naung Gyi Aing Station Hospital,နောင်ကြီးအိုင်တိုက်နယ်ဆေးရုံ,Station,16,MMR005,Sagaing,MMR005D003,Monywa,MMR005014,Ayadaw,high confidence,22.422747000000072,95.37473800000004,0.092,0.192,0.623,19,522,seasonal,"location/name/facility_level/bed_class=REAL (MIMU 2020); population_served=derived from real bed_class; health rates/stock/road_risk=PLACEHOLDER, centered using real bed_class as a rurality proxy (not literal DHS/MICS data)"
CL-0056,Ma Le Thar Station Hospital,မလဲသာတိုက်နယ်ဆေးရုံ,Station,16,MMR005,Sagaing,MMR005D003,Monywa,MMR005014,Ayadaw,high confidence,22.11361800000003,95.45145300000007,0.276,0.176,0.519,9,552,seasonal,"location/name/facility_level/bed_class=REAL (MIMU 2020); population_served=derived from real bed_class; health rates/stock/road_risk=PLACEHOLDER, centered using real bed_class as a rurality proxy (not literal DHS/MICS data)"
CL-0057,Chaung-U Township Hospital,ချောင်ဦးမြို့နယ်ဆေးရုံ,Township,25,MMR005,Sagaing,MMR005D003,Monywa,MMR005015,Chaung-U,high confidence,21.95805000000007,95.27795000000003,0.213,0.108,0.445,6,662,seasonal,"location/name/facility_level/bed_class=REAL (MIMU 2020); population_served=derived from real bed_class; health rates/stock/road_risk=PLACEHOLDER, centered using real bed_class as a rurality proxy (not literal DHS/MICS data)"
CL-0058,Ah Myint Station Hospital,အမြင့်တိုက်နယ်ဆေးရုံ,Station,16,MMR005,Sagaing,MMR005D003,Monywa,MMR005015,Chaung-U,high confidence,21.922765000000027,95.15137000000004,0.238,0.167,0.502,5,467,conflict_restricted,"location/name/facility_level/bed_class=REAL (MIMU 2020); population_served=derived from real bed_class; health rates/stock/road_risk=PLACEHOLDER, centered using real bed_class as a rurality proxy (not literal DHS/MICS data)"
CL-0059,Thone Pan Hla Station Hospital,သုံးပန်လှတိုက်နယ်ဆေးရုံ,Station,16,MMR005,Sagaing,MMR005D003,Monywa,MMR005015,Chaung-U,high confidence,21.82354900000007,95.17830000000004,0.153,0.229,0.507,29,296,seasonal,"location/name/facility_level/bed_class=REAL (MIMU 2020); population_served=derived from real bed_class; health rates/stock/road_risk=PLACEHOLDER, centered using real bed_class as a rurality proxy (not literal DHS/MICS data)"
CL-0060,Yinmarbin Township Hospital,ယင်းမာပင်မြို့နယ်ဆေးရုံ,Township,50,MMR005,Sagaing,MMR005D009,Yinmarbin,MMR005016,Yinmarbin,high confidence,22.077761000000066,94.89846100000005,0.251,0.151,0.434,3,893,conflict_restricted,"location/name/facility_level/bed_class=REAL (MIMU 2020); population_served=derived from real bed_class; health rates/stock/road_risk=PLACEHOLDER, centered using real bed_class as a rurality proxy (not literal DHS/MICS data)"
CL-0061,Ka Paing Station Hospital,ကာပိုင်တိုက်နယ်ဆေးရုံ,Station,16,MMR005,Sagaing,MMR005D009,Yinmarbin,MMR005016,Yinmarbin,high confidence,22.21167200000008,94.67756000000008,0.251,0.055,0.492,23,507,seasonal,"location/name/facility_level/bed_class=REAL (MIMU 2020); population_served=derived from real bed_class; health rates/stock/road_risk=PLACEHOLDER, centered using real bed_class as a rurality proxy (not literal DHS/MICS data)"
CL-0062,Nyaung Kaing Station Hospital,ညောင်ကိုင်းတိုက်နယ်ဆေးရုံ,Station,16,MMR005,Sagaing,MMR005D009,Yinmarbin,MMR005016,Yinmarbin,high confidence,22.210937000000058,94.77830500000005,0.201,0.155,0.458,25,428,seasonal,"location/name/facility_level/bed_class=REAL (MIMU 2020); population_served=derived from real bed_class; health rates/stock/road_risk=PLACEHOLDER, centered using real bed_class as a rurality proxy (not literal DHS/MICS data)"
CL-0063,Kani Township Hospital,ကနီမြို့နယ်ဆေးရုံ,Township,25,MMR005,Sagaing,MMR005D009,Yinmarbin,MMR005017,Kani,high confidence,22.434513000000038,94.84755500000006,0.205,0.106,0.58,0,728,seasonal,"location/name/facility_level/bed_class=REAL (MIMU 2020); population_served=derived from real bed_class; health rates/stock/road_risk=PLACEHOLDER, centered using real bed_class as a rurality proxy (not literal DHS/MICS data)"
CL-0064,Win Ma Nar Station Hospital,ဝင်းမနားတိုက်နယ်ဆေးရုံ,Station,16,MMR005,Sagaing,MMR005D009,Yinmarbin,MMR005017,Kani,high confidence,22.599924000000044,94.87256500000007,0.203,0.136,0.512,17,546,conflict_restricted,"location/name/facility_level/bed_class=REAL (MIMU 2020); population_served=derived from real bed_class; health rates/stock/road_risk=PLACEHOLDER, centered using real bed_class as a rurality proxy (not literal DHS/MICS data)"
CL-0065,Kin Station Hospital,ကင်းတိုက်နယ်ဆေးရုံ,Station,16,MMR005,Sagaing,MMR005D009,Yinmarbin,MMR005017,Kani,high confidence,22.770639000000074,94.69205600000004,0.135,0.152,0.49,17,494,conflict_restricted,"location/name/facility_level/bed_class=REAL (MIMU 2020); population_served=derived from real bed_class; health rates/stock/road_risk=PLACEHOLDER, centered using real bed_class as a rurality proxy (not literal DHS/MICS data)"
CL-0066,Thayet Pin Station Hospital,သရက်ပင်တိုက်နယ်ဆေးရုံ,Station,16,MMR005,Sagaing,MMR005D009,Yinmarbin,MMR005017,Kani,high confidence,22.38485600000007,94.95870700000006,0.178,0.054,0.502,10,461,seasonal,"location/name/facility_level/bed_class=REAL (MIMU 2020); population_served=derived from real bed_class; health rates/stock/road_risk=PLACEHOLDER, centered using real bed_class as a rurality proxy (not literal DHS/MICS data)"
CL-0067,Salingyi Township Hospital,ဆားလင်းကြီးမြို့နယ်ဆေးရုံ,Township,25,MMR005,Sagaing,MMR005D009,Yinmarbin,MMR005018,Salingyi,high confidence,21.97056200000003,95.08057600000006,0.182,0.063,0.531,20,725,seasonal,"location/name/facility_level/bed_class=REAL (MIMU 2020); population_served=derived from real bed_class; health rates/stock/road_risk=PLACEHOLDER, centered using real bed_class as a rurality proxy (not literal DHS/MICS data)"
CL-0068,Kyar Tet Station Hospital,ကျားတက်တိုက်နယ်ဆေးရုံ,Station,16,MMR005,Sagaing,MMR005D009,Yinmarbin,MMR005018,Salingyi,high confidence,21.846780000000024,94.93815000000006,0.21,0.185,0.553,12,362,conflict_restricted,"location/name/facility_level/bed_class=REAL (MIMU 2020); population_served=derived from real bed_class; health rates/stock/road_risk=PLACEHOLDER, centered using real bed_class as a rurality proxy (not literal DHS/MICS data)"
CL-0069,Kan Kone Station Hospital,ကန်ကုန်းတိုက်နယ်ဆေးရုံ,Station,16,MMR005,Sagaing,MMR005D009,Yinmarbin,MMR005018,Salingyi,bestGuess,22.128750000000025,95.06725000000006,0.247,0.125,0.44,13,252,seasonal,"location/name/facility_level/bed_class=REAL (MIMU 2020); population_served=derived from real bed_class; health rates/stock/road_risk=PLACEHOLDER, centered using real bed_class as a rurality proxy (not literal DHS/MICS data)"
CL-0070,Ma Taunt Ta Station Hospital,မတောင့်တတိုက်နယ်ဆေးရုံ,Station,16,MMR005,Sagaing,MMR005D009,Yinmarbin,MMR005018,Salingyi,bestGuess,22.01842000000005,94.95246000000009,0.124,0.05,0.437,12,415,conflict_restricted,"location/name/facility_level/bed_class=REAL (MIMU 2020); population_served=derived from real bed_class; health rates/stock/road_risk=PLACEHOLDER, centered using real bed_class as a rurality proxy (not literal DHS/MICS data)"
CL-0071,Pale Township Hospital,ပုလဲမြို့နယ်ဆေးရုံ,Township,25,MMR005,Sagaing,MMR005D009,Yinmarbin,MMR005019,Pale,high confidence,21.933043000000055,94.87847200000004,0.183,0.207,0.592,24,509,seasonal,"location/name/facility_level/bed_class=REAL (MIMU 2020); population_served=derived from real bed_class; health rates/stock/road_risk=PLACEHOLDER, centered using real bed_class as a rurality proxy (not literal DHS/MICS data)"
CL-0072,Wet Kya Station Hospital,ဝက်ကျတိုက်နယ်ဆေးရုံ,Station,16,MMR005,Sagaing,MMR005D009,Yinmarbin,MMR005019,Pale,high confidence,21.978715000000022,94.48404300000004,0.276,0.173,0.481,18,403,seasonal,"location/name/facility_level/bed_class=REAL (MIMU 2020); population_served=derived from real bed_class; health rates/stock/road_risk=PLACEHOLDER, centered using real bed_class as a rurality proxy (not literal DHS/MICS data)"
CL-0073,Chin Pyit Kyin Station Hospital,ချင်ပြစ်တိုက်နယ်ဆေးရုံ,Station,16,MMR005,Sagaing,MMR005D009,Yinmarbin,MMR005019,Pale,bestGuess,21.95509000000004,94.66536000000008,0.142,0.114,0.41,11,581,seasonal,"location/name/facility_level/bed_class=REAL (MIMU 2020); population_served=derived from real bed_class; health rates/stock/road_risk=PLACEHOLDER, centered using real bed_class as a rurality proxy (not literal DHS/MICS data)"
CL-0074,Katha General Hospital,ကသာပြည်သူ့ဆေးရုံ,General,100,MMR005,Sagaing,MMR005D004,Katha,MMR005020,Katha,high confidence,24.181681000000026,96.34095800000006,0.175,0.111,0.591,27,2085,seasonal,"location/name/facility_level/bed_class=REAL (MIMU 2020); population_served=derived from real bed_class; health rates/stock/road_risk=PLACEHOLDER, centered using real bed_class as a rurality proxy (not literal DHS/MICS data)"
CL-0075,Inn Station Hospital,အင်းရွာတိုက်နယ်ဆေးရုံ,Station,16,MMR005,Sagaing,MMR005D004,Katha,MMR005020,Katha,high confidence,23.940278000000035,96.28835900000007,0.199,0.207,0.542,24,263,seasonal,"location/name/facility_level/bed_class=REAL (MIMU 2020); population_served=derived from real bed_class; health rates/stock/road_risk=PLACEHOLDER, centered using real bed_class as a rurality proxy (not literal DHS/MICS data)"
CL-0076,Moe Dar Lay Station Hospital,မိုးဒါးလေးတိုက်နယ်ဆေးရုံ,Station,16,MMR005,Sagaing,MMR005D004,Katha,MMR005020,Katha,high confidence,24.310442000000023,96.50940200000008,0.238,0.177,0.402,27,353,seasonal,"location/name/facility_level/bed_class=REAL (MIMU 2020); population_served=derived from real bed_class; health rates/stock/road_risk=PLACEHOLDER, centered using real bed_class as a rurality proxy (not literal DHS/MICS data)"
CL-0077,Inn Gyi Station Hospital,အင်းကြီးတိုက်နယ်ဆေးရုံ,Station,16,MMR005,Sagaing,MMR005D004,Katha,MMR005020,Katha,high confidence,23.796625000000063,96.52438800000004,0.188,0.299,0.526,21,357,conflict_restricted,"location/name/facility_level/bed_class=REAL (MIMU 2020); population_served=derived from real bed_class; health rates/stock/road_risk=PLACEHOLDER, centered using real bed_class as a rurality proxy (not literal DHS/MICS data)"
CL-0078,Wet Tu Station Hospital,ဝက်တူးတိုက်နယ်ဆေးရုံ,Station,16,MMR005,Sagaing,MMR005D004,Katha,MMR005020,Katha,high confidence,23.97097700000006,96.37476900000007,0.267,0.182,0.561,11,505,seasonal,"location/name/facility_level/bed_class=REAL (MIMU 2020); population_served=derived from real bed_class; health rates/stock/road_risk=PLACEHOLDER, centered using real bed_class as a rurality proxy (not literal DHS/MICS data)"
CL-0079,Kyauk Htone Gyi Station Hospital,ကျောက်ထုံးကြီးတိုက်နယ်ဆေးရုံ,Station,16,MMR005,Sagaing,MMR005D004,Katha,MMR005020,Katha,high confidence,24.220952000000068,96.43084800000008,0.238,0.18,0.536,23,463,seasonal,"location/name/facility_level/bed_class=REAL (MIMU 2020); population_served=derived from real bed_class; health rates/stock/road_risk=PLACEHOLDER, centered using real bed_class as a rurality proxy (not literal DHS/MICS data)"
CL-0080,Indaw Township Hospital,အင်းတော်မြို့နယ်ဆေးရုံ,Township,25,MMR005,Sagaing,MMR005D004,Katha,MMR005021,Indaw,high confidence,24.217346000000077,96.13617200000004,0.242,0.15,0.559,9,865,seasonal,"location/name/facility_level/bed_class=REAL (MIMU 2020); population_served=derived from real bed_class; health rates/stock/road_risk=PLACEHOLDER, centered using real bed_class as a rurality proxy (not literal DHS/MICS data)"
CL-0081,Mawlu Station Hospital,မော်လူးတိုက်နယ်ဆေးရုံ,Station,16,MMR005,Sagaing,MMR005D004,Katha,MMR005021,Indaw,high confidence,24.47356300000007,96.18345700000003,0.22,0.205,0.411,8,506,seasonal,"location/name/facility_level/bed_class=REAL (MIMU 2020); population_served=derived from real bed_class; health rates/stock/road_risk=PLACEHOLDER, centered using real bed_class as a rurality proxy (not literal DHS/MICS data)"
CL-0082,Me Zar Station Hospital,မဲဇာတိုက်နယ်ဆေးရုံ,Station,15,MMR005,Sagaing,MMR005D004,Katha,MMR005021,Indaw,high confidence,24.13286400000004,96.04195100000004,0.326,0.194,0.532,13,377,seasonal,"location/name/facility_level/bed_class=REAL (MIMU 2020); population_served=derived from real bed_class; health rates/stock/road_risk=PLACEHOLDER, centered using real bed_class as a rurality proxy (not literal DHS/MICS data)"
CL-0083,Tigyaing Township Hospital,ထီးချိုင့်မြို့နယ်ဆေးရုံ,Township,50,MMR005,Sagaing,MMR005D004,Katha,MMR005022,Tigyaing,high confidence,23.754721000000075,96.15023300000007,0.19,0.245,0.509,29,1768,seasonal,"location/name/facility_level/bed_class=REAL (MIMU 2020); population_served=derived from real bed_class; health rates/stock/road_risk=PLACEHOLDER, centered using real bed_class as a rurality proxy (not literal DHS/MICS data)"
CL-0084,Ah Lel Taw Station Hospital,အလယ်တောတိုက်နယ်ဆေးရုံ,Station,16,MMR005,Sagaing,MMR005D004,Katha,MMR005022,Tigyaing,high confidence,23.87139200000007,96.11535800000007,0.067,0.125,0.476,17,307,conflict_restricted,"location/name/facility_level/bed_class=REAL (MIMU 2020); population_served=derived from real bed_class; health rates/stock/road_risk=PLACEHOLDER, centered using real bed_class as a rurality proxy (not literal DHS/MICS data)"
CL-0085,Mya Taung Station Hospital,မြတောင်ဆေးရုံ,Station,25,MMR005,Sagaing,MMR005D004,Katha,MMR005022,Tigyaing,high confidence,23.72548800000004,96.15896200000003,0.287,0.134,0.576,11,389,seasonal,"location/name/facility_level/bed_class=REAL (MIMU 2020); population_served=derived from real bed_class; health rates/stock/road_risk=PLACEHOLDER, centered using real bed_class as a rurality proxy (not literal DHS/MICS data)"
CL-0086,Nyaung Pin Thar Station Hospital,ညောင်ပင်သာတိုက်နယ်ဆေးရုံ,Station,16,MMR005,Sagaing,MMR005D004,Katha,MMR005022,Tigyaing,high confidence,23.68045500000005,96.08312800000004,0.16,0.128,0.613,13,276,conflict_restricted,"location/name/facility_level/bed_class=REAL (MIMU 2020); population_served=derived from real bed_class; health rates/stock/road_risk=PLACEHOLDER, centered using real bed_class as a rurality proxy (not literal DHS/MICS data)"
CL-0087,Kyet Ta Kaung Station Hospital,ကြက်တကောင်တိုက်နယ်ဆေးရုံ,Station,16,MMR005,Sagaing,MMR005D004,Katha,MMR005022,Tigyaing,high confidence,23.871932000000072,96.27920300000005,0.194,0.204,0.635,8,529,seasonal,"location/name/facility_level/bed_class=REAL (MIMU 2020); population_served=derived from real bed_class; health rates/stock/road_risk=PLACEHOLDER, centered using real bed_class as a rurality proxy (not literal DHS/MICS data)"
CL-0088,Kan Ni Station Hospital,ကမ်းနီတိုက်နယ်ဆေးရုံ,Station,16,MMR005,Sagaing,MMR005D004,Katha,MMR005022,Tigyaing,high confidence,23.81548900000007,96.24119300000007,0.266,0.246,0.602,19,425,conflict_restricted,"location/name/facility_level/bed_class=REAL (MIMU 2020); population_served=derived from real bed_class; health rates/stock/road_risk=PLACEHOLDER, centered using real bed_class as a rurality proxy (not literal DHS/MICS data)"
CL-0089,Banmauk Township Hospital,ဗန်းမောက်မြို့နယ်ဆေးရုံ,Township,25,MMR005,Sagaing,MMR005D004,Katha,MMR005023,Banmauk,high confidence,24.400416000000064,95.85617800000006,0.095,0.132,0.507,10,476,seasonal,"location/name/facility_level/bed_class=REAL (MIMU 2020); population_served=derived from real bed_class; health rates/stock/road_risk=PLACEHOLDER, centered using real bed_class as a rurality proxy (not literal DHS/MICS data)"
CL-0090,Kyaung Lel Station Hospital,ကြောင်လည်တိုက်နယ်ဆေးရုံ,Station,16,MMR005,Sagaing,MMR005D004,Katha,MMR005023,Banmauk,high confidence,24.523288000000036,95.64420700000005,0.112,0.131,0.534,16,440,seasonal,"location/name/facility_level/bed_class=REAL (MIMU 2020); population_served=derived from real bed_class; health rates/stock/road_risk=PLACEHOLDER, centered using real bed_class as a rurality proxy (not literal DHS/MICS data)"
CL-0091,Man Si Gyi Station Hospital,မံစီကြီးတိုက်နယ်ဆေးရုံ,Station,16,MMR005,Sagaing,MMR005D004,Katha,MMR005023,Banmauk,high confidence,24.673238000000026,95.72905400000008,0.091,0.175,0.563,11,301,conflict_restricted,"location/name/facility_level/bed_class=REAL (MIMU 2020); population_served=derived from real bed_class; health rates/stock/road_risk=PLACEHOLDER, centered using real bed_class as a rurality proxy (not literal DHS/MICS data)"
CL-0092,Kawlin Township Hospital,ကောလင်းမြို့နယ်ဆေးရုံ,Township,50,MMR005,Sagaing,MMR005D011,Kawlin,MMR005024,Kawlin,high confidence,23.79314400000004,95.68358400000005,0.154,0.155,0.538,9,1620,conflict_restricted,"location/name/facility_level/bed_class=REAL (MIMU 2020); population_served=derived from real bed_class; health rates/stock/road_risk=PLACEHOLDER, centered using real bed_class as a rurality proxy (not literal DHS/MICS data)"
CL-0093,Chaung Nar Station Hospital,ချောင်းနားတိုက်နယ်ဆေးရုံ,Station,16,MMR005,Sagaing,MMR005D011,Kawlin,MMR005024,Kawlin,high confidence,23.656890000000033,95.43651500000004,0.213,0.214,0.519,29,418,conflict_restricted,"location/name/facility_level/bed_class=REAL (MIMU 2020); population_served=derived from real bed_class; health rates/stock/road_risk=PLACEHOLDER, centered using real bed_class as a rurality proxy (not literal DHS/MICS data)"
CL-0094,Khan Thar (Min Kone) Station Hospital,ခံသာတိုက်နယ်ဆေးရုံ,Station,16,MMR005,Sagaing,MMR005D011,Kawlin,MMR005024,Kawlin,high confidence,23.78251400000005,95.89232700000008,0.218,0.05,0.567,10,392,seasonal,"location/name/facility_level/bed_class=REAL (MIMU 2020); population_served=derived from real bed_class; health rates/stock/road_risk=PLACEHOLDER, centered using real bed_class as a rurality proxy (not literal DHS/MICS data)"
CL-0095,Koke Ko Kone Station Hospital,ကုက္ကိုလ်ကုန်းတိုက်နယ်ဆေးရုံ,Station,16,MMR005,Sagaing,MMR005D011,Kawlin,MMR005024,Kawlin,high confidence,23.67248900000004,95.85284000000007,0.204,0.107,0.505,2,361,conflict_restricted,"location/name/facility_level/bed_class=REAL (MIMU 2020); population_served=derived from real bed_class; health rates/stock/road_risk=PLACEHOLDER, centered using real bed_class as a rurality proxy (not literal DHS/MICS data)"
CL-0096,Wuntho Township Hospital,ဝန်းသိုမြို့နယ်ဆေးရုံ,Township,25,MMR005,Sagaing,MMR005D011,Kawlin,MMR005025,Wuntho,high confidence,23.89976800000005,95.68354200000005,0.106,0.113,0.464,11,769,conflict_restricted,"location/name/facility_level/bed_class=REAL (MIMU 2020); population_served=derived from real bed_class; health rates/stock/road_risk=PLACEHOLDER, centered using real bed_class as a rurality proxy (not literal DHS/MICS data)"
CL-0097,Gyo Taung Station Hospital,ဂျိုတောင်တိုက်နယ်ဆေးရုံ,Station,16,MMR005,Sagaing,MMR005D011,Kawlin,MMR005025,Wuntho,high confidence,23.94562300000007,95.79949000000005,0.05,0.05,0.481,15,385,conflict_restricted,"location/name/facility_level/bed_class=REAL (MIMU 2020); population_served=derived from real bed_class; health rates/stock/road_risk=PLACEHOLDER, centered using real bed_class as a rurality proxy (not literal DHS/MICS data)"
CL-0098,Nan Khan Station Hospital,နမ့်ခမ်းတိုက်နယ်ဆေးရုံ,Station,16,MMR005,Sagaing,MMR005D011,Kawlin,MMR005025,Wuntho,high confidence,23.99778200000003,95.89382200000006,0.19,0.099,0.554,2,275,seasonal,"location/name/facility_level/bed_class=REAL (MIMU 2020); population_served=derived from real bed_class; health rates/stock/road_risk=PLACEHOLDER, centered using real bed_class as a rurality proxy (not literal DHS/MICS data)"
CL-0099,Pinlebu Township Hospital,ပင်လည်ဘူးမြို့နယ်ဆေးရုံ,Township,25,MMR005,Sagaing,MMR005D011,Kawlin,MMR005026,Pinlebu,high confidence,24.08096100000006,95.37021300000004,0.163,0.105,0.515,9,449,conflict_restricted,"location/name/facility_level/bed_class=REAL (MIMU 2020); population_served=derived from real bed_class; health rates/stock/road_risk=PLACEHOLDER, centered using real bed_class as a rurality proxy (not literal DHS/MICS data)"
CL-0100,Mi Gaung In Station Hospital,မိချောင်းအင်းတိုက်နယ်ဆေးရုံ,Station,16,MMR005,Sagaing,MMR005D011,Kawlin,MMR005026,Pinlebu,high confidence,23.918983000000026,95.31034500000004,0.215,0.144,0.533,4,625,conflict_restricted,"location/name/facility_level/bed_class=REAL (MIMU 2020); population_served=derived from real bed_class; health rates/stock/road_risk=PLACEHOLDER, centered using real bed_class as a rurality proxy (not literal DHS/MICS data)"
CL-0101,Man Si Lay Station Hospital,မံစီလေးတိုက်နယ်ဆေးရုံ,Station,16,MMR005,Sagaing,MMR005D011,Kawlin,MMR005026,Pinlebu,high confidence,24.198356000000047,95.48220200000009,0.229,0.223,0.557,15,603,conflict_restricted,"location/name/facility_level/bed_class=REAL (MIMU 2020); population_served=derived from real bed_class; health rates/stock/road_risk=PLACEHOLDER, centered using real bed_class as a rurality proxy (not literal DHS/MICS data)"
CL-0102,Kale General Hospital,ကလေးမြို့ပြည်သူ့ဆေးရုံကြီး,General,300,MMR005,Sagaing,MMR005D005,Kale,MMR005027,Kale,high confidence,23.190428000000054,94.06369700000005,0.32,0.255,0.654,21,9748,all_weather,"location/name/facility_level/bed_class=REAL (MIMU 2020); population_served=derived from real bed_class; health rates/stock/road_risk=PLACEHOLDER, centered using real bed_class as a rurality proxy (not literal DHS/MICS data)"
CL-0103,Nat Chaung Station Hospital,နတ်ချောင်းတိုက်နယ်ဆေးရုံ,Station,16,MMR005,Sagaing,MMR005D005,Kale,MMR005027,Kale,high confidence,22.99543200000005,94.02605500000004,0.233,0.095,0.563,29,346,seasonal,"location/name/facility_level/bed_class=REAL (MIMU 2020); population_served=derived from real bed_class; health rates/stock/road_risk=PLACEHOLDER, centered using real bed_class as a rurality proxy (not literal DHS/MICS data)"
CL-0104,Tin Thar Station Hospital,တင်သားတိုက်နယ်ဆေးရုံ,Station,16,MMR005,Sagaing,MMR005D005,Kale,MMR005027,Kale,high confidence,22.80798500000003,94.07890500000008,0.201,0.153,0.536,11,628,conflict_restricted,"location/name/facility_level/bed_class=REAL (MIMU 2020); population_served=derived from real bed_class; health rates/stock/road_risk=PLACEHOLDER, centered using real bed_class as a rurality proxy (not literal DHS/MICS data)"
CL-0105,Yar Za Gyo Station Hospital,ရာဇဂြိုလ်တိုက်နယ်ဆေးရုံ,Station,16,MMR005,Sagaing,MMR005D005,Kale,MMR005027,Kale,high confidence,23.51026100000007,94.08632800000004,0.219,0.219,0.423,25,552,seasonal,"location/name/facility_level/bed_class=REAL (MIMU 2020); population_served=derived from real bed_class; health rates/stock/road_risk=PLACEHOLDER, centered using real bed_class as a rurality proxy (not literal DHS/MICS data)"
CL-0106,Kalewa Township Hospital,ကလေးဝမြို့နယ်ဆေးရုံ,Township,25,MMR005,Sagaing,MMR005D005,Kale,MMR005028,Kalewa,high confidence,23.20001300000007,94.29903300000007,0.149,0.101,0.616,6,823,conflict_restricted,"location/name/facility_level/bed_class=REAL (MIMU 2020); population_served=derived from real bed_class; health rates/stock/road_risk=PLACEHOLDER, centered using real bed_class as a rurality proxy (not literal DHS/MICS data)"
CL-0107,Ma Sein Station Hospital,မစိန်တိုက်နယ်ဆေးရုံ,Station,16,MMR005,Sagaing,MMR005D005,Kale,MMR005028,Kalewa,high confidence,23.372825000000034,94.34597600000006,0.176,0.102,0.475,23,420,seasonal,"location/name/facility_level/bed_class=REAL (MIMU 2020); population_served=derived from real bed_class; health rates/stock/road_risk=PLACEHOLDER, centered using real bed_class as a rurality proxy (not literal DHS/MICS data)"
CL-0108,Mingin Township Hospital,မင်းကင်းမြို့နယ်ဆေးရုံ,Township,50,MMR005,Sagaing,MMR005D005,Kale,MMR005029,Mingin,high confidence,22.87849200000005,94.49615300000005,0.214,0.204,0.414,16,1090,seasonal,"location/name/facility_level/bed_class=REAL (MIMU 2020); population_served=derived from real bed_class; health rates/stock/road_risk=PLACEHOLDER, centered using real bed_class as a rurality proxy (not literal DHS/MICS data)"
CL-0109,Kyaw Pin Station Hospital,ကြာပင်တိုက်နယ်ဆေးရုံ,Station,16,MMR005,Sagaing,MMR005D005,Kale,MMR005029,Mingin,bestGuess,22.826900000000023,94.35529000000008,0.236,0.143,0.436,22,279,conflict_restricted,"location/name/facility_level/bed_class=REAL (MIMU 2020); population_served=derived from real bed_class; health rates/stock/road_risk=PLACEHOLDER, centered using real bed_class as a rurality proxy (not literal DHS/MICS data)"
CL-0110,Pa Thay Station Hospital,ပသေးတိုက်နယ်ဆေးရုံ,Station,16,MMR005,Sagaing,MMR005D005,Kale,MMR005029,Mingin,high confidence,22.79164700000007,94.49902300000008,0.163,0.195,0.438,22,601,seasonal,"location/name/facility_level/bed_class=REAL (MIMU 2020); population_served=derived from real bed_class; health rates/stock/road_risk=PLACEHOLDER, centered using real bed_class as a rurality proxy (not literal DHS/MICS data)"
CL-0111,Kywe Station Hospital,ကြွေတိုက်နယ်ဆေးရုံ,Station,16,MMR005,Sagaing,MMR005D005,Kale,MMR005029,Mingin,bestGuess,23.06528000000003,94.42259000000007,0.218,0.156,0.513,15,422,seasonal,"location/name/facility_level/bed_class=REAL (MIMU 2020); population_served=derived from real bed_class; health rates/stock/road_risk=PLACEHOLDER, centered using real bed_class as a rurality proxy (not literal DHS/MICS data)"
CL-0112,Tone Station Hospital,တုံတိုက်နယ်ဆေးရုံ,Station,16,MMR005,Sagaing,MMR005D005,Kale,MMR005029,Mingin,probably accurate,22.963242068641733,94.72666754443864,0.171,0.198,0.49,7,321,conflict_restricted,"location/name/facility_level/bed_class=REAL (MIMU 2020); population_served=derived from real bed_class; health rates/stock/road_risk=PLACEHOLDER, centered using real bed_class as a rurality proxy (not literal DHS/MICS data)"
CL-0113,Tamu General Hospital,တမူးပြည်သူ့ဆေးရုံ,General,100,MMR005,Sagaing,MMR005D006,Tamu,MMR005030,Tamu,high confidence,24.218296000000066,94.31036400000005,0.217,0.128,0.536,15,2265,conflict_restricted,"location/name/facility_level/bed_class=REAL (MIMU 2020); population_served=derived from real bed_class; health rates/stock/road_risk=PLACEHOLDER, centered using real bed_class as a rurality proxy (not literal DHS/MICS data)"
CL-0114,Min Thar Station Hospital,မင်းသာတိုက်နယ်ဆေးရုံ,Station,16,MMR005,Sagaing,MMR005D006,Tamu,MMR005030,Tamu,high confidence,24.423942000000068,94.42953600000004,0.237,0.156,0.553,24,472,conflict_restricted,"location/name/facility_level/bed_class=REAL (MIMU 2020); population_served=derived from real bed_class; health rates/stock/road_risk=PLACEHOLDER, centered using real bed_class as a rurality proxy (not literal DHS/MICS data)"
CL-0115,Khan Pat Station Hospital,ခမ်းပတ်တိုက်နယ်ဆေးရုံ,Station,25,MMR005,Sagaing,MMR005D006,Tamu,MMR005030,Tamu,high confidence,23.794177000000047,94.14313200000004,0.071,0.147,0.539,29,485,seasonal,"location/name/facility_level/bed_class=REAL (MIMU 2020); population_served=derived from real bed_class; health rates/stock/road_risk=PLACEHOLDER, centered using real bed_class as a rurality proxy (not literal DHS/MICS data)"
CL-0116,Myo Thit Station Hospital,မြို့သစ်တိုက်နယ်ဆေးရုံ,Station,16,MMR005,Sagaing,MMR005D006,Tamu,MMR005030,Tamu,high confidence,24.514131000000077,94.51811000000004,0.109,0.083,0.532,27,583,seasonal,"location/name/facility_level/bed_class=REAL (MIMU 2020); population_served=derived from real bed_class; health rates/stock/road_risk=PLACEHOLDER, centered using real bed_class as a rurality proxy (not literal DHS/MICS data)"
CL-0117,Boke Kan Station Hospital,ဘုက္ကန်တိုက်နယ်ဆေးရုံ,Station,16,MMR005,Sagaing,MMR005D006,Tamu,MMR005030,Tamu,high confidence,23.915845000000047,94.18499500000007,0.098,0.063,0.538,5,543,conflict_restricted,"location/name/facility_level/bed_class=REAL (MIMU 2020); population_served=derived from real bed_class; health rates/stock/road_risk=PLACEHOLDER, centered using real bed_class as a rurality proxy (not literal DHS/MICS data)"
CL-0118,Mawlaik General Hospital,မော်လိုက်ပြည်သူ့ဆေးရုံ,General,50,MMR005,Sagaing,MMR005D007,Mawlaik,MMR005031,Mawlaik,high confidence,23.63650800000005,94.41099600000007,0.062,0.211,0.573,17,1649,seasonal,"location/name/facility_level/bed_class=REAL (MIMU 2020); population_served=derived from real bed_class; health rates/stock/road_risk=PLACEHOLDER, centered using real bed_class as a rurality proxy (not literal DHS/MICS data)"
CL-0119,Kyar Inn Station Hospital,ကြာအင်းတိုက်နယ်ဆေးရုံ,Station,16,MMR005,Sagaing,MMR005D007,Mawlaik,MMR005031,Mawlaik,high confidence,23.584280000000035,94.43465000000003,0.146,0.135,0.362,3,413,seasonal,"location/name/facility_level/bed_class=REAL (MIMU 2020); population_served=derived from real bed_class; health rates/stock/road_risk=PLACEHOLDER, centered using real bed_class as a rurality proxy (not literal DHS/MICS data)"
CL-0120,Kin Tat Station Hospital,ကင်းတပ်စံပြတိုက်နယ်ဆေးရုံ,Station,16,MMR005,Sagaing,MMR005D007,Mawlaik,MMR005031,Mawlaik,high confidence,23.731216000000074,94.43048000000005,0.232,0.095,0.484,20,491,seasonal,"location/name/facility_level/bed_class=REAL (MIMU 2020); population_served=derived from real bed_class; health rates/stock/road_risk=PLACEHOLDER, centered using real bed_class as a rurality proxy (not literal DHS/MICS data)"
CL-0121,Paungbyin Township Hospital,ဖောင်းပြင်မြို့နယ်ဆေးရုံ,Township,50,MMR005,Sagaing,MMR005D007,Mawlaik,MMR005032,Paungbyin,high confidence,24.266362000000072,94.81974200000008,0.185,0.164,0.377,29,1480,seasonal,"location/name/facility_level/bed_class=REAL (MIMU 2020); population_served=derived from real bed_class; health rates/stock/road_risk=PLACEHOLDER, centered using real bed_class as a rurality proxy (not literal DHS/MICS data)"
CL-0122,Tha Ngar Station Hospital,တံငါတိုက်နယ်ဆေးရုံ,Station,16,MMR005,Sagaing,MMR005D007,Mawlaik,MMR005032,Paungbyin,high confidence,23.967115000000035,94.61546000000004,0.199,0.224,0.512,1,500,conflict_restricted,"location/name/facility_level/bed_class=REAL (MIMU 2020); population_served=derived from real bed_class; health rates/stock/road_risk=PLACEHOLDER, centered using real bed_class as a rurality proxy (not literal DHS/MICS data)"
CL-0123,Tha Yaung Station Hospital,သရောင်းတိုက်နယ်ဆေးရုံ,Station,16,MMR005,Sagaing,MMR005D007,Mawlaik,MMR005032,Paungbyin,high confidence,24.354389000000026,94.80163300000004,0.252,0.05,0.509,19,274,conflict_restricted,"location/name/facility_level/bed_class=REAL (MIMU 2020); population_served=derived from real bed_class; health rates/stock/road_risk=PLACEHOLDER, centered using real bed_class as a rurality proxy (not literal DHS/MICS data)"
CL-0124,Hkamti General Hospital,ခန္တီးပြည်သူ့ဆေးရုံ,General,100,MMR005,Sagaing,MMR005D008,Hkamti,MMR005033,Hkamti,high confidence,25.99360000000007,95.69722500000006,0.304,0.1,0.633,28,2540,conflict_restricted,"location/name/facility_level/bed_class=REAL (MIMU 2020); population_served=derived from real bed_class; health rates/stock/road_risk=PLACEHOLDER, centered using real bed_class as a rurality proxy (not literal DHS/MICS data)"
CL-0125,Kaung Hein Station Hospital,ကောင်းဟိန်းတိုက်နယ်ဆေးရုံ,Station,16,MMR005,Sagaing,MMR005D008,Hkamti,MMR005033,Hkamti,high confidence,25.677377000000035,95.41925200000009,0.183,0.101,0.593,25,257,seasonal,"location/name/facility_level/bed_class=REAL (MIMU 2020); population_served=derived from real bed_class; health rates/stock/road_risk=PLACEHOLDER, centered using real bed_class as a rurality proxy (not literal DHS/MICS data)"
CL-0126,Homalin Township Hospital,ဟုမ္မလင်းမြို့နယ်ဆေးရုံ,Township,100,MMR005,Sagaing,MMR005D008,Hkamti,MMR005034,Homalin,high confidence,24.872262000000035,94.91761300000007,0.305,0.278,0.574,11,2735,seasonal,"location/name/facility_level/bed_class=REAL (MIMU 2020); population_served=derived from real bed_class; health rates/stock/road_risk=PLACEHOLDER, centered using real bed_class as a rurality proxy (not literal DHS/MICS data)"
CL-0127,Hta Man Thi Station Hospital,ထမံသီတိုက်နယ်ဆေးရုံ,Station,16,MMR005,Sagaing,MMR005D008,Hkamti,MMR005034,Homalin,high confidence,25.33109500000006,95.29017100000004,0.193,0.173,0.475,3,372,seasonal,"location/name/facility_level/bed_class=REAL (MIMU 2020); population_served=derived from real bed_class; health rates/stock/road_risk=PLACEHOLDER, centered using real bed_class as a rurality proxy (not literal DHS/MICS data)"
CL-0128,Nan Taw Station Hospital,နန်းတောတိုက်နယ်ဆေးရုံ,Station,16,MMR005,Sagaing,MMR005D008,Hkamti,MMR005034,Homalin,high confidence,24.812943000000075,95.29400800000008,0.137,0.202,0.544,27,298,seasonal,"location/name/facility_level/bed_class=REAL (MIMU 2020); population_served=derived from real bed_class; health rates/stock/road_risk=PLACEHOLDER, centered using real bed_class as a rurality proxy (not literal DHS/MICS data)"
CL-0129,Thaung Thut Station Hospital,သောင်သွပ်တိုက်နယ်ဆေးရုံ,Station,16,MMR005,Sagaing,MMR005D008,Hkamti,MMR005034,Homalin,high confidence,24.422822000000053,94.70123400000006,0.151,0.088,0.473,27,281,seasonal,"location/name/facility_level/bed_class=REAL (MIMU 2020); population_served=derived from real bed_class; health rates/stock/road_risk=PLACEHOLDER, centered using real bed_class as a rurality proxy (not literal DHS/MICS data)"
CL-0130,Shwe Pyi Aye Station Hospital,ရွှေပြည်အေးမြို့သစ်တိုက်နယ်ဆေးရုံ,Station,16,MMR005,Sagaing,MMR005D008,Hkamti,MMR005034,Homalin,high confidence,24.67738600000007,94.73717400000004,0.098,0.089,0.51,17,475,seasonal,"location/name/facility_level/bed_class=REAL (MIMU 2020); population_served=derived from real bed_class; health rates/stock/road_risk=PLACEHOLDER, centered using real bed_class as a rurality proxy (not literal DHS/MICS data)"
CL-0131,Naung Po Aung Station Hospital,နောင်ပိုအောင်တိုက်နယ်ဆေးရုံ,Station,16,MMR005,Sagaing,MMR005D008,Hkamti,MMR005034,Homalin,high confidence,24.801889000000074,95.06074400000006,0.134,0.183,0.579,29,308,seasonal,"location/name/facility_level/bed_class=REAL (MIMU 2020); population_served=derived from real bed_class; health rates/stock/road_risk=PLACEHOLDER, centered using real bed_class as a rurality proxy (not literal DHS/MICS data)"
CL-0132,Maung Khan Station Hospital,မောင်းခမ်းတိုက်နယ်ဆေးရုံ,Station,16,MMR005,Sagaing,MMR005D008,Hkamti,MMR005034,Homalin,high confidence,25.088553000000047,95.04780900000009,0.166,0.16,0.471,0,610,seasonal,"location/name/facility_level/bed_class=REAL (MIMU 2020); population_served=derived from real bed_class; health rates/stock/road_risk=PLACEHOLDER, centered using real bed_class as a rurality proxy (not literal DHS/MICS data)"
CL-0133,Par Hoke Gyi Station Hospital,ပါဟုတ်ကြီးတိုက်နယ်ဆေးရုံ,Station,16,MMR005,Sagaing,MMR005D008,Hkamti,MMR005034,Homalin,bestGuess,25.33789100000007,95.86258700000008,0.235,0.189,0.566,18,472,conflict_restricted,"location/name/facility_level/bed_class=REAL (MIMU 2020); population_served=derived from real bed_class; health rates/stock/road_risk=PLACEHOLDER, centered using real bed_class as a rurality proxy (not literal DHS/MICS data)"
CL-0134,Lay Shi Township Hospital,လေရှီးမြို့နယ်ဆေးရုံ,Township,25,MMR005,Sagaing,MMR005S001,Naga Self-Administered Zone,MMR005035,Lay Shi,high confidence,25.445583000000056,94.95474100000007,0.294,0.149,0.562,1,592,seasonal,"location/name/facility_level/bed_class=REAL (MIMU 2020); population_served=derived from real bed_class; health rates/stock/road_risk=PLACEHOLDER, centered using real bed_class as a rurality proxy (not literal DHS/MICS data)"
CL-0135,Somra Station Hospital,ဆွမ္မရာတိုက်နယ်ဆေးရုံ,Station,16,MMR005,Sagaing,MMR005S001,Naga Self-Administered Zone,MMR005035,Lay Shi,high confidence,25.367148000000043,94.68449400000009,0.104,0.173,0.443,28,476,seasonal,"location/name/facility_level/bed_class=REAL (MIMU 2020); population_served=derived from real bed_class; health rates/stock/road_risk=PLACEHOLDER, centered using real bed_class as a rurality proxy (not literal DHS/MICS data)"
CL-0136,Moe Bine Lutt Station Hospital,မိုပိုင်းလွတ်တိုက်နယ်ဆေးရုံ,Station,16,MMR005,Sagaing,MMR005S001,Naga Self-Administered Zone,MMR005035,Lay Shi,high confidence,25.08936704725616,94.96580400017274,0.211,0.166,0.578,20,249,conflict_restricted,"location/name/facility_level/bed_class=REAL (MIMU 2020); population_served=derived from real bed_class; health rates/stock/road_risk=PLACEHOLDER, centered using real bed_class as a rurality proxy (not literal DHS/MICS data)"
CL-0137,Lahe Township Hospital,လဟယ်မြို့နယ်ဆေးရုံ,Township,50,MMR005,Sagaing,MMR005S001,Naga Self-Administered Zone,MMR005036,Lahe,probably accurate,26.323427000000038,95.44465700000006,0.14,0.217,0.579,27,1948,conflict_restricted,"location/name/facility_level/bed_class=REAL (MIMU 2020); population_served=derived from real bed_class; health rates/stock/road_risk=PLACEHOLDER, centered using real bed_class as a rurality proxy (not literal DHS/MICS data)"
CL-0138,Htan Par Khway Station Hospital,ထန်ပါခွေတိုက်နယ်ဆေးရုံ,Station,25,MMR005,Sagaing,MMR005S001,Naga Self-Administered Zone,MMR005036,Lahe,high confidence,25.969712000000072,95.24275900000004,0.219,0.208,0.522,16,676,conflict_restricted,"location/name/facility_level/bed_class=REAL (MIMU 2020); population_served=derived from real bed_class; health rates/stock/road_risk=PLACEHOLDER, centered using real bed_class as a rurality proxy (not literal DHS/MICS data)"
CL-0139,Yan Kyein Station Hospital,ယမ်းကြုံးတိုက်နယ်ဆေးရုံ,Station,16,MMR005,Sagaing,MMR005S001,Naga Self-Administered Zone,MMR005036,Lahe,bestGuess,26.514110000000073,95.16541000000007,0.179,0.059,0.456,2,553,seasonal,"location/name/facility_level/bed_class=REAL (MIMU 2020); population_served=derived from real bed_class; health rates/stock/road_risk=PLACEHOLDER, centered using real bed_class as a rurality proxy (not literal DHS/MICS data)"
CL-0140,Nanyun Township Hospital,နန်းယွန်းမြို့နယ်ဆေးရုံ,Township,25,MMR005,Sagaing,MMR005S001,Naga Self-Administered Zone,MMR005037,Nanyun,high confidence,26.978308000000027,96.16832600000004,0.081,0.05,0.455,0,427,conflict_restricted,"location/name/facility_level/bed_class=REAL (MIMU 2020); population_served=derived from real bed_class; health rates/stock/road_risk=PLACEHOLDER, centered using real bed_class as a rurality proxy (not literal DHS/MICS data)"
CL-0141,Pan Saung Station Hospital,ပန်ဆောင်မြို့တိုက်နယ်ဆေးရုံ,Station,16,MMR005,Sagaing,MMR005S001,Naga Self-Administered Zone,MMR005037,Nanyun,high confidence,27.235937000000035,96.17042200000009,0.243,0.217,0.472,10,435,seasonal,"location/name/facility_level/bed_class=REAL (MIMU 2020); population_served=derived from real bed_class; health rates/stock/road_risk=PLACEHOLDER, centered using real bed_class as a rurality proxy (not literal DHS/MICS data)"
CL-0142,Don Hee (Don Yee Sub-township) Station Hospital,ဒုံဟီးတိုက်နယ်ဆေးရုံ,Station,16,MMR005,Sagaing,MMR005S001,Naga Self-Administered Zone,MMR005037,Nanyun,high confidence,26.772812000000044,95.79301500000008,0.151,0.228,0.548,22,436,seasonal,"location/name/facility_level/bed_class=REAL (MIMU 2020); population_served=derived from real bed_class; health rates/stock/road_risk=PLACEHOLDER, centered using real bed_class as a rurality proxy (not literal DHS/MICS data)"
CL-0143,Psychiatric Hospital,စိတ်ကျန်းမာရေးဆေးရုံ,NA,NA,MMR010,Mandalay,MMR010D001,Mandalay,MMR010006,Amarapura,high confidence,21.871011000000067,96.17681800000008,0.155,0.095,0.443,4,615,seasonal,"location/name/facility_level/bed_class=REAL (MIMU 2020); population_served=derived from real bed_class; health rates/stock/road_risk=PLACEHOLDER, centered using real bed_class as a rurality proxy (not literal DHS/MICS data)"
CL-0144,Ta Moke Soe Station Hospital,တမုတ်ဆိုးတိုက်နယ်ဆေးရုံ,Station,16,MMR010,Mandalay,MMR010D001,Mandalay,MMR010006,Amarapura,high confidence,21.852715000000046,96.15830300000005,0.123,0.05,0.54,25,469,seasonal,"location/name/facility_level/bed_class=REAL (MIMU 2020); population_served=derived from real bed_class; health rates/stock/road_risk=PLACEHOLDER, centered using real bed_class as a rurality proxy (not literal DHS/MICS data)"
CL-0145,Amarapura Township Hospital,အမရပူရမြို့နယ်ဆေးရုံ,Township,25,MMR010,Mandalay,MMR010D001,Mandalay,MMR010006,Amarapura,high confidence,21.897669000000064,96.04825300000005,0.152,0.166,0.428,7,671,seasonal,"location/name/facility_level/bed_class=REAL (MIMU 2020); population_served=derived from real bed_class; health rates/stock/road_risk=PLACEHOLDER, centered using real bed_class as a rurality proxy (not literal DHS/MICS data)"
CL-0146,Ye lon Kyaw Station Hospital,ရဲလွန်ကျော်တိုက်နယ်ဆေးရုံ,Station,16,MMR010,Mandalay,MMR010D001,Mandalay,MMR010006,Amarapura,high confidence,21.834894000000077,96.00087400000007,0.213,0.212,0.495,14,347,seasonal,"location/name/facility_level/bed_class=REAL (MIMU 2020); population_served=derived from real bed_class; health rates/stock/road_risk=PLACEHOLDER, centered using real bed_class as a rurality proxy (not literal DHS/MICS data)"
CL-0147,Ta Lin Gyi Station Hospital,တလင်းကြီးတိုက်နယ်ဆေးရုံ,Station,16,MMR010,Mandalay,MMR010D001,Mandalay,MMR010006,Amarapura,high confidence,21.81830300000007,96.11389800000006,0.176,0.264,0.517,6,373,conflict_restricted,"location/name/facility_level/bed_class=REAL (MIMU 2020); population_served=derived from real bed_class; health rates/stock/road_risk=PLACEHOLDER, centered using real bed_class as a rurality proxy (not literal DHS/MICS data)"
CL-0148,Tuberculosis Hospital,တီဘီရောဂါကုဆေးရုံ,NA,200,MMR010,Mandalay,MMR010D001,Mandalay,MMR010007,Patheingyi,high confidence,21.99052000000006,96.15249600000004,0.288,0.261,0.791,13,5603,seasonal,"location/name/facility_level/bed_class=REAL (MIMU 2020); population_served=derived from real bed_class; health rates/stock/road_risk=PLACEHOLDER, centered using real bed_class as a rurality proxy (not literal DHS/MICS data)"
CL-0149,Patheingyi Township Hospital,ပုသိမ်ကြီးမြို့နယ်ဆေးရုံ,Township,25,MMR010,Mandalay,MMR010D001,Mandalay,MMR010007,Patheingyi,high confidence,22.00476800000007,96.16679900000008,0.213,0.138,0.419,13,649,seasonal,"location/name/facility_level/bed_class=REAL (MIMU 2020); population_served=derived from real bed_class; health rates/stock/road_risk=PLACEHOLDER, centered using real bed_class as a rurality proxy (not literal DHS/MICS data)"
CL-0150,Kyauk Mee Station Hospital,ကျောက်မီးတိုက်နယ်ဆေးရုံ,Station,16,MMR010,Mandalay,MMR010D001,Mandalay,MMR010007,Patheingyi,high confidence,21.90535600000004,96.18287000000004,0.266,0.103,0.613,0,249,seasonal,"location/name/facility_level/bed_class=REAL (MIMU 2020); population_served=derived from real bed_class; health rates/stock/road_risk=PLACEHOLDER, centered using real bed_class as a rurality proxy (not literal DHS/MICS data)"
CL-0151,Technology University Hospital,နည်းပညာတက္ကသိုလ်ဆေးရုံ,NA,16,MMR010,Mandalay,MMR010D001,Mandalay,MMR010007,Patheingyi,high confidence,21.97429500000004,96.19417200000004,0.166,0.157,0.52,17,571,seasonal,"location/name/facility_level/bed_class=REAL (MIMU 2020); population_served=derived from real bed_class; health rates/stock/road_risk=PLACEHOLDER, centered using real bed_class as a rurality proxy (not literal DHS/MICS data)"
CL-0152,Pyinoolwin General Hospital,ပြင်ဦးလွင်ပြည်သူ့ဆေးရုံကြီး,General,300,MMR010,Mandalay,MMR010D002,Pyinoolwin,MMR010008,Pyinoolwin,high confidence,22.022512000000063,96.46614100000005,0.223,0.252,0.709,23,11221,all_weather,"location/name/facility_level/bed_class=REAL (MIMU 2020); population_served=derived from real bed_class; health rates/stock/road_risk=PLACEHOLDER, centered using real bed_class as a rurality proxy (not literal DHS/MICS data)"
CL-0153,Zee Pin Gyi Station Hospital,ဇီးပင်ကြီးဆေးရုံ,Station,50,MMR010,Mandalay,MMR010D002,Pyinoolwin,MMR010008,Pyinoolwin,high confidence,21.868487000000073,96.31576300000006,0.266,0.109,0.538,28,925,seasonal,"location/name/facility_level/bed_class=REAL (MIMU 2020); population_served=derived from real bed_class; health rates/stock/road_risk=PLACEHOLDER, centered using real bed_class as a rurality proxy (not literal DHS/MICS data)"
CL-0154,Wet Wun Station Hospital,ဝက်ဝံတိုက်နယ်ဆေးရုံ,Station,16,MMR010,Mandalay,MMR010D002,Pyinoolwin,MMR010008,Pyinoolwin,high confidence,22.09399200000007,96.59061700000007,0.167,0.279,0.541,9,462,seasonal,"location/name/facility_level/bed_class=REAL (MIMU 2020); population_served=derived from real bed_class; health rates/stock/road_risk=PLACEHOLDER, centered using real bed_class as a rurality proxy (not literal DHS/MICS data)"
CL-0155,Anar Gyi Hospital,အနာကြီးရောဂါအထူးကုဆေးရုံ,NA,200,MMR010,Mandalay,MMR010D002,Pyinoolwin,MMR010009,Madaya,high confidence,22.332322000000033,96.14530000000008,0.335,0.337,0.609,26,3543,seasonal,"location/name/facility_level/bed_class=REAL (MIMU 2020); population_served=derived from real bed_class; health rates/stock/road_risk=PLACEHOLDER, centered using real bed_class as a rurality proxy (not literal DHS/MICS data)"
CL-0156,Madaya Township Hospital,မတ္တရာမြို့နယ်ဆေးရုံ,Township,50,MMR010,Mandalay,MMR010D002,Pyinoolwin,MMR010009,Madaya,high confidence,22.21059900000006,96.10472800000008,0.225,0.238,0.632,26,1590,conflict_restricted,"location/name/facility_level/bed_class=REAL (MIMU 2020); population_served=derived from real bed_class; health rates/stock/road_risk=PLACEHOLDER, centered using real bed_class as a rurality proxy (not literal DHS/MICS data)"
CL-0157,Mway Ta Laing Station Hospital,မြွေတလိုင်းတိုက်နယ်ဆေးရုံ,Station,16,MMR010,Mandalay,MMR010D002,Pyinoolwin,MMR010009,Madaya,bestGuess,22.27150000000006,96.04533000000004,0.179,0.101,0.478,29,352,seasonal,"location/name/facility_level/bed_class=REAL (MIMU 2020); population_served=derived from real bed_class; health rates/stock/road_risk=PLACEHOLDER, centered using real bed_class as a rurality proxy (not literal DHS/MICS data)"
CL-0158,Tha Hpan Daunt Station Hospital,သဖန်းဒေါက်တိုက်နယ်ဆေးရုံ,Station,16,MMR010,Mandalay,MMR010D002,Pyinoolwin,MMR010009,Madaya,high confidence,22.139043000000072,96.03810300000004,0.208,0.208,0.589,11,504,conflict_restricted,"location/name/facility_level/bed_class=REAL (MIMU 2020); population_served=derived from real bed_class; health rates/stock/road_risk=PLACEHOLDER, centered using real bed_class as a rurality proxy (not literal DHS/MICS data)"
CL-0159,U-Hmin Station Hospital,ဥမှင်တိုက်နယ်ဆေးရုံ,Station,16,MMR010,Mandalay,MMR010D002,Pyinoolwin,MMR010009,Madaya,bestGuess,22.262700000000052,96.03041000000007,0.304,0.195,0.464,25,531,conflict_restricted,"location/name/facility_level/bed_class=REAL (MIMU 2020); population_served=derived from real bed_class; health rates/stock/road_risk=PLACEHOLDER, centered using real bed_class as a rurality proxy (not literal DHS/MICS data)"
CL-0160,Se Taw Gyi Station Hospital,ဆည်တော်ကြီးတိုက်နယ်ဆေးရုံ,Station,16,MMR010,Mandalay,MMR010D002,Pyinoolwin,MMR010009,Madaya,high confidence,22.327117000000044,96.31261800000004,0.312,0.183,0.505,16,547,conflict_restricted,"location/name/facility_level/bed_class=REAL (MIMU 2020); population_served=derived from real bed_class; health rates/stock/road_risk=PLACEHOLDER, centered using real bed_class as a rurality proxy (not literal DHS/MICS data)"
CL-0161,Singu Township Hospital,စဥ့်ကူးမြို့နယ်ဆေးရုံ,Township,50,MMR010,Mandalay,MMR010D002,Pyinoolwin,MMR010010,Singu,high confidence,22.54744400000004,95.99422600000008,0.206,0.245,0.455,1,885,conflict_restricted,"location/name/facility_level/bed_class=REAL (MIMU 2020); population_served=derived from real bed_class; health rates/stock/road_risk=PLACEHOLDER, centered using real bed_class as a rurality proxy (not literal DHS/MICS data)"
CL-0162,Htone Gyi Station Hospital,ထုံးကြီးတိုက်နယ်ဆေးရုံ,Station,16,MMR010,Mandalay,MMR010D002,Pyinoolwin,MMR010010,Singu,high confidence,22.433858000000043,96.02542500000004,0.197,0.195,0.541,8,606,conflict_restricted,"location/name/facility_level/bed_class=REAL (MIMU 2020); population_served=derived from real bed_class; health rates/stock/road_risk=PLACEHOLDER, centered using real bed_class as a rurality proxy (not literal DHS/MICS data)"
CL-0163,Kyi Tauk Pauk Station Hospital,ကျည်တောက်ပေါက်တိုက်နယ်ဆေးရုံ,Station,16,MMR010,Mandalay,MMR010D002,Pyinoolwin,MMR010010,Singu,high confidence,22.69490600000006,96.01465400000006,0.252,0.201,0.611,20,332,conflict_restricted,"location/name/facility_level/bed_class=REAL (MIMU 2020); population_served=derived from real bed_class; health rates/stock/road_risk=PLACEHOLDER, centered using real bed_class as a rurality proxy (not literal DHS/MICS data)"
CL-0164,Hin Thar Ma Station Hospital,သဲအင်းတိုက်နယ်ဆေးရုံ,Station,16,MMR010,Mandalay,MMR010D002,Pyinoolwin,MMR010010,Singu,high confidence,22.346697000000063,96.01866500000006,0.136,0.195,0.504,4,255,conflict_restricted,"location/name/facility_level/bed_class=REAL (MIMU 2020); population_served=derived from real bed_class; health rates/stock/road_risk=PLACEHOLDER, centered using real bed_class as a rurality proxy (not literal DHS/MICS data)"
CL-0165,Mogoke Township Hospital,မိုးကုတ်မြို့နယ်ဆေးရုံ,Township,100,MMR010,Mandalay,MMR010D002,Pyinoolwin,MMR010011,Mogoke,high confidence,22.91854500000005,96.49717900000007,0.244,0.21,0.546,13,2887,seasonal,"location/name/facility_level/bed_class=REAL (MIMU 2020); population_served=derived from real bed_class; health rates/stock/road_risk=PLACEHOLDER, centered using real bed_class as a rurality proxy (not literal DHS/MICS data)"
CL-0166,Kyat Pyin Station Hospital,ကျပ်ပြင်တိုက်နယ်ဆေးရုံ,Station,16,MMR010,Mandalay,MMR010D002,Pyinoolwin,MMR010011,Mogoke,high confidence,22.905075000000068,96.42454400000008,0.185,0.05,0.432,23,388,seasonal,"location/name/facility_level/bed_class=REAL (MIMU 2020); population_served=derived from real bed_class; health rates/stock/road_risk=PLACEHOLDER, centered using real bed_class as a rurality proxy (not literal DHS/MICS data)"
CL-0167,Thabeikkyin Township Hospital,သပိတ်ကျင်းမြို့နယ်ဆေးရုံ,Township,50,MMR010,Mandalay,MMR010D002,Pyinoolwin,MMR010012,Thabeikkyin,high confidence,22.886881000000074,95.98147600000004,0.221,0.175,0.514,4,1787,seasonal,"location/name/facility_level/bed_class=REAL (MIMU 2020); population_served=derived from real bed_class; health rates/stock/road_risk=PLACEHOLDER, centered using real bed_class as a rurality proxy (not literal DHS/MICS data)"
CL-0168,Ta Gaung Station Hospital,တကောင်းတိုက်နယ်ဆေးရုံ,Station,16,MMR010,Mandalay,MMR010D002,Pyinoolwin,MMR010012,Thabeikkyin,high confidence,23.494365000000073,96.00910800000008,0.137,0.123,0.398,14,563,seasonal,"location/name/facility_level/bed_class=REAL (MIMU 2020); population_served=derived from real bed_class; health rates/stock/road_risk=PLACEHOLDER, centered using real bed_class as a rurality proxy (not literal DHS/MICS data)"
CL-0169,Twin Nge Station Hospital,တွင်းငယ်တိုက်နယ်ဆေးရုံ,Station,16,MMR010,Mandalay,MMR010D002,Pyinoolwin,MMR010012,Thabeikkyin,high confidence,23.10800500000005,96.02312100000006,0.092,0.08,0.446,6,367,seasonal,"location/name/facility_level/bed_class=REAL (MIMU 2020); population_served=derived from real bed_class; health rates/stock/road_risk=PLACEHOLDER, centered using real bed_class as a rurality proxy (not literal DHS/MICS data)"
CL-0170,Kyar Hnyat Station Hospital,ကြာညှပ်တိုက်နယ်ဆေးရုံ,Station,16,MMR010,Mandalay,MMR010D002,Pyinoolwin,MMR010012,Thabeikkyin,high confidence,23.247407000000067,96.00287500000007,0.063,0.257,0.525,16,621,seasonal,"location/name/facility_level/bed_class=REAL (MIMU 2020); population_served=derived from real bed_class; health rates/stock/road_risk=PLACEHOLDER, centered using real bed_class as a rurality proxy (not literal DHS/MICS data)"
CL-0171,Kyaukse General Hospital,ကျောက်ဆည်ပြည်သူ့ဆေးရုံကြီး,General,200,MMR010,Mandalay,MMR010D003,Kyaukse,MMR010013,Kyaukse,high confidence,21.610412000000053,96.12765800000005,0.201,0.334,0.712,7,4455,all_weather,"location/name/facility_level/bed_class=REAL (MIMU 2020); population_served=derived from real bed_class; health rates/stock/road_risk=PLACEHOLDER, centered using real bed_class as a rurality proxy (not literal DHS/MICS data)"
CL-0172,Min Su Station Hospital,မင်းစုဆေးရုံ,Station,25,MMR010,Mandalay,MMR010D003,Kyaukse,MMR010013,Kyaukse,high confidence,21.51113600000008,96.12993500000005,0.163,0.242,0.712,28,697,seasonal,"location/name/facility_level/bed_class=REAL (MIMU 2020); population_served=derived from real bed_class; health rates/stock/road_risk=PLACEHOLDER, centered using real bed_class as a rurality proxy (not literal DHS/MICS data)"
CL-0173,Than (East) Station Hospital,သံရွာဆေးရုံ,Station,25,MMR010,Mandalay,MMR010D003,Kyaukse,MMR010013,Kyaukse,high confidence,21.485966000000076,96.27357200000006,0.173,0.175,0.474,2,535,conflict_restricted,"location/name/facility_level/bed_class=REAL (MIMU 2020); population_served=derived from real bed_class; health rates/stock/road_risk=PLACEHOLDER, centered using real bed_class as a rurality proxy (not literal DHS/MICS data)"
CL-0174,Hpyauk Seik Pin Station Hospital,ဖျောက်ဆိပ်(စက်ရုံစုနယ်မြေ)ဆေးရုံ,Station,25,MMR010,Mandalay,MMR010D003,Kyaukse,MMR010013,Kyaukse,high confidence,21.59598600000004,96.27062900000004,0.307,0.241,0.615,28,960,seasonal,"location/name/facility_level/bed_class=REAL (MIMU 2020); population_served=derived from real bed_class; health rates/stock/road_risk=PLACEHOLDER, centered using real bed_class as a rurality proxy (not literal DHS/MICS data)"
CL-0175,Sa Mar Station Hospital,စမာတိုက်နယ်ဆေးရုံ,Station,16,MMR010,Mandalay,MMR010D003,Kyaukse,MMR010013,Kyaukse,high confidence,21.559623000000045,96.05912300000006,0.253,0.157,0.527,23,306,seasonal,"location/name/facility_level/bed_class=REAL (MIMU 2020); population_served=derived from real bed_class; health rates/stock/road_risk=PLACEHOLDER, centered using real bed_class as a rurality proxy (not literal DHS/MICS data)"
CL-0176,Sintgaing Township Hospital,စဥ့်ကိုင်မြို့နယ်ဆေးရုံ,Township,50,MMR010,Mandalay,MMR010D003,Kyaukse,MMR010014,Sintgaing,high confidence,21.738703000000044,96.09513300000003,0.144,0.182,0.519,25,806,conflict_restricted,"location/name/facility_level/bed_class=REAL (MIMU 2020); population_served=derived from real bed_class; health rates/stock/road_risk=PLACEHOLDER, centered using real bed_class as a rurality proxy (not literal DHS/MICS data)"
CL-0177,Sin Kine Eye Special Hospital,စဥ့်ကိုင်မျက်စိရောဂါအထူးကုဆေးရုံ,NA,NA,MMR010,Mandalay,MMR010D003,Kyaukse,MMR010014,Sintgaing,high confidence,21.73726700000003,96.10721700000005,0.208,0.091,0.54,25,414,conflict_restricted,"location/name/facility_level/bed_class=REAL (MIMU 2020); population_served=derived from real bed_class; health rates/stock/road_risk=PLACEHOLDER, centered using real bed_class as a rurality proxy (not literal DHS/MICS data)"
CL-0178,Pa Leik Station Hospital,ပုလိပ်တိုက်နယ်ဆေးရုံ,Station,16,MMR010,Mandalay,MMR010D003,Kyaukse,MMR010014,Sintgaing,high confidence,21.818341000000032,96.05078500000008,0.163,0.18,0.514,5,637,conflict_restricted,"location/name/facility_level/bed_class=REAL (MIMU 2020); population_served=derived from real bed_class; health rates/stock/road_risk=PLACEHOLDER, centered using real bed_class as a rurality proxy (not literal DHS/MICS data)"
CL-0179,Myittha Township Hospital,မြစ်သားမြို့နယ်ဆေးရုံ,Township,50,MMR010,Mandalay,MMR010D003,Kyaukse,MMR010015,Myittha,high confidence,21.422586000000024,96.12927200000007,0.185,0.174,0.538,27,1865,conflict_restricted,"location/name/facility_level/bed_class=REAL (MIMU 2020); population_served=derived from real bed_class; health rates/stock/road_risk=PLACEHOLDER, centered using real bed_class as a rurality proxy (not literal DHS/MICS data)"
CL-0180,Maing Maw Station Hospital,မိုင်းမောတိုက်နယ်ဆေးရုံ,Station,16,MMR010,Mandalay,MMR010D003,Kyaukse,MMR010015,Myittha,high confidence,21.30649500000004,96.21489700000006,0.198,0.078,0.481,17,539,conflict_restricted,"location/name/facility_level/bed_class=REAL (MIMU 2020); population_served=derived from real bed_class; health rates/stock/road_risk=PLACEHOLDER, centered using real bed_class as a rurality proxy (not literal DHS/MICS data)"
CL-0181,Ku Me Station Hospital,ကူမဲတိုက်နယ်ဆေးရုံ,Station,25,MMR010,Mandalay,MMR010D003,Kyaukse,MMR010015,Myittha,high confidence,21.35678100000007,96.15401300000008,0.228,0.157,0.417,28,932,seasonal,"location/name/facility_level/bed_class=REAL (MIMU 2020); population_served=derived from real bed_class; health rates/stock/road_risk=PLACEHOLDER, centered using real bed_class as a rurality proxy (not literal DHS/MICS data)"
CL-0182,Ywar Khaing Gyi Station Hospital,ရွာခိုင်ကြီးတိုက်နယ်ဆေးရုံ,Station,16,MMR010,Mandalay,MMR010D003,Kyaukse,MMR010015,Myittha,high confidence,21.354937000000064,96.25112900000005,0.167,0.152,0.402,26,597,seasonal,"location/name/facility_level/bed_class=REAL (MIMU 2020); population_served=derived from real bed_class; health rates/stock/road_risk=PLACEHOLDER, centered using real bed_class as a rurality proxy (not literal DHS/MICS data)"
CL-0183,Min Wun Station Hospital,မင်းဝန်,Station,16,MMR010,Mandalay,MMR010D003,Kyaukse,MMR010015,Myittha,high confidence,21.49310900000006,96.01965000000007,0.251,0.264,0.555,17,448,seasonal,"location/name/facility_level/bed_class=REAL (MIMU 2020); population_served=derived from real bed_class; health rates/stock/road_risk=PLACEHOLDER, centered using real bed_class as a rurality proxy (not literal DHS/MICS data)"
CL-0184,Gway Station Hospital,ဂွေ့တိုက်နယ်ဆေးရုံ,Station,NA,MMR010,Mandalay,MMR010D003,Kyaukse,MMR010015,Myittha,bestGuess,21.496300000000076,96.02503000000007,0.119,0.21,0.49,11,366,conflict_restricted,"location/name/facility_level/bed_class=REAL (MIMU 2020); population_served=derived from real bed_class; health rates/stock/road_risk=PLACEHOLDER, centered using real bed_class as a rurality proxy (not literal DHS/MICS data)"
CL-0185,Tada-U Township Hospital,တံတားဦးမြို့နယ်ဆေးရုံ,Township,50,MMR010,Mandalay,MMR010D003,Kyaukse,MMR010016,Tada-U,high confidence,21.81664200000006,95.96736400000003,0.202,0.171,0.488,3,1715,conflict_restricted,"location/name/facility_level/bed_class=REAL (MIMU 2020); population_served=derived from real bed_class; health rates/stock/road_risk=PLACEHOLDER, centered using real bed_class as a rurality proxy (not literal DHS/MICS data)"
CL-0186,Thein Ni Kan Station Hospital,သိန္ဒီကန်တိုက်နယ်ဆေးရုံ,Station,16,MMR010,Mandalay,MMR010D003,Kyaukse,MMR010016,Tada-U,high confidence,21.581180000000074,95.90792500000003,0.343,0.171,0.51,3,505,seasonal,"location/name/facility_level/bed_class=REAL (MIMU 2020); population_served=derived from real bed_class; health rates/stock/road_risk=PLACEHOLDER, centered using real bed_class as a rurality proxy (not literal DHS/MICS data)"
CL-0187,Taung Pyone Station Hospital,တောင်ပြုံးတိုက်နယ်ဆေးရုံ,Station,16,MMR010,Mandalay,MMR010D003,Kyaukse,MMR010016,Tada-U,high confidence,21.719047684525197,95.83758607619828,0.2,0.159,0.565,11,389,seasonal,"location/name/facility_level/bed_class=REAL (MIMU 2020); population_served=derived from real bed_class; health rates/stock/road_risk=PLACEHOLDER, centered using real bed_class as a rurality proxy (not literal DHS/MICS data)"
CL-0188,Nyaung Wun Station Hospital,ညောင်ဝန်းတိုက်နယ်ဆေးရုံ,Station,16,MMR010,Mandalay,MMR010D003,Kyaukse,MMR010016,Tada-U,high confidence,21.491786000000047,95.96785800000004,0.273,0.144,0.522,24,278,seasonal,"location/name/facility_level/bed_class=REAL (MIMU 2020); population_served=derived from real bed_class; health rates/stock/road_risk=PLACEHOLDER, centered using real bed_class as a rurality proxy (not literal DHS/MICS data)"
CL-0189,Myingyan General Hospital,မြင်းခြံပြည်သူ့ဆေးရုံ,General,100,MMR010,Mandalay,MMR010D004,Myingyan,MMR010017,Myingyan,high confidence,21.474798000000078,95.38934300000005,0.229,0.125,0.514,15,3367,seasonal,"location/name/facility_level/bed_class=REAL (MIMU 2020); population_served=derived from real bed_class; health rates/stock/road_risk=PLACEHOLDER, centered using real bed_class as a rurality proxy (not literal DHS/MICS data)"
CL-0190,San Myeik Khone Station Hospital,ဆံမြိတ်ခုံတိုက်နယ်ဆေးရုံ,Station,16,MMR010,Mandalay,MMR010D004,Myingyan,MMR010017,Myingyan,bestGuess,21.73473800000005,95.42438800000008,0.222,0.147,0.595,14,345,seasonal,"location/name/facility_level/bed_class=REAL (MIMU 2020); population_served=derived from real bed_class; health rates/stock/road_risk=PLACEHOLDER, centered using real bed_class as a rurality proxy (not literal DHS/MICS data)"
CL-0191,Hta Naung Taing Station Hospital,ထနောင်းတိုင်တိုက်နယ်ဆေးရုံ,Station,16,MMR010,Mandalay,MMR010D004,Myingyan,MMR010017,Myingyan,high confidence,21.397489000000064,95.31043600000004,0.184,0.112,0.62,7,615,seasonal,"location/name/facility_level/bed_class=REAL (MIMU 2020); population_served=derived from real bed_class; health rates/stock/road_risk=PLACEHOLDER, centered using real bed_class as a rurality proxy (not literal DHS/MICS data)"
CL-0192,Yon Htoe Station Hospital,ယုံတိုးတိုက်နယ်ဆေးရုံ,Station,16,MMR010,Mandalay,MMR010D004,Myingyan,MMR010017,Myingyan,high confidence,21.541027000000042,95.53525100000007,0.177,0.081,0.544,16,336,conflict_restricted,"location/name/facility_level/bed_class=REAL (MIMU 2020); population_served=derived from real bed_class; health rates/stock/road_risk=PLACEHOLDER, centered using real bed_class as a rurality proxy (not literal DHS/MICS data)"
CL-0193,Taungtha Township Hospital,တောင်သာမြို့နယ်ဆေးရုံ,Township,50,MMR010,Mandalay,MMR010D004,Myingyan,MMR010018,Taungtha,high confidence,21.26816800000006,95.44930800000009,0.155,0.201,0.598,19,903,seasonal,"location/name/facility_level/bed_class=REAL (MIMU 2020); population_served=derived from real bed_class; health rates/stock/road_risk=PLACEHOLDER, centered using real bed_class as a rurality proxy (not literal DHS/MICS data)"
CL-0194,Wea Laung Station Hospital,ဝဲလောင်တိုက်နယ်ဆေးရုံ,Station,16,MMR010,Mandalay,MMR010D004,Myingyan,MMR010018,Taungtha,high confidence,21.150875000000042,95.37555700000007,0.213,0.18,0.597,29,572,conflict_restricted,"location/name/facility_level/bed_class=REAL (MIMU 2020); population_served=derived from real bed_class; health rates/stock/road_risk=PLACEHOLDER, centered using real bed_class as a rurality proxy (not literal DHS/MICS data)"
CL-0195,Kyaw Zi Station Hospital,ကျော်ဇီတိုက်နယ်ဆေးရုံ,Station,16,MMR010,Mandalay,MMR010D004,Myingyan,MMR010018,Taungtha,high confidence,21.317068000000063,95.18214000000006,0.136,0.05,0.589,21,301,conflict_restricted,"location/name/facility_level/bed_class=REAL (MIMU 2020); population_served=derived from real bed_class; health rates/stock/road_risk=PLACEHOLDER, centered using real bed_class as a rurality proxy (not literal DHS/MICS data)"
CL-0196,Za Gyan Station Hospital,ဇဂျမ်းတိုက်နယ်ဆေးရုံ,Station,16,MMR010,Mandalay,MMR010D004,Myingyan,MMR010018,Taungtha,high confidence,21.261705000000063,95.30649300000005,0.227,0.149,0.553,18,312,seasonal,"location/name/facility_level/bed_class=REAL (MIMU 2020); population_served=derived from real bed_class; health rates/stock/road_risk=PLACEHOLDER, centered using real bed_class as a rurality proxy (not literal DHS/MICS data)"
CL-0197,Yone Si Gyi Station Hospital,ရုံးစည်ကြီးတိုက်နယ်ဆေးရုံ,Station,16,MMR010,Mandalay,MMR010D004,Myingyan,MMR010018,Taungtha,high confidence,21.19571200000007,95.58423100000005,0.252,0.216,0.551,27,480,seasonal,"location/name/facility_level/bed_class=REAL (MIMU 2020); population_served=derived from real bed_class; health rates/stock/road_risk=PLACEHOLDER, centered using real bed_class as a rurality proxy (not literal DHS/MICS data)"
CL-0198,Natogyi Township Hospital,နွားထိုးကြီးမြို့နယ်ဆေးရုံ,Township,50,MMR010,Mandalay,MMR010D004,Myingyan,MMR010019,Natogyi,high confidence,21.425379000000078,95.64944100000008,0.224,0.234,0.566,12,1843,conflict_restricted,"location/name/facility_level/bed_class=REAL (MIMU 2020); population_served=derived from real bed_class; health rates/stock/road_risk=PLACEHOLDER, centered using real bed_class as a rurality proxy (not literal DHS/MICS data)"
CL-0199,Thu Soe Station Hospital,တံဇိုးတိုက်နယ်ဆေးရုံ,Station,16,MMR010,Mandalay,MMR010D004,Myingyan,MMR010019,Natogyi,high confidence,21.387767000000053,95.50476300000008,0.17,0.218,0.433,28,319,seasonal,"location/name/facility_level/bed_class=REAL (MIMU 2020); population_served=derived from real bed_class; health rates/stock/road_risk=PLACEHOLDER, centered using real bed_class as a rurality proxy (not literal DHS/MICS data)"
CL-0200,Wet Lu Station Hospital,ဝက်လူးတိုက်နယ်ဆေးရုံ,Station,16,MMR010,Mandalay,MMR010D004,Myingyan,MMR010019,Natogyi,high confidence,21.530509000000052,95.73583400000007,0.214,0.159,0.559,11,364,conflict_restricted,"location/name/facility_level/bed_class=REAL (MIMU 2020); population_served=derived from real bed_class; health rates/stock/road_risk=PLACEHOLDER, centered using real bed_class as a rurality proxy (not literal DHS/MICS data)"
CL-0201,Ka Nar Station Hospital,ကန်နားတိုက်နယ်ဆေးရုံ,Station,16,MMR010,Mandalay,MMR010D004,Myingyan,MMR010019,Natogyi,high confidence,21.461234000000047,95.86992600000008,0.169,0.106,0.415,3,551,seasonal,"location/name/facility_level/bed_class=REAL (MIMU 2020); population_served=derived from real bed_class; health rates/stock/road_risk=PLACEHOLDER, centered using real bed_class as a rurality proxy (not literal DHS/MICS data)"
CL-0202,Kyaukpadaung Township Hospital,ကျောက်ပန်းတောင်းမြို့နယ်ဆေးရုံ,Township,50,MMR010,Mandalay,MMR010D005,Nyaung-U,MMR010020,Kyaukpadaung,high confidence,20.83449100000007,95.12048500000009,0.258,0.105,0.474,12,1965,conflict_restricted,"location/name/facility_level/bed_class=REAL (MIMU 2020); population_served=derived from real bed_class; health rates/stock/road_risk=PLACEHOLDER, centered using real bed_class as a rurality proxy (not literal DHS/MICS data)"
CL-0203,Pway Kyit Station Hospital,ပွေးကျစ်တိုက်နယ်ဆေးရုံ,Station,25,MMR010,Mandalay,MMR010D005,Nyaung-U,MMR010020,Kyaukpadaung,bestGuess,20.650100000000066,95.12008000000009,0.081,0.181,0.606,3,688,conflict_restricted,"location/name/facility_level/bed_class=REAL (MIMU 2020); population_served=derived from real bed_class; health rates/stock/road_risk=PLACEHOLDER, centered using real bed_class as a rurality proxy (not literal DHS/MICS data)"
CL-0204,Let Pan Pyar Station Hospital,လက်ပံပြားတိုက်နယ်ဆေးရုံ,Station,25,MMR010,Mandalay,MMR010D005,Nyaung-U,MMR010020,Kyaukpadaung,high confidence,20.81659200000007,95.38369100000006,0.171,0.183,0.574,3,465,seasonal,"location/name/facility_level/bed_class=REAL (MIMU 2020); population_served=derived from real bed_class; health rates/stock/road_risk=PLACEHOLDER, centered using real bed_class as a rurality proxy (not literal DHS/MICS data)"
CL-0205,Popa Station Hospital,ပုပ္ပါးတိုက်နယ်ဆေးရုံ,Station,25,MMR010,Mandalay,MMR010D005,Nyaung-U,MMR010020,Kyaukpadaung,high confidence,20.935496000000057,95.19702000000007,0.072,0.237,0.619,26,384,seasonal,"location/name/facility_level/bed_class=REAL (MIMU 2020); population_served=derived from real bed_class; health rates/stock/road_risk=PLACEHOLDER, centered using real bed_class as a rurality proxy (not literal DHS/MICS data)"
CL-0206,Ngazun Township Hospital,ငါန်းဇွန်မြို့နယ်ဆေးရုံ,Township,50,MMR010,Mandalay,MMR010D004,Myingyan,MMR010021,Ngazun,high confidence,21.89385100000004,95.68467700000008,0.112,0.236,0.511,23,1037,conflict_restricted,"location/name/facility_level/bed_class=REAL (MIMU 2020); population_served=derived from real bed_class; health rates/stock/road_risk=PLACEHOLDER, centered using real bed_class as a rurality proxy (not literal DHS/MICS data)"
CL-0207,Nga Myar Gyi Station Hospital,ငါးမြှားကြီးတိုက်နယ်ဆေးရုံ,Station,16,MMR010,Mandalay,MMR010D004,Myingyan,MMR010021,Ngazun,high confidence,21.781641000000036,95.46624300000008,0.269,0.148,0.429,6,293,seasonal,"location/name/facility_level/bed_class=REAL (MIMU 2020); population_served=derived from real bed_class; health rates/stock/road_risk=PLACEHOLDER, centered using real bed_class as a rurality proxy (not literal DHS/MICS data)"
CL-0208,Myo Thar Station Hospital,မြို့သာတိုက်နယ်ဆေးရုံ,Station,16,MMR010,Mandalay,MMR010D004,Myingyan,MMR010021,Ngazun,high confidence,21.693954000000076,95.71842900000007,0.241,0.082,0.493,25,511,seasonal,"location/name/facility_level/bed_class=REAL (MIMU 2020); population_served=derived from real bed_class; health rates/stock/road_risk=PLACEHOLDER, centered using real bed_class as a rurality proxy (not literal DHS/MICS data)"
CL-0209,Nyaung-U General Hospital,ညောင်ဦးပြည်သူ့ဆေးရုံ,General,200,MMR010,Mandalay,MMR010D005,Nyaung-U,MMR010022,Nyaung-U,high confidence,21.18398600000006,94.91161600000004,0.225,0.211,0.627,2,3609,all_weather,"location/name/facility_level/bed_class=REAL (MIMU 2020); population_served=derived from real bed_class; health rates/stock/road_risk=PLACEHOLDER, centered using real bed_class as a rurality proxy (not literal DHS/MICS data)"
CL-0210,Nyaung-U Township Hospital,ငါ့သရောက်မြို့နယ်ခွဲဆေးရုံ,Township,16,MMR010,Mandalay,MMR010D005,Nyaung-U,MMR010022,Nyaung-U,high confidence,21.150926000000027,95.13442000000003,0.097,0.169,0.515,8,443,seasonal,"location/name/facility_level/bed_class=REAL (MIMU 2020); population_served=derived from real bed_class; health rates/stock/road_risk=PLACEHOLDER, centered using real bed_class as a rurality proxy (not literal DHS/MICS data)"
CL-0211,Bagan Myo Thit Station Hospital,ပုဂံမြို့သစ်ဆေးရုံ,Station,16,MMR010,Mandalay,MMR010D005,Nyaung-U,MMR010022,Nyaung-U,probably accurate,21.136222000000032,94.85661000000005,0.05,0.144,0.589,21,518,conflict_restricted,"location/name/facility_level/bed_class=REAL (MIMU 2020); population_served=derived from real bed_class; health rates/stock/road_risk=PLACEHOLDER, centered using real bed_class as a rurality proxy (not literal DHS/MICS data)"
CL-0212,Taung Zin Station Hospital,တောင်ဇင်းတိုက်နယ်ဆေးရုံ,Station,16,MMR010,Mandalay,MMR010D005,Nyaung-U,MMR010022,Nyaung-U,high confidence,21.02634500000005,95.01500000000004,0.154,0.122,0.484,9,472,conflict_restricted,"location/name/facility_level/bed_class=REAL (MIMU 2020); population_served=derived from real bed_class; health rates/stock/road_risk=PLACEHOLDER, centered using real bed_class as a rurality proxy (not literal DHS/MICS data)"
CL-0213,Sint Ku Station Hospital,စဥ့်ကူးတိုက်နယ်ဆေးရုံ,Station,16,MMR010,Mandalay,MMR010D005,Nyaung-U,MMR010022,Nyaung-U,high confidence,20.95077800000007,94.86150900000007,0.332,0.172,0.534,21,320,seasonal,"location/name/facility_level/bed_class=REAL (MIMU 2020); population_served=derived from real bed_class; health rates/stock/road_risk=PLACEHOLDER, centered using real bed_class as a rurality proxy (not literal DHS/MICS data)"
CL-0214,Yamethin General Hospital,ရမည်းသင်းပြည်သူ့ဆေးရုံ,General,NA,MMR010,Mandalay,MMR010D006,Yamethin,MMR010023,Yamethin,high confidence,20.43633200000005,96.13580100000007,0.213,0.126,0.44,26,562,conflict_restricted,"location/name/facility_level/bed_class=REAL (MIMU 2020); population_served=derived from real bed_class; health rates/stock/road_risk=PLACEHOLDER, centered using real bed_class as a rurality proxy (not literal DHS/MICS data)"
CL-0215,Thit Son Gyi Station Hospital,သစ်ဆုံကြီးတိုက်နယ်ဆေးရုံ,Station,NA,MMR010,Mandalay,MMR010D006,Yamethin,MMR010023,Yamethin,bestGuess,20.45812200000006,95.86690200000004,0.153,0.119,0.541,1,526,seasonal,"location/name/facility_level/bed_class=REAL (MIMU 2020); population_served=derived from real bed_class; health rates/stock/road_risk=PLACEHOLDER, centered using real bed_class as a rurality proxy (not literal DHS/MICS data)"
CL-0216,Ywar Tan Station Hospital,ရွာတန်းတိုက်နယ်ဆေးရုံ,Station,NA,MMR010,Mandalay,MMR010D006,Yamethin,MMR010023,Yamethin,high confidence,20.476215000000025,96.01327400000008,0.215,0.175,0.51,0,536,seasonal,"location/name/facility_level/bed_class=REAL (MIMU 2020); population_served=derived from real bed_class; health rates/stock/road_risk=PLACEHOLDER, centered using real bed_class as a rurality proxy (not literal DHS/MICS data)"
CL-0217,Htee Hlaing Station Hospital,ထီးလှိုင်တိုက်နယ်ဆေးရုံ,Station,NA,MMR010,Mandalay,MMR010D006,Yamethin,MMR010023,Yamethin,high confidence,20.36838800000004,96.20595700000007,0.093,0.132,0.457,28,292,seasonal,"location/name/facility_level/bed_class=REAL (MIMU 2020); population_served=derived from real bed_class; health rates/stock/road_risk=PLACEHOLDER, centered using real bed_class as a rurality proxy (not literal DHS/MICS data)"
CL-0218,Pyar Si Station Hospital,ပျားစီတိုက်နယ်ဆေးရုံ,Station,NA,MMR010,Mandalay,MMR010D006,Yamethin,MMR010023,Yamethin,high confidence,20.284672000000057,95.94103700000005,0.169,0.171,0.493,15,290,conflict_restricted,"location/name/facility_level/bed_class=REAL (MIMU 2020); population_served=derived from real bed_class; health rates/stock/road_risk=PLACEHOLDER, centered using real bed_class as a rurality proxy (not literal DHS/MICS data)"
CL-0219,Pyawbwe Township Hospital,ပျော်ဘွယ်မြို့နယ်ဆေးရုံ,Township,50,MMR010,Mandalay,MMR010D006,Yamethin,MMR010024,Pyawbwe,high confidence,20.60220300000003,96.04300600000005,0.208,0.186,0.517,15,1909,seasonal,"location/name/facility_level/bed_class=REAL (MIMU 2020); population_served=derived from real bed_class; health rates/stock/road_risk=PLACEHOLDER, centered using real bed_class as a rurality proxy (not literal DHS/MICS data)"
CL-0220,Shwe Nyaung Hpu Station Hospital,ရွှေညောင်ဖူးတိုက်နယ်ဆေးရုံ,Station,16,MMR010,Mandalay,MMR010D006,Yamethin,MMR010024,Pyawbwe,high confidence,20.582389000000035,96.19522400000005,0.182,0.088,0.491,13,399,seasonal,"location/name/facility_level/bed_class=REAL (MIMU 2020); population_served=derived from real bed_class; health rates/stock/road_risk=PLACEHOLDER, centered using real bed_class as a rurality proxy (not literal DHS/MICS data)"
CL-0221,Yin Taw Station Hospital,ယင်းတော်တိုက်နယ်ဆေးရုံ,Station,16,MMR010,Mandalay,MMR010D006,Yamethin,MMR010024,Pyawbwe,high confidence,20.709689000000026,95.94434600000005,0.234,0.128,0.634,13,360,seasonal,"location/name/facility_level/bed_class=REAL (MIMU 2020); population_served=derived from real bed_class; health rates/stock/road_risk=PLACEHOLDER, centered using real bed_class as a rurality proxy (not literal DHS/MICS data)"
CL-0222,Taung Nyaung Station Hospital,တောင်ညောင်ကုန်းတိုက်နယ်ဆေးရုံ,Station,16,MMR010,Mandalay,MMR010D006,Yamethin,MMR010024,Pyawbwe,high confidence,20.506056000000058,95.77361300000007,0.208,0.243,0.503,20,435,conflict_restricted,"location/name/facility_level/bed_class=REAL (MIMU 2020); population_served=derived from real bed_class; health rates/stock/road_risk=PLACEHOLDER, centered using real bed_class as a rurality proxy (not literal DHS/MICS data)"
CL-0223,Yan Aung Station Hospital,ရန်အောင်တိုက်နယ်ဆေးရုံ,Station,16,MMR010,Mandalay,MMR010D006,Yamethin,MMR010024,Pyawbwe,high confidence,20.541336000000058,95.96903500000008,0.227,0.087,0.493,17,505,seasonal,"location/name/facility_level/bed_class=REAL (MIMU 2020); population_served=derived from real bed_class; health rates/stock/road_risk=PLACEHOLDER, centered using real bed_class as a rurality proxy (not literal DHS/MICS data)"
CL-0224,Anauk Hlyaw Hpyu Kone Station Hospital,အနောက်လျှော်ဖြူကုန်းတိုက်နယ်ဆေးရုံ,Station,16,MMR010,Mandalay,MMR010D006,Yamethin,MMR010024,Pyawbwe,bestGuess,20.679400000000044,96.13945000000007,0.146,0.05,0.363,4,622,seasonal,"location/name/facility_level/bed_class=REAL (MIMU 2020); population_served=derived from real bed_class; health rates/stock/road_risk=PLACEHOLDER, centered using real bed_class as a rurality proxy (not literal DHS/MICS data)"
CL-0225,Thee Pin Station Hospital,သီးပင်တိုက်နယ်ဆေးရုံ,Station,16,MMR010,Mandalay,MMR010D006,Yamethin,MMR010024,Pyawbwe,probably accurate,20.598051000000055,95.94898700000005,0.241,0.05,0.447,18,355,conflict_restricted,"location/name/facility_level/bed_class=REAL (MIMU 2020); population_served=derived from real bed_class; health rates/stock/road_risk=PLACEHOLDER, centered using real bed_class as a rurality proxy (not literal DHS/MICS data)"
CL-0226,Traditional Hospital,တိုင်းရင်းဆေးရုံ,NA,16,MMR010,Mandalay,MMR010D006,Yamethin,MMR010024,Pyawbwe,high confidence,20.61787300000003,96.03866500000004,0.285,0.158,0.491,20,610,seasonal,"location/name/facility_level/bed_class=REAL (MIMU 2020); population_served=derived from real bed_class; health rates/stock/road_risk=PLACEHOLDER, centered using real bed_class as a rurality proxy (not literal DHS/MICS data)"
CL-0227,Meiktila General Hospital,မိတ္ထီလာပြည်သူ့ဆေးရုံကြီး,General,200,MMR010,Mandalay,MMR010D007,Meiktila,MMR010028,Meiktila,high confidence,20.87662400000005,95.84472700000003,0.21,0.232,0.572,3,3124,seasonal,"location/name/facility_level/bed_class=REAL (MIMU 2020); population_served=derived from real bed_class; health rates/stock/road_risk=PLACEHOLDER, centered using real bed_class as a rurality proxy (not literal DHS/MICS data)"
CL-0228,Shan Ma Nge Station Hospital,ရှမ်းမငယ်တိုက်နယ်ဆေးရုံ,Station,16,MMR010,Mandalay,MMR010D007,Meiktila,MMR010028,Meiktila,bestGuess,20.838500000000067,95.61742000000004,0.134,0.149,0.606,11,462,seasonal,"location/name/facility_level/bed_class=REAL (MIMU 2020); population_served=derived from real bed_class; health rates/stock/road_risk=PLACEHOLDER, centered using real bed_class as a rurality proxy (not literal DHS/MICS data)"
CL-0229,Ah Lel Station Hospital,အလယ်ရွာတိုက်နယ်ဆေးရုံ,Station,16,MMR010,Mandalay,MMR010D007,Meiktila,MMR010028,Meiktila,high confidence,20.767490000000066,95.77322300000009,0.267,0.229,0.498,23,494,seasonal,"location/name/facility_level/bed_class=REAL (MIMU 2020); population_served=derived from real bed_class; health rates/stock/road_risk=PLACEHOLDER, centered using real bed_class as a rurality proxy (not literal DHS/MICS data)"
CL-0230,Mahlaing Township Hospital,မလှိုင်မြို့နယ်ဆေးရုံ,Township,50,MMR010,Mandalay,MMR010D007,Meiktila,MMR010029,Mahlaing,high confidence,21.097917000000052,95.64540300000004,0.191,0.05,0.62,18,882,seasonal,"location/name/facility_level/bed_class=REAL (MIMU 2020); population_served=derived from real bed_class; health rates/stock/road_risk=PLACEHOLDER, centered using real bed_class as a rurality proxy (not literal DHS/MICS data)"
CL-0231,Kyauk Tan Station Hospital,ကျောက်တန်းတိုက်နယ်ဆေးရုံ,Station,16,MMR010,Mandalay,MMR010D007,Meiktila,MMR010029,Mahlaing,high confidence,21.066947000000027,95.58670600000005,0.271,0.18,0.514,4,296,conflict_restricted,"location/name/facility_level/bed_class=REAL (MIMU 2020); population_served=derived from real bed_class; health rates/stock/road_risk=PLACEHOLDER, centered using real bed_class as a rurality proxy (not literal DHS/MICS data)"
CL-0232,Se To Station Hospital,ဆည်တိုတိုက်နယ်ဆေးရုံ,Station,16,MMR010,Mandalay,MMR010D007,Meiktila,MMR010029,Mahlaing,high confidence,20.94548700000007,95.59848800000003,0.16,0.25,0.512,1,408,conflict_restricted,"location/name/facility_level/bed_class=REAL (MIMU 2020); population_served=derived from real bed_class; health rates/stock/road_risk=PLACEHOLDER, centered using real bed_class as a rurality proxy (not literal DHS/MICS data)"
CL-0233,Hnaw Kan Station Hospital,နှောကန်တိုက်နယ်ဆေးရုံ,Station,16,MMR010,Mandalay,MMR010D007,Meiktila,MMR010029,Mahlaing,high confidence,21.24849000000006,95.70252900000008,0.274,0.089,0.503,17,626,conflict_restricted,"location/name/facility_level/bed_class=REAL (MIMU 2020); population_served=derived from real bed_class; health rates/stock/road_risk=PLACEHOLDER, centered using real bed_class as a rurality proxy (not literal DHS/MICS data)"
CL-0234,Thazi Township Hospital,သာစည်မြို့နယ်ဆေးရုံ,Township,50,MMR010,Mandalay,MMR010D007,Meiktila,MMR010030,Thazi,high confidence,20.851008000000036,96.04729000000003,0.21,0.147,0.53,13,1495,conflict_restricted,"location/name/facility_level/bed_class=REAL (MIMU 2020); population_served=derived from real bed_class; health rates/stock/road_risk=PLACEHOLDER, centered using real bed_class as a rurality proxy (not literal DHS/MICS data)"
CL-0235,Yin Mar Pin Station Hospital,ယင်းမာပင်တိုက်နယ်ဆေးရုံ,Station,25,MMR010,Mandalay,MMR010D007,Meiktila,MMR010030,Thazi,high confidence,20.75790200000006,96.31403600000004,0.206,0.115,0.635,28,958,seasonal,"location/name/facility_level/bed_class=REAL (MIMU 2020); population_served=derived from real bed_class; health rates/stock/road_risk=PLACEHOLDER, centered using real bed_class as a rurality proxy (not literal DHS/MICS data)"
CL-0236,Nyaung Yan Station Hospital,ညောင်ရမ်းတိုက်နယ်ဆေးရုံ,Station,25,MMR010,Mandalay,MMR010D007,Meiktila,MMR010030,Thazi,high confidence,20.754151000000036,96.05233700000008,0.285,0.106,0.353,15,878,seasonal,"location/name/facility_level/bed_class=REAL (MIMU 2020); population_served=derived from real bed_class; health rates/stock/road_risk=PLACEHOLDER, centered using real bed_class as a rurality proxy (not literal DHS/MICS data)"
CL-0237,Han Zar Station Hospital,ဟံဇားတိုက်နယ်ဆေးရုံ,Station,25,MMR010,Mandalay,MMR010D007,Meiktila,MMR010030,Thazi,probably accurate,21.000929000000042,96.03473700000006,0.169,0.14,0.375,27,667,conflict_restricted,"location/name/facility_level/bed_class=REAL (MIMU 2020); population_served=derived from real bed_class; health rates/stock/road_risk=PLACEHOLDER, centered using real bed_class as a rurality proxy (not literal DHS/MICS data)"
CL-0238,Wundwin Township Hospital,ဝမ်းတွင်းမြို့နယ်ဆေးရုံ,Township,50,MMR010,Mandalay,MMR010D007,Meiktila,MMR010031,Wundwin,high confidence,21.09418400000004,96.03340100000008,0.146,0.256,0.492,6,1731,seasonal,"location/name/facility_level/bed_class=REAL (MIMU 2020); population_served=derived from real bed_class; health rates/stock/road_risk=PLACEHOLDER, centered using real bed_class as a rurality proxy (not literal DHS/MICS data)"
CL-0239,Pin Ta Le Station Hospital,ပင်းတလဲတိုက်နယ်ဆေးရုံ,Station,16,MMR010,Mandalay,MMR010D007,Meiktila,MMR010031,Wundwin,high confidence,21.172633000000076,95.84838700000006,0.16,0.267,0.511,13,247,conflict_restricted,"location/name/facility_level/bed_class=REAL (MIMU 2020); population_served=derived from real bed_class; health rates/stock/road_risk=PLACEHOLDER, centered using real bed_class as a rurality proxy (not literal DHS/MICS data)"
CL-0240,Nay Pu Kone Station Hospital,နေပူကုန်းတိုက်နယ်ဆေးရုံ,Station,16,MMR010,Mandalay,MMR010D007,Meiktila,MMR010031,Wundwin,high confidence,21.194416000000047,95.94042000000007,0.214,0.136,0.558,4,284,conflict_restricted,"location/name/facility_level/bed_class=REAL (MIMU 2020); population_served=derived from real bed_class; health rates/stock/road_risk=PLACEHOLDER, centered using real bed_class as a rurality proxy (not literal DHS/MICS data)"
CL-0241,Nyaung Oke Hpee Station Hospital,ညောင်အုပ်ဖီးတိုက်နယ်ဆေးရုံ,Station,16,MMR010,Mandalay,MMR010D007,Meiktila,MMR010031,Wundwin,high confidence,21.116224000000045,96.09484200000009,0.093,0.271,0.543,17,572,seasonal,"location/name/facility_level/bed_class=REAL (MIMU 2020); population_served=derived from real bed_class; health rates/stock/road_risk=PLACEHOLDER, centered using real bed_class as a rurality proxy (not literal DHS/MICS data)"
CL-0242,Sittwe General Hospital,စစ်တွေပြည်သူ့ဆေးရုံကြီး,General,500,MMR012,Rakhine,MMR012D001,Sittwe,MMR012001,Sittwe,high confidence,20.137564000000054,92.89873200000005,0.438,0.352,0.773,5,17460,all_weather,"location/name/facility_level/bed_class=REAL (MIMU 2020); population_served=derived from real bed_class; health rates/stock/road_risk=PLACEHOLDER, centered using real bed_class as a rurality proxy (not literal DHS/MICS data)"
CL-0243,War Bo Station Hospital,ဝါဘိုတိုက်နယ်ဆေးရုံ,Station,16,MMR012,Rakhine,MMR012D001,Sittwe,MMR012001,Sittwe,high confidence,20.227996000000076,92.89512100000007,0.155,0.262,0.581,14,333,seasonal,"location/name/facility_level/bed_class=REAL (MIMU 2020); population_served=derived from real bed_class; health rates/stock/road_risk=PLACEHOLDER, centered using real bed_class as a rurality proxy (not literal DHS/MICS data)"
CL-0244,Ponnagyun Township Hospital,ပုဏ္ဏားကျွန်းမြို့နယ်ဆေးရုံ,Township,25,MMR012,Rakhine,MMR012D001,Sittwe,MMR012002,Ponnagyun,high confidence,20.328157000000033,93.00177600000006,0.26,0.154,0.587,10,707,seasonal,"location/name/facility_level/bed_class=REAL (MIMU 2020); population_served=derived from real bed_class; health rates/stock/road_risk=PLACEHOLDER, centered using real bed_class as a rurality proxy (not literal DHS/MICS data)"
CL-0245,Yoe Ta Yoke Station Hospital,ယိုးတရုပ်တိုက်နယ်ဆေးရုံ,Station,16,MMR012,Rakhine,MMR012D001,Sittwe,MMR012002,Ponnagyun,high confidence,20.57047700000004,92.97668200000004,0.05,0.164,0.522,5,482,seasonal,"location/name/facility_level/bed_class=REAL (MIMU 2020); population_served=derived from real bed_class; health rates/stock/road_risk=PLACEHOLDER, centered using real bed_class as a rurality proxy (not literal DHS/MICS data)"
CL-0246,Ah Lel Chaung Station Hospital,အလယ်ချောင်းတိုက်နယ်ဆေးရုံ,Station,16,MMR012,Rakhine,MMR012D001,Sittwe,MMR012002,Ponnagyun,high confidence,20.369566000000077,92.91262300000005,0.14,0.178,0.577,2,587,seasonal,"location/name/facility_level/bed_class=REAL (MIMU 2020); population_served=derived from real bed_class; health rates/stock/road_risk=PLACEHOLDER, centered using real bed_class as a rurality proxy (not literal DHS/MICS data)"
CL-0247,Poe Shee Pyin Station Hospital,ပိုးရှိပြင်တိုက်နယ်ဆေးရုံ,Station,16,MMR012,Rakhine,MMR012D001,Sittwe,MMR012002,Ponnagyun,high confidence,20.45284900000007,92.90960700000005,0.086,0.347,0.529,15,481,conflict_restricted,"location/name/facility_level/bed_class=REAL (MIMU 2020); population_served=derived from real bed_class; health rates/stock/road_risk=PLACEHOLDER, centered using real bed_class as a rurality proxy (not literal DHS/MICS data)"
CL-0248,Mrauk-U Township Hospital,မြောက်ဦးမြို့နယ်ဆေးရုံ,Township,100,MMR012,Rakhine,MMR012D005,Mrauk-U,MMR012003,Mrauk-U,high confidence,20.608449000000064,93.17601200000007,0.174,0.241,0.521,28,2531,conflict_restricted,"location/name/facility_level/bed_class=REAL (MIMU 2020); population_served=derived from real bed_class; health rates/stock/road_risk=PLACEHOLDER, centered using real bed_class as a rurality proxy (not literal DHS/MICS data)"
CL-0249,Myaung Bway Station Hospital,မြောင်းဘွေတိုက်နယ်ဆေးရုံ,Station,16,MMR012,Rakhine,MMR012D005,Mrauk-U,MMR012003,Mrauk-U,high confidence,20.49070000000006,93.27869700000008,0.202,0.114,0.558,5,390,conflict_restricted,"location/name/facility_level/bed_class=REAL (MIMU 2020); population_served=derived from real bed_class; health rates/stock/road_risk=PLACEHOLDER, centered using real bed_class as a rurality proxy (not literal DHS/MICS data)"
CL-0250,Tein Nyo Station Hospital,တိန်ညိုတိုက်နယ်ဆေးရုံ,Station,16,MMR012,Rakhine,MMR012D005,Mrauk-U,MMR012003,Mrauk-U,high confidence,20.71940500000005,93.11407800000006,0.176,0.215,0.517,12,410,seasonal,"location/name/facility_level/bed_class=REAL (MIMU 2020); population_served=derived from real bed_class; health rates/stock/road_risk=PLACEHOLDER, centered using real bed_class as a rurality proxy (not literal DHS/MICS data)"
CL-0251,Pyar Te Station Hospital,ပျားတဲတိုက်နယ်ဆေးရုံ,Station,16,MMR012,Rakhine,MMR012D005,Mrauk-U,MMR012003,Mrauk-U,high confidence,20.497441000000038,93.11240200000003,0.172,0.135,0.51,6,501,seasonal,"location/name/facility_level/bed_class=REAL (MIMU 2020); population_served=derived from real bed_class; health rates/stock/road_risk=PLACEHOLDER, centered using real bed_class as a rurality proxy (not literal DHS/MICS data)"
CL-0252,Kyauktaw Township Hospital,ကျောက်တော်မြို့နယ်ဆေးရုံ,Township,50,MMR012,Rakhine,MMR012D005,Mrauk-U,MMR012004,Kyauktaw,high confidence,20.84295000000003,92.97568100000007,0.192,0.141,0.633,24,1834,seasonal,"location/name/facility_level/bed_class=REAL (MIMU 2020); population_served=derived from real bed_class; health rates/stock/road_risk=PLACEHOLDER, centered using real bed_class as a rurality proxy (not literal DHS/MICS data)"
CL-0253,Ah Pauk Wa Station Hospital,အပေါက်ဝတိုက်နယ်ဆေးရုံ,Station,16,MMR012,Rakhine,MMR012D005,Mrauk-U,MMR012004,Kyauktaw,high confidence,20.715823000000057,92.96829400000007,0.199,0.211,0.338,12,422,seasonal,"location/name/facility_level/bed_class=REAL (MIMU 2020); population_served=derived from real bed_class; health rates/stock/road_risk=PLACEHOLDER, centered using real bed_class as a rurality proxy (not literal DHS/MICS data)"
CL-0254,Tin Ma Station Hospital,တင်းမတိုက်နယ်ဆေးရုံ,Station,16,MMR012,Rakhine,MMR012D005,Mrauk-U,MMR012004,Kyauktaw,bestGuess,20.85799000000003,93.04834000000005,0.127,0.158,0.41,29,339,conflict_restricted,"location/name/facility_level/bed_class=REAL (MIMU 2020); population_served=derived from real bed_class; health rates/stock/road_risk=PLACEHOLDER, centered using real bed_class as a rurality proxy (not literal DHS/MICS data)"
CL-0255,Minbya Township Hospital,မင်းပြားမြို့နယ်ဆေးရုံ,Township,50,MMR012,Rakhine,MMR012D005,Mrauk-U,MMR012005,Minbya,high confidence,20.355748000000062,93.27027700000008,0.244,0.187,0.447,7,1046,seasonal,"location/name/facility_level/bed_class=REAL (MIMU 2020); population_served=derived from real bed_class; health rates/stock/road_risk=PLACEHOLDER, centered using real bed_class as a rurality proxy (not literal DHS/MICS data)"
CL-0256,Pan Myaung Station Hospital,ပန်းမြောင်တိုက်နယ်ဆေးရုံ,Station,16,MMR012,Rakhine,MMR012D005,Mrauk-U,MMR012005,Minbya,high confidence,20.59849600000007,93.26861800000006,0.227,0.157,0.484,2,538,seasonal,"location/name/facility_level/bed_class=REAL (MIMU 2020); population_served=derived from real bed_class; health rates/stock/road_risk=PLACEHOLDER, centered using real bed_class as a rurality proxy (not literal DHS/MICS data)"
CL-0257,Min Hpu Station Hospital,မင်းဖူးတိုက်နယ်ဆေးရုံ,Station,16,MMR012,Rakhine,MMR012D005,Mrauk-U,MMR012005,Minbya,high confidence,20.494507000000056,93.31527100000005,0.21,0.177,0.492,17,567,conflict_restricted,"location/name/facility_level/bed_class=REAL (MIMU 2020); population_served=derived from real bed_class; health rates/stock/road_risk=PLACEHOLDER, centered using real bed_class as a rurality proxy (not literal DHS/MICS data)"
CL-0258,Myebon Township Hospital,မြေပုံမြို့နယ်ဆေးရုံ,Township,50,MMR012,Rakhine,MMR012D005,Mrauk-U,MMR012006,Myebon,high confidence,20.042214000000058,93.37226000000004,0.235,0.195,0.424,19,882,seasonal,"location/name/facility_level/bed_class=REAL (MIMU 2020); population_served=derived from real bed_class; health rates/stock/road_risk=PLACEHOLDER, centered using real bed_class as a rurality proxy (not literal DHS/MICS data)"
CL-0259,Kan Htaunt Gyi Station Hospital,ကမ်းထောင့်ကြီးတိုက်နယ်ဆေးရုံ,Station,16,MMR012,Rakhine,MMR012D005,Mrauk-U,MMR012006,Myebon,high confidence,19.858835000000056,93.76165700000007,0.205,0.05,0.441,29,267,seasonal,"location/name/facility_level/bed_class=REAL (MIMU 2020); population_served=derived from real bed_class; health rates/stock/road_risk=PLACEHOLDER, centered using real bed_class as a rurality proxy (not literal DHS/MICS data)"
CL-0260,Lwan Lone Paik Station Hospital,လွမ်းလုံးပိုက်တိုက်နယ်ဆေးရုံ,Station,16,MMR012,Rakhine,MMR012D005,Mrauk-U,MMR012006,Myebon,high confidence,20.07907300000005,93.23681200000004,0.309,0.196,0.449,26,478,seasonal,"location/name/facility_level/bed_class=REAL (MIMU 2020); population_served=derived from real bed_class; health rates/stock/road_risk=PLACEHOLDER, centered using real bed_class as a rurality proxy (not literal DHS/MICS data)"
CL-0261,Nga Pa Thon Station Hospital,ငပသုန်တိုက်နယ်ဆေးရုံ,Station,16,MMR012,Rakhine,MMR012D005,Mrauk-U,MMR012006,Myebon,high confidence,19.688075000000026,93.54188400000004,0.182,0.097,0.682,26,298,conflict_restricted,"location/name/facility_level/bed_class=REAL (MIMU 2020); population_served=derived from real bed_class; health rates/stock/road_risk=PLACEHOLDER, centered using real bed_class as a rurality proxy (not literal DHS/MICS data)"
CL-0262,Kyar Inn Taung Station Hospital,ကြာအင်းတောင်တိုက်နယ်ဆေးရုံ,Station,16,MMR012,Rakhine,MMR012D005,Mrauk-U,MMR012006,Myebon,high confidence,20.17232400000006,93.43546100000003,0.169,0.07,0.636,19,570,conflict_restricted,"location/name/facility_level/bed_class=REAL (MIMU 2020); population_served=derived from real bed_class; health rates/stock/road_risk=PLACEHOLDER, centered using real bed_class as a rurality proxy (not literal DHS/MICS data)"
CL-0263,Pauktaw Township Hospital,ပေါက်တောမြို့နယ်ဆေးရုံ,Township,25,MMR012,Rakhine,MMR012D001,Sittwe,MMR012007,Pauktaw,high confidence,20.184183000000075,93.07037000000008,0.146,0.156,0.486,10,569,seasonal,"location/name/facility_level/bed_class=REAL (MIMU 2020); population_served=derived from real bed_class; health rates/stock/road_risk=PLACEHOLDER, centered using real bed_class as a rurality proxy (not literal DHS/MICS data)"
CL-0264,Kyauk Taung Station Hospital,ကျောက်တောင်တိုက်နယ်ဆေးရုံ,Station,16,MMR012,Rakhine,MMR012D001,Sittwe,MMR012007,Pauktaw,high confidence,20.046367000000032,93.06144900000004,0.125,0.161,0.484,12,298,conflict_restricted,"location/name/facility_level/bed_class=REAL (MIMU 2020); population_served=derived from real bed_class; health rates/stock/road_risk=PLACEHOLDER, centered using real bed_class as a rurality proxy (not literal DHS/MICS data)"
CL-0265,Rathedaung Township Hospital,ရသေ့တောင်မြို့နယ်ဆေးရုံ,Township,25,MMR012,Rakhine,MMR012D001,Sittwe,MMR012008,Rathedaung,high confidence,20.482657000000074,92.75297600000005,0.116,0.118,0.435,4,951,conflict_restricted,"location/name/facility_level/bed_class=REAL (MIMU 2020); population_served=derived from real bed_class; health rates/stock/road_risk=PLACEHOLDER, centered using real bed_class as a rurality proxy (not literal DHS/MICS data)"
CL-0266,Zay Di Pyin Station Hospital,စေတီပြင်တိုက်နယ်ဆေးရုံ,Station,16,MMR012,Rakhine,MMR012D001,Sittwe,MMR012008,Rathedaung,high confidence,20.57159400000006,92.66967500000004,0.134,0.206,0.376,12,306,conflict_restricted,"location/name/facility_level/bed_class=REAL (MIMU 2020); population_served=derived from real bed_class; health rates/stock/road_risk=PLACEHOLDER, centered using real bed_class as a rurality proxy (not literal DHS/MICS data)"
CL-0267,Mu Say Station Hospital,မူးစေးကျွန်းတိုက်နယ်ဆေးရုံ,Station,NA,MMR012,Rakhine,MMR012D001,Sittwe,MMR012008,Rathedaung,high confidence,20.41106700000006,92.79016900000005,0.183,0.076,0.501,10,354,seasonal,"location/name/facility_level/bed_class=REAL (MIMU 2020); population_served=derived from real bed_class; health rates/stock/road_risk=PLACEHOLDER, centered using real bed_class as a rurality proxy (not literal DHS/MICS data)"
CL-0268,Kyauk Tan Station Hospital,ကျောက်တန်းတိုက်နယ်ဆေးရုံ,Station,NA,MMR012,Rakhine,MMR012D001,Sittwe,MMR012008,Rathedaung,bestGuess,20.595590000000072,92.75266000000005,0.207,0.132,0.44,1,301,seasonal,"location/name/facility_level/bed_class=REAL (MIMU 2020); population_served=derived from real bed_class; health rates/stock/road_risk=PLACEHOLDER, centered using real bed_class as a rurality proxy (not literal DHS/MICS data)"
CL-0269,Maungdaw General Hospital,မောင်တောပြည်သူ့ဆေးရုံ,General,50,MMR012,Rakhine,MMR012D002,Maungdaw,MMR012009,Maungdaw,high confidence,20.820422000000065,92.36859700000008,0.205,0.135,0.524,6,894,conflict_restricted,"location/name/facility_level/bed_class=REAL (MIMU 2020); population_served=derived from real bed_class; health rates/stock/road_risk=PLACEHOLDER, centered using real bed_class as a rurality proxy (not literal DHS/MICS data)"
CL-0270,Ah Lel Than Kyaw Station Hospital,အလယ်သံကျော်တိုက်နယ်ဆေးရုံ,Station,16,MMR012,Rakhine,MMR012D002,Maungdaw,MMR012009,Maungdaw,high confidence,20.68461300000007,92.43838500000004,0.141,0.154,0.398,16,248,seasonal,"location/name/facility_level/bed_class=REAL (MIMU 2020); population_served=derived from real bed_class; health rates/stock/road_risk=PLACEHOLDER, centered using real bed_class as a rurality proxy (not literal DHS/MICS data)"
CL-0271,Kyein Chaung Station Hospital,ကြိမ်ချောင်းတိုက်နယ်ဆေးရုံ,Station,16,MMR012,Rakhine,MMR012D002,Maungdaw,MMR012009,Maungdaw,bestGuess,21.087560000000053,92.33924000000007,0.241,0.173,0.456,11,262,conflict_restricted,"location/name/facility_level/bed_class=REAL (MIMU 2020); population_served=derived from real bed_class; health rates/stock/road_risk=PLACEHOLDER, centered using real bed_class as a rurality proxy (not literal DHS/MICS data)"
CL-0272,Taung Pyo Let Wae Station Hospital,တောင်ပြိုလက်ဝဲတိုက်နယ်ဆေးရုံ,Station,16,MMR012,Rakhine,MMR012D002,Maungdaw,MMR012009,Maungdaw,high confidence,21.17981700000007,92.18412300000006,0.231,0.096,0.52,29,310,conflict_restricted,"location/name/facility_level/bed_class=REAL (MIMU 2020); population_served=derived from real bed_class; health rates/stock/road_risk=PLACEHOLDER, centered using real bed_class as a rurality proxy (not literal DHS/MICS data)"
CL-0273,Aung Tha Pyay Station Hospital,အောင်သပြေတိုက်နယ်ဆေးရုံ,Station,16,MMR012,Rakhine,MMR012D002,Maungdaw,MMR012009,Maungdaw,bestGuess,21.361718000000053,92.28088300000007,0.177,0.2,0.535,14,261,seasonal,"location/name/facility_level/bed_class=REAL (MIMU 2020); population_served=derived from real bed_class; health rates/stock/road_risk=PLACEHOLDER, centered using real bed_class as a rurality proxy (not literal DHS/MICS data)"
CL-0274,Buthidaung Township Hospital,ဘူးသီးတောင်မြို့နယ်ဆေးရုံ,Township,50,MMR012,Rakhine,MMR012D002,Maungdaw,MMR012010,Buthidaung,high confidence,20.877316000000064,92.53094800000008,0.163,0.174,0.559,28,1489,conflict_restricted,"location/name/facility_level/bed_class=REAL (MIMU 2020); population_served=derived from real bed_class; health rates/stock/road_risk=PLACEHOLDER, centered using real bed_class as a rurality proxy (not literal DHS/MICS data)"
CL-0275,Taung Bazar Station Hospital,တောင်ဘဇာတိုက်နယ်ဆေးရုံ,Station,16,MMR012,Rakhine,MMR012D002,Maungdaw,MMR012010,Buthidaung,bestGuess,21.008186000000023,92.50516400000004,0.22,0.05,0.417,19,512,conflict_restricted,"location/name/facility_level/bed_class=REAL (MIMU 2020); population_served=derived from real bed_class; health rates/stock/road_risk=PLACEHOLDER, centered using real bed_class as a rurality proxy (not literal DHS/MICS data)"
CL-0276,Zay Di Taung Station Hospital,စေတီတောင်တိုက်နယ်ဆေးရုံ,Station,16,MMR012,Rakhine,MMR012D002,Maungdaw,MMR012010,Buthidaung,high confidence,20.73913200000004,92.63599200000004,0.198,0.05,0.569,1,397,conflict_restricted,"location/name/facility_level/bed_class=REAL (MIMU 2020); population_served=derived from real bed_class; health rates/stock/road_risk=PLACEHOLDER, centered using real bed_class as a rurality proxy (not literal DHS/MICS data)"
CL-0277,Kyaukpyu General Hospital,ကျောက်ဖြူပြည်သူ့ဆေးရုံ,General,200,MMR012,Rakhine,MMR012D003,Kyaukpyu,MMR012011,Kyaukpyu,high confidence,19.431771000000026,93.54702900000007,0.181,0.229,0.564,6,4590,all_weather,"location/name/facility_level/bed_class=REAL (MIMU 2020); population_served=derived from real bed_class; health rates/stock/road_risk=PLACEHOLDER, centered using real bed_class as a rurality proxy (not literal DHS/MICS data)"
CL-0278,Sa Ne Station Hospital,စနဲတိုက်နယ်ဆေးရုံ,Station,16,MMR012,Rakhine,MMR012D003,Kyaukpyu,MMR012011,Kyaukpyu,high confidence,19.215464000000054,93.73569300000008,0.183,0.143,0.554,21,442,conflict_restricted,"location/name/facility_level/bed_class=REAL (MIMU 2020); population_served=derived from real bed_class; health rates/stock/road_risk=PLACEHOLDER, centered using real bed_class as a rurality proxy (not literal DHS/MICS data)"
CL-0279,Zin Chaung Station Hospital,ဇင်ချောင်းတိုက်နယ်ဆေးရုံ,Station,16,MMR012,Rakhine,MMR012D003,Kyaukpyu,MMR012011,Kyaukpyu,high confidence,19.149467000000072,93.64284700000007,0.203,0.15,0.509,16,590,seasonal,"location/name/facility_level/bed_class=REAL (MIMU 2020); population_served=derived from real bed_class; health rates/stock/road_risk=PLACEHOLDER, centered using real bed_class as a rurality proxy (not literal DHS/MICS data)"
CL-0280,Munaung Township Hospital,မာန်အောင်မြို့နယ်ဆေးရုံ,Township,50,MMR012,Rakhine,MMR012D003,Kyaukpyu,MMR012012,Munaung,high confidence,18.856790000000046,93.72669300000007,0.148,0.168,0.434,9,1814,conflict_restricted,"location/name/facility_level/bed_class=REAL (MIMU 2020); population_served=derived from real bed_class; health rates/stock/road_risk=PLACEHOLDER, centered using real bed_class as a rurality proxy (not literal DHS/MICS data)"
CL-0281,Thit Pon Station Hospital,သစ်ပုံတိုက်နယ်ဆေးရုံ,Station,16,MMR012,Rakhine,MMR012D003,Kyaukpyu,MMR012012,Munaung,high confidence,18.882775000000038,93.58964900000007,0.198,0.17,0.487,15,257,conflict_restricted,"location/name/facility_level/bed_class=REAL (MIMU 2020); population_served=derived from real bed_class; health rates/stock/road_risk=PLACEHOLDER, centered using real bed_class as a rurality proxy (not literal DHS/MICS data)"
CL-0282,Sar Chet Station Hospital,ဆားချက်တိုက်နယ်ဆေးရုံ,Station,16,MMR012,Rakhine,MMR012D003,Kyaukpyu,MMR012012,Munaung,high confidence,18.68095900000003,93.70896800000008,0.1,0.213,0.535,27,313,conflict_restricted,"location/name/facility_level/bed_class=REAL (MIMU 2020); population_served=derived from real bed_class; health rates/stock/road_risk=PLACEHOLDER, centered using real bed_class as a rurality proxy (not literal DHS/MICS data)"
CL-0283,Ramree Township Hospital,ရမ်းဗြဲမြို့နယ်ဆေးရုံ,Township,50,MMR012,Rakhine,MMR012D003,Kyaukpyu,MMR012013,Ramree,high confidence,19.089226000000053,93.86165400000004,0.282,0.103,0.573,11,1046,seasonal,"location/name/facility_level/bed_class=REAL (MIMU 2020); population_served=derived from real bed_class; health rates/stock/road_risk=PLACEHOLDER, centered using real bed_class as a rurality proxy (not literal DHS/MICS data)"
CL-0284,Kyauk Ni Maw Station Hospital,ကျောက်နီမော်တိုက်နယ်ဆေးရုံ,Station,16,MMR012,Rakhine,MMR012D003,Kyaukpyu,MMR012013,Ramree,high confidence,18.908937000000037,93.95394200000004,0.262,0.086,0.5,1,340,seasonal,"location/name/facility_level/bed_class=REAL (MIMU 2020); population_served=derived from real bed_class; health rates/stock/road_risk=PLACEHOLDER, centered using real bed_class as a rurality proxy (not literal DHS/MICS data)"
CL-0285,Lay Htaung Tha Yet Cho Station Hospital,လေးထောင့်သရက်ချိုတိုက်နယ်ဆေးရုံ,Station,16,MMR012,Rakhine,MMR012D003,Kyaukpyu,MMR012013,Ramree,high confidence,19.03890800000005,93.69516700000008,0.172,0.091,0.617,9,468,seasonal,"location/name/facility_level/bed_class=REAL (MIMU 2020); population_served=derived from real bed_class; health rates/stock/road_risk=PLACEHOLDER, centered using real bed_class as a rurality proxy (not literal DHS/MICS data)"
CL-0286,Sa Ku Station Hospital,စကုကျွန်းတိုက်နယ်ဆေးရုံ,Station,16,MMR012,Rakhine,MMR012D003,Kyaukpyu,MMR012013,Ramree,high confidence,18.803386000000046,93.97044100000005,0.209,0.174,0.58,28,407,seasonal,"location/name/facility_level/bed_class=REAL (MIMU 2020); population_served=derived from real bed_class; health rates/stock/road_risk=PLACEHOLDER, centered using real bed_class as a rurality proxy (not literal DHS/MICS data)"
CL-0287,Kon Baung Station Hospital,ကုန်းဘောင်တိုက်နယ်ဆေးရုံ,Station,16,MMR012,Rakhine,MMR012D003,Kyaukpyu,MMR012013,Ramree,high confidence,19.136404000000027,93.80195800000007,0.05,0.231,0.492,22,260,seasonal,"location/name/facility_level/bed_class=REAL (MIMU 2020); population_served=derived from real bed_class; health rates/stock/road_risk=PLACEHOLDER, centered using real bed_class as a rurality proxy (not literal DHS/MICS data)"
CL-0288,Myay Pon Station Hospital,မြေပုံတိုက်နယ်ဆေးရုံ,Station,16,MMR012,Rakhine,MMR012D003,Kyaukpyu,MMR012013,Ramree,high confidence,18.998614000000032,93.95381300000008,0.118,0.131,0.562,25,389,seasonal,"location/name/facility_level/bed_class=REAL (MIMU 2020); population_served=derived from real bed_class; health rates/stock/road_risk=PLACEHOLDER, centered using real bed_class as a rurality proxy (not literal DHS/MICS data)"
CL-0289,Ann Township Hospital,အမ်းမြို့နယ်ဆေးရုံ,Township,100,MMR012,Rakhine,MMR012D003,Kyaukpyu,MMR012014,Ann,high confidence,19.79436000000004,94.04471000000007,0.206,0.05,0.695,27,2809,seasonal,"location/name/facility_level/bed_class=REAL (MIMU 2020); population_served=derived from real bed_class; health rates/stock/road_risk=PLACEHOLDER, centered using real bed_class as a rurality proxy (not literal DHS/MICS data)"
CL-0290,Tat Taung Station Hospital,တပ်တောင်တိုက်နယ်ဆေးရုံ,Station,16,MMR012,Rakhine,MMR012D003,Kyaukpyu,MMR012014,Ann,high confidence,19.571810000000028,93.92910400000005,0.123,0.054,0.647,3,281,conflict_restricted,"location/name/facility_level/bed_class=REAL (MIMU 2020); population_served=derived from real bed_class; health rates/stock/road_risk=PLACEHOLDER, centered using real bed_class as a rurality proxy (not literal DHS/MICS data)"
CL-0291,Yu Station Hospital,ရူးတိုက်နယ်ဆေးရုံ,Station,16,MMR012,Rakhine,MMR012D003,Kyaukpyu,MMR012014,Ann,high confidence,19.754927000000066,93.83306500000003,0.23,0.106,0.424,8,573,conflict_restricted,"location/name/facility_level/bed_class=REAL (MIMU 2020); population_served=derived from real bed_class; health rates/stock/road_risk=PLACEHOLDER, centered using real bed_class as a rurality proxy (not literal DHS/MICS data)"
CL-0292,Dar Let Station Hospital,ဒါးလက်တိုက်နယ်ဆေးရုံ,Station,16,MMR012,Rakhine,MMR012D003,Kyaukpyu,MMR012014,Ann,high confidence,19.98804700000005,93.83111800000006,0.307,0.123,0.445,1,261,seasonal,"location/name/facility_level/bed_class=REAL (MIMU 2020); population_served=derived from real bed_class; health rates/stock/road_risk=PLACEHOLDER, centered using real bed_class as a rurality proxy (not literal DHS/MICS data)"
CL-0293,Tha Pyu Chaing Station Hospital,သပြုချိုင်တိုက်နယ်ဆေးရုံ,Station,NA,MMR012,Rakhine,MMR012D003,Kyaukpyu,MMR012014,Ann,bestGuess,19.038486000000034,93.75084600000008,0.116,0.132,0.614,0,610,conflict_restricted,"location/name/facility_level/bed_class=REAL (MIMU 2020); population_served=derived from real bed_class; health rates/stock/road_risk=PLACEHOLDER, centered using real bed_class as a rurality proxy (not literal DHS/MICS data)"
CL-0294,Thandwe General Hospital,သံတွဲပြည်သူ့ဆေးရုံ,General,100,MMR012,Rakhine,MMR012D004,Thandwe,MMR012015,Thandwe,high confidence,18.464920000000063,94.35941000000008,0.174,0.192,0.486,25,1748,conflict_restricted,"location/name/facility_level/bed_class=REAL (MIMU 2020); population_served=derived from real bed_class; health rates/stock/road_risk=PLACEHOLDER, centered using real bed_class as a rurality proxy (not literal DHS/MICS data)"
CL-0295,Shwe Hlay Station Hospital,ရွှေလှေတိုက်နယ်ဆေးရုံ,Station,16,MMR012,Rakhine,MMR012D004,Thandwe,MMR012015,Thandwe,high confidence,18.614021000000037,94.30013600000007,0.201,0.138,0.417,28,577,seasonal,"location/name/facility_level/bed_class=REAL (MIMU 2020); population_served=derived from real bed_class; health rates/stock/road_risk=PLACEHOLDER, centered using real bed_class as a rurality proxy (not literal DHS/MICS data)"
CL-0296,Kwin Waing Station Hospital,ကွင်းဝိုင်းတိုက်နယ်ဆေးရုံ,Station,16,MMR012,Rakhine,MMR012D004,Thandwe,MMR012015,Thandwe,bestGuess,18.29365000000007,94.35169000000008,0.284,0.219,0.476,4,601,seasonal,"location/name/facility_level/bed_class=REAL (MIMU 2020); population_served=derived from real bed_class; health rates/stock/road_risk=PLACEHOLDER, centered using real bed_class as a rurality proxy (not literal DHS/MICS data)"
CL-0297,Kyauk Gyi Station Hospital,ကျောက်ကြီးတိုက်နယ်ဆေးရုံ,Station,16,MMR012,Rakhine,MMR012D004,Thandwe,MMR012015,Thandwe,high confidence,18.254935000000046,94.46922400000005,0.114,0.116,0.539,21,632,conflict_restricted,"location/name/facility_level/bed_class=REAL (MIMU 2020); population_served=derived from real bed_class; health rates/stock/road_risk=PLACEHOLDER, centered using real bed_class as a rurality proxy (not literal DHS/MICS data)"
CL-0298,Lin Thar Station Hospital,ငပလီ(လင်းသာ)တိုက်နယ်ဆေးရုံ,Station,25,MMR012,Rakhine,MMR012D004,Thandwe,MMR012015,Thandwe,high confidence,18.450091000000043,94.31062100000008,0.206,0.108,0.508,16,876,conflict_restricted,"location/name/facility_level/bed_class=REAL (MIMU 2020); population_served=derived from real bed_class; health rates/stock/road_risk=PLACEHOLDER, centered using real bed_class as a rurality proxy (not literal DHS/MICS data)"
CL-0299,Toungup Township Hospital,တောင်ကုတ်မြို့နယ်ဆေးရုံ,Township,100,MMR012,Rakhine,MMR012D004,Thandwe,MMR012016,Toungup,high confidence,18.853040000000078,94.23627000000005,0.333,0.219,0.514,2,3449,conflict_restricted,"location/name/facility_level/bed_class=REAL (MIMU 2020); population_served=derived from real bed_class; health rates/stock/road_risk=PLACEHOLDER, centered using real bed_class as a rurality proxy (not literal DHS/MICS data)"
CL-0300,La Mu Station Hospital,လမူးတိုက်နယ်ဆေးရုံ,Station,16,MMR012,Rakhine,MMR012D004,Thandwe,MMR012016,Toungup,high confidence,19.23495900000006,94.16073800000004,0.088,0.064,0.462,27,497,conflict_restricted,"location/name/facility_level/bed_class=REAL (MIMU 2020); population_served=derived from real bed_class; health rates/stock/road_risk=PLACEHOLDER, centered using real bed_class as a rurality proxy (not literal DHS/MICS data)"
CL-0301,Ywar Ma Station Hospital,ရွာမတိုက်နယ်ဆေးရုံ,Station,16,MMR012,Rakhine,MMR012D004,Thandwe,MMR012016,Toungup,high confidence,18.99911700000007,94.12432400000006,0.11,0.18,0.46,26,552,conflict_restricted,"location/name/facility_level/bed_class=REAL (MIMU 2020); population_served=derived from real bed_class; health rates/stock/road_risk=PLACEHOLDER, centered using real bed_class as a rurality proxy (not literal DHS/MICS data)"
CL-0302,Ma Ei Station Hospital,မအီတိုက်နယ်ဆေးရုံ,Station,16,MMR012,Rakhine,MMR012D004,Thandwe,MMR012016,Toungup,high confidence,19.339067000000057,94.13646700000004,0.162,0.163,0.448,17,294,seasonal,"location/name/facility_level/bed_class=REAL (MIMU 2020); population_served=derived from real bed_class; health rates/stock/road_risk=PLACEHOLDER, centered using real bed_class as a rurality proxy (not literal DHS/MICS data)"
CL-0303,Nga Mauk Chaung Station Hospital,ငမောက်ချောင်းတိုက်နယ်ဆေးရုံ,Station,16,MMR012,Rakhine,MMR012D004,Thandwe,MMR012016,Toungup,high confidence,18.83333700000003,94.10984000000008,0.156,0.148,0.669,21,454,conflict_restricted,"location/name/facility_level/bed_class=REAL (MIMU 2020); population_served=derived from real bed_class; health rates/stock/road_risk=PLACEHOLDER, centered using real bed_class as a rurality proxy (not literal DHS/MICS data)"
CL-0304,Gwa Township Hospital,ဂွမြို့နယ်ဆေးရုံ,Township,50,MMR012,Rakhine,MMR012D004,Thandwe,MMR012017,Gwa,high confidence,17.594179000000054,94.57206200000007,0.251,0.265,0.551,11,1393,seasonal,"location/name/facility_level/bed_class=REAL (MIMU 2020); population_served=derived from real bed_class; health rates/stock/road_risk=PLACEHOLDER, centered using real bed_class as a rurality proxy (not literal DHS/MICS data)"
CL-0305,Kyain Ta Li Station Hospital,ကျိန္တလိတိုက်နယ်ဆေးရုံ,Station,16,MMR012,Rakhine,MMR012D004,Thandwe,MMR012017,Gwa,high confidence,18.01003600000007,94.49364200000008,0.202,0.119,0.572,23,583,conflict_restricted,"location/name/facility_level/bed_class=REAL (MIMU 2020); population_served=derived from real bed_class; health rates/stock/road_risk=PLACEHOLDER, centered using real bed_class as a rurality proxy (not literal DHS/MICS data)"
CL-0306,Sat Thwar Station Hospital,ဆပ်သွားတိုက်နယ်ဆေးရုံ,Station,16,MMR012,Rakhine,MMR012D004,Thandwe,MMR012017,Gwa,high confidence,17.786520000000053,94.49596300000007,0.081,0.28,0.475,13,425,seasonal,"location/name/facility_level/bed_class=REAL (MIMU 2020); population_served=derived from real bed_class; health rates/stock/road_risk=PLACEHOLDER, centered using real bed_class as a rurality proxy (not literal DHS/MICS data)"
