clinic_id,item_id,current_stock_units,weekly_consumption,days_of_stock_remaining,nearest_expiry_date,days_to_expiry,stockout_flag,expiry_risk_flag,priority_score,demo_subset,_data_provenance
CL-0001,MED_ACT,25,91,1.9,3/10/2028,578,TRUE,FALSE,0.81,TRUE,proxy_synthetic
CL-0001,MED_RDT_MAL,39,163,1.7,3/17/2027,219,TRUE,FALSE,0.81,TRUE,proxy_synthetic
CL-0001,MED_DENGUE_SUP,296,73,28.4,11/14/2027,461,FALSE,FALSE,0.2,FALSE,proxy_synthetic
CL-0001,MED_RDT_DEN,336,93,25.3,6/21/2027,315,FALSE,FALSE,0.21,TRUE,proxy_synthetic
CL-0001,MED_ORS,2677,335,55.9,12/10/2027,487,FALSE,FALSE,0.35,FALSE,proxy_synthetic
CL-0001,MED_CHOLERA_KIT,491,73,47.1,12/22/2027,499,FALSE,FALSE,0.31,TRUE,proxy_synthetic
CL-0001,VAC_OCV,410,132,21.7,4/28/2027,261,FALSE,FALSE,0.24,FALSE,proxy_synthetic
CL-0001,VAC_MEASLES,251,63,27.9,6/18/2028,678,FALSE,FALSE,0.3,FALSE,proxy_synthetic
CL-0001,VAC_OPV,260,71,25.6,7/19/2027,343,FALSE,FALSE,0.3,FALSE,proxy_synthetic
CL-0001,VAC_PENTA,576,74,54.5,3/25/2027,227,FALSE,FALSE,0.25,TRUE,proxy_synthetic
CL-0001,VAC_TT,406,48,59.2,2/10/2028,549,FALSE,FALSE,0.26,FALSE,proxy_synthetic
CL-0001,MED_ANTIVENOM,68,16,29.8,7/22/2027,346,FALSE,FALSE,0.29,FALSE,proxy_synthetic
CL-0001,MED_SNAKE_ANTIVENOM,213,23,64.8,4/24/2027,257,FALSE,FALSE,0.21,TRUE,proxy_synthetic
CL-0001,MED_SNAKE_WOUND,211,39,37.9,11/24/2026,106,FALSE,TRUE,0.44,FALSE,proxy_synthetic
CL-0001,MED_OXYTOCIN,25,40,4.4,12/1/2027,478,TRUE,FALSE,0.64,TRUE,proxy_synthetic
CL-0001,MED_METFORMIN,44,109,2.8,7/13/2028,703,TRUE,FALSE,0.78,FALSE,proxy_synthetic
CL-0001,MED_GLUCOSE,320,38,58.9,2/1/2028,540,FALSE,FALSE,0.29,TRUE,proxy_synthetic
CL-0001,MED_VIT_A,601,77,54.6,3/9/2027,211,FALSE,FALSE,0.25,TRUE,proxy_synthetic
CL-0001,MED_MUAC_KIT,277,34,57.0,4/7/2027,240,FALSE,FALSE,0.33,FALSE,proxy_synthetic
CL-0001,MED_ZINC_MAL,340,112,21.2,4/7/2028,606,FALSE,FALSE,0.22,FALSE,proxy_synthetic
CL-0001,VAC_HEPB,295,35,59.0,6/22/2027,316,FALSE,FALSE,0.28,FALSE,proxy_synthetic
CL-0001,VAC_BCG,361,39,64.8,10/13/2027,429,FALSE,FALSE,0.28,TRUE,proxy_synthetic
CL-0001,VAC_MR,254,39,45.6,6/26/2027,320,FALSE,FALSE,0.21,FALSE,proxy_synthetic
CL-0001,MED_TETANUS,167,20,58.5,11/7/2026,89,FALSE,TRUE,0.45,FALSE,proxy_synthetic
CL-0001,MED_DIABETES_INSULIN,257,29,62.0,10/30/2027,446,FALSE,FALSE,0.32,FALSE,proxy_synthetic
CL-0001,MED_GLIBENCLAMIDE,23,57,2.8,11/4/2027,451,TRUE,FALSE,0.76,FALSE,proxy_synthetic
CL-0001,MED_GLUCAGON,24,5,33.6,7/11/2027,335,FALSE,FALSE,0.23,FALSE,proxy_synthetic
CL-0001,MED_RUTF,229,54,29.7,10/16/2027,432,FALSE,FALSE,0.33,FALSE,proxy_synthetic
CL-0001,MED_F75,106,13,57.1,6/13/2028,673,FALSE,FALSE,0.33,TRUE,proxy_synthetic
CL-0001,MED_F100,89,17,36.6,11/23/2026,105,FALSE,TRUE,0.39,FALSE,proxy_synthetic
CL-0001,MED_THERAPEUTIC_FEED,84,15,39.2,6/28/2028,688,FALSE,FALSE,0.35,FALSE,proxy_synthetic
CL-0002,MED_ACT,37,8,32.4,12/23/2027,500,FALSE,FALSE,0.28,FALSE,proxy_synthetic
CL-0002,MED_RDT_MAL,65,11,41.4,4/27/2027,260,FALSE,FALSE,0.34,TRUE,proxy_synthetic
CL-0002,MED_DENGUE_SUP,36,5,50.4,4/15/2027,248,FALSE,FALSE,0.33,TRUE,proxy_synthetic
CL-0002,MED_RDT_DEN,38,7,38.0,8/17/2027,372,FALSE,FALSE,0.34,TRUE,proxy_synthetic
CL-0002,MED_ORS,131,25,36.7,8/10/2027,365,FALSE,FALSE,0.25,FALSE,proxy_synthetic
CL-0002,MED_CHOLERA_KIT,37,4,64.8,4/14/2027,247,FALSE,FALSE,0.23,TRUE,proxy_synthetic
CL-0002,VAC_OCV,127,15,59.3,5/26/2027,289,FALSE,FALSE,0.33,FALSE,proxy_synthetic
CL-0002,VAC_MEASLES,42,6,49.0,1/14/2027,157,FALSE,TRUE,0.26,FALSE,proxy_synthetic
CL-0002,VAC_OPV,1,6,1.2,4/14/2027,247,TRUE,FALSE,0.91,FALSE,proxy_synthetic
CL-0002,VAC_PENTA,41,6,47.8,11/7/2027,454,FALSE,FALSE,0.34,FALSE,proxy_synthetic
CL-0002,VAC_TT,18,4,31.5,1/8/2027,151,FALSE,TRUE,0.28,FALSE,proxy_synthetic
CL-0002,MED_ANTIVENOM,3,1,21.0,1/22/2027,165,FALSE,TRUE,0.24,FALSE,proxy_synthetic
CL-0002,MED_SNAKE_ANTIVENOM,13,2,45.5,10/25/2026,76,FALSE,TRUE,0.48,FALSE,proxy_synthetic
CL-0002,MED_SNAKE_WOUND,12,3,28.0,5/1/2027,264,FALSE,FALSE,0.32,FALSE,proxy_synthetic
CL-0002,MED_OXYTOCIN,11,3,25.7,5/13/2028,642,FALSE,FALSE,0.35,FALSE,proxy_synthetic
CL-0002,MED_METFORMIN,6,10,4.2,7/1/2028,691,TRUE,FALSE,0.7,FALSE,proxy_synthetic
CL-0002,MED_GLUCOSE,17,4,29.8,5/3/2027,266,FALSE,FALSE,0.33,FALSE,proxy_synthetic
CL-0002,MED_VIT_A,28,5,39.2,4/22/2028,621,FALSE,FALSE,0.23,TRUE,proxy_synthetic
CL-0002,MED_MUAC_KIT,17,2,59.5,7/31/2027,355,FALSE,FALSE,0.3,FALSE,proxy_synthetic
CL-0002,MED_ZINC_MAL,124,14,62.0,2/1/2027,175,FALSE,TRUE,0.24,TRUE,proxy_synthetic
CL-0003,MED_ACT,52,7,52.0,1/5/2028,513,FALSE,FALSE,0.28,FALSE,proxy_synthetic
CL-0003,MED_RDT_MAL,139,19,51.2,1/27/2027,170,FALSE,TRUE,0.28,FALSE,proxy_synthetic
CL-0003,MED_DENGUE_SUP,57,8,49.9,3/30/2027,232,FALSE,FALSE,0.3,FALSE,proxy_synthetic
CL-0003,MED_RDT_DEN,59,8,51.6,6/12/2027,306,FALSE,FALSE,0.26,FALSE,proxy_synthetic
CL-0003,MED_ORS,11,28,2.8,2/21/2028,560,TRUE,FALSE,0.79,FALSE,proxy_synthetic
CL-0003,MED_CHOLERA_KIT,2,8,1.8,12/23/2027,500,TRUE,FALSE,0.82,FALSE,proxy_synthetic
CL-0003,VAC_OCV,64,16,28.0,5/31/2028,660,FALSE,FALSE,0.32,TRUE,proxy_synthetic
CL-0003,VAC_MEASLES,41,6,47.8,4/20/2028,619,FALSE,FALSE,0.31,FALSE,proxy_synthetic
CL-0003,VAC_OPV,22,8,19.2,5/11/2027,274,FALSE,FALSE,0.33,TRUE,proxy_synthetic
CL-0003,VAC_PENTA,27,7,27.0,11/10/2027,457,FALSE,FALSE,0.24,FALSE,proxy_synthetic
CL-0003,VAC_TT,39,5,54.6,11/29/2026,111,FALSE,TRUE,0.42,FALSE,proxy_synthetic
CL-0003,MED_ANTIVENOM,8,1,56.0,4/25/2028,624,FALSE,FALSE,0.3,FALSE,proxy_synthetic
CL-0003,MED_SNAKE_ANTIVENOM,26,3,60.7,3/14/2028,582,FALSE,FALSE,0.28,FALSE,proxy_synthetic
CL-0003,MED_SNAKE_WOUND,30,4,52.5,7/20/2027,344,FALSE,FALSE,0.24,FALSE,proxy_synthetic
CL-0003,MED_OXYTOCIN,27,4,47.2,4/16/2027,249,FALSE,FALSE,0.24,FALSE,proxy_synthetic
CL-0003,MED_METFORMIN,35,10,24.5,3/1/2028,569,FALSE,FALSE,0.31,TRUE,proxy_synthetic
CL-0003,MED_GLUCOSE,27,5,37.8,10/11/2027,427,FALSE,FALSE,0.34,FALSE,proxy_synthetic
CL-0003,MED_VIT_A,62,8,54.2,3/12/2027,214,FALSE,FALSE,0.25,FALSE,proxy_synthetic
CL-0003,MED_MUAC_KIT,22,4,38.5,12/15/2027,492,FALSE,FALSE,0.29,TRUE,proxy_synthetic
CL-0003,MED_ZINC_MAL,36,13,19.4,2/22/2028,561,FALSE,FALSE,0.26,TRUE,proxy_synthetic
CL-0004,MED_ACT,54,8,47.2,11/25/2026,107,FALSE,TRUE,0.46,FALSE,proxy_synthetic
CL-0004,MED_RDT_MAL,45,13,24.2,3/24/2027,226,FALSE,FALSE,0.26,TRUE,proxy_synthetic
CL-0004,MED_DENGUE_SUP,31,6,36.2,11/21/2027,468,FALSE,FALSE,0.24,TRUE,proxy_synthetic
CL-0004,MED_RDT_DEN,56,6,65.3,9/25/2027,411,FALSE,FALSE,0.32,FALSE,proxy_synthetic
CL-0004,MED_ORS,121,31,27.3,10/27/2026,78,FALSE,TRUE,0.51,FALSE,proxy_synthetic
CL-0004,MED_CHOLERA_KIT,46,6,53.7,1/6/2028,514,FALSE,FALSE,0.31,TRUE,proxy_synthetic
CL-0004,VAC_OCV,56,17,23.1,11/15/2026,97,FALSE,TRUE,0.46,FALSE,proxy_synthetic
CL-0004,VAC_MEASLES,59,8,51.6,12/30/2026,142,FALSE,TRUE,0.31,FALSE,proxy_synthetic
CL-0004,VAC_OPV,34,10,23.8,6/21/2027,315,FALSE,FALSE,0.25,FALSE,proxy_synthetic
CL-0004,VAC_PENTA,29,6,33.8,4/22/2028,621,FALSE,FALSE,0.22,FALSE,proxy_synthetic
CL-0004,VAC_TT,44,6,51.3,3/21/2028,589,FALSE,FALSE,0.34,FALSE,proxy_synthetic
CL-0004,MED_ANTIVENOM,12,2,42.0,3/20/2028,588,FALSE,FALSE,0.24,FALSE,proxy_synthetic
CL-0004,MED_SNAKE_ANTIVENOM,2,3,4.7,11/3/2027,450,TRUE,FALSE,0.62,FALSE,proxy_synthetic
CL-0004,MED_SNAKE_WOUND,2,3,4.7,6/26/2027,320,TRUE,FALSE,0.63,FALSE,proxy_synthetic
CL-0004,MED_OXYTOCIN,11,4,19.2,4/20/2027,253,FALSE,FALSE,0.31,FALSE,proxy_synthetic
CL-0004,MED_METFORMIN,76,11,48.4,4/21/2028,620,FALSE,FALSE,0.21,TRUE,proxy_synthetic
CL-0004,MED_GLUCOSE,32,5,44.8,12/7/2027,484,FALSE,FALSE,0.26,FALSE,proxy_synthetic
CL-0004,MED_VIT_A,26,6,30.3,5/10/2027,273,FALSE,FALSE,0.23,TRUE,proxy_synthetic
CL-0004,MED_MUAC_KIT,11,3,25.7,11/13/2027,460,FALSE,FALSE,0.31,FALSE,proxy_synthetic
CL-0004,MED_ZINC_MAL,45,14,22.5,7/4/2027,328,FALSE,FALSE,0.23,TRUE,proxy_synthetic
CL-0005,MED_ACT,46,5,64.4,2/20/2028,559,FALSE,FALSE,0.22,FALSE,proxy_synthetic
CL-0005,MED_RDT_MAL,58,9,45.1,7/26/2027,350,FALSE,FALSE,0.23,TRUE,proxy_synthetic
CL-0005,MED_DENGUE_SUP,40,5,56.0,3/31/2027,233,FALSE,FALSE,0.29,TRUE,proxy_synthetic
CL-0005,MED_RDT_DEN,18,4,31.5,4/14/2027,247,FALSE,FALSE,0.31,FALSE,proxy_synthetic
CL-0005,MED_ORS,109,18,42.4,10/23/2027,439,FALSE,FALSE,0.33,FALSE,proxy_synthetic
CL-0005,MED_CHOLERA_KIT,27,4,47.2,6/23/2028,683,FALSE,FALSE,0.23,TRUE,proxy_synthetic
CL-0005,VAC_OCV,2,9,1.6,10/10/2026,61,TRUE,TRUE,0.91,TRUE,proxy_synthetic
CL-0005,VAC_MEASLES,22,4,38.5,6/12/2028,672,FALSE,FALSE,0.32,FALSE,proxy_synthetic
CL-0005,VAC_OPV,27,5,37.8,6/3/2027,297,FALSE,FALSE,0.34,FALSE,proxy_synthetic
CL-0005,VAC_PENTA,14,3,32.7,12/18/2027,495,FALSE,FALSE,0.24,TRUE,proxy_synthetic
CL-0005,VAC_TT,27,3,63.0,11/18/2027,465,FALSE,FALSE,0.21,TRUE,proxy_synthetic
CL-0005,MED_ANTIVENOM,4,1,28.0,1/31/2027,174,FALSE,TRUE,0.23,FALSE,proxy_synthetic
CL-0005,MED_SNAKE_ANTIVENOM,9,1,63.0,7/26/2027,350,FALSE,FALSE,0.21,FALSE,proxy_synthetic
CL-0005,MED_SNAKE_WOUND,17,2,59.5,1/5/2028,513,FALSE,FALSE,0.3,FALSE,proxy_synthetic
CL-0005,MED_OXYTOCIN,10,2,35.0,5/10/2028,639,FALSE,FALSE,0.25,FALSE,proxy_synthetic
CL-0005,MED_METFORMIN,40,5,56.0,10/29/2027,445,FALSE,FALSE,0.25,FALSE,proxy_synthetic
CL-0005,MED_GLUCOSE,18,3,42.0,2/11/2028,550,FALSE,FALSE,0.28,FALSE,proxy_synthetic
CL-0005,MED_VIT_A,23,3,53.7,4/4/2028,603,FALSE,FALSE,0.23,FALSE,proxy_synthetic
CL-0005,MED_MUAC_KIT,15,2,52.5,2/1/2027,175,FALSE,TRUE,0.21,TRUE,proxy_synthetic
CL-0005,MED_ZINC_MAL,26,8,22.8,6/22/2028,682,FALSE,FALSE,0.27,TRUE,proxy_synthetic
CL-0006,MED_ACT,236,32,51.6,7/23/2027,347,FALSE,FALSE,0.33,FALSE,proxy_synthetic
CL-0006,MED_RDT_MAL,247,48,36.0,8/17/2027,372,FALSE,FALSE,0.33,FALSE,proxy_synthetic
CL-0006,MED_DENGUE_SUP,107,20,37.5,8/12/2027,367,FALSE,FALSE,0.32,FALSE,proxy_synthetic
CL-0006,MED_RDT_DEN,232,25,65.0,4/23/2027,256,FALSE,FALSE,0.28,FALSE,proxy_synthetic
CL-0006,MED_ORS,535,95,39.4,6/14/2027,308,FALSE,FALSE,0.3,FALSE,proxy_synthetic
CL-0006,MED_CHOLERA_KIT,57,20,19.9,2/23/2028,562,FALSE,FALSE,0.32,FALSE,proxy_synthetic
CL-0006,VAC_OCV,494,54,64.0,3/27/2027,229,FALSE,FALSE,0.28,FALSE,proxy_synthetic
CL-0006,VAC_MEASLES,144,26,38.8,10/23/2027,439,FALSE,FALSE,0.31,FALSE,proxy_synthetic
CL-0006,VAC_OPV,172,30,40.1,4/23/2027,256,FALSE,FALSE,0.3,FALSE,proxy_synthetic
CL-0006,VAC_PENTA,217,26,58.4,8/14/2027,369,FALSE,FALSE,0.31,FALSE,proxy_synthetic
CL-0006,VAC_TT,3,22,1.0,6/26/2028,686,TRUE,FALSE,0.89,FALSE,proxy_synthetic
CL-0006,MED_ANTIVENOM,19,6,22.2,6/1/2028,661,FALSE,FALSE,0.27,FALSE,proxy_synthetic
CL-0006,MED_SNAKE_ANTIVENOM,6,9,4.7,9/18/2027,404,TRUE,FALSE,0.64,FALSE,proxy_synthetic
CL-0006,MED_SNAKE_WOUND,43,14,21.5,1/22/2028,530,FALSE,FALSE,0.24,FALSE,proxy_synthetic
CL-0006,MED_OXYTOCIN,38,9,29.6,3/13/2027,215,FALSE,FALSE,0.32,FALSE,proxy_synthetic
CL-0006,MED_METFORMIN,199,36,38.7,1/6/2028,514,FALSE,FALSE,0.3,FALSE,proxy_synthetic
CL-0006,MED_GLUCOSE,51,13,27.5,11/13/2027,460,FALSE,FALSE,0.24,FALSE,proxy_synthetic
CL-0006,MED_VIT_A,105,23,32.0,2/11/2028,550,FALSE,FALSE,0.24,FALSE,proxy_synthetic
CL-0006,MED_MUAC_KIT,29,10,20.3,11/20/2027,467,FALSE,FALSE,0.34,FALSE,proxy_synthetic
CL-0006,MED_ZINC_MAL,262,53,34.6,1/23/2028,531,FALSE,FALSE,0.3,FALSE,proxy_synthetic
CL-0006,VAC_HEPB,81,12,47.2,1/25/2028,533,FALSE,FALSE,0.25,FALSE,proxy_synthetic
CL-0006,VAC_BCG,48,15,22.4,3/15/2028,583,FALSE,FALSE,0.23,TRUE,proxy_synthetic
CL-0006,VAC_MR,92,15,42.9,4/26/2028,625,FALSE,FALSE,0.24,FALSE,proxy_synthetic
CL-0006,MED_TETANUS,53,7,53.0,5/5/2027,268,FALSE,FALSE,0.34,TRUE,proxy_synthetic
CL-0006,MED_DIABETES_INSULIN,104,14,52.0,7/3/2028,693,FALSE,FALSE,0.32,FALSE,proxy_synthetic
CL-0006,MED_GLIBENCLAMIDE,12,25,3.4,2/19/2028,558,TRUE,FALSE,0.74,FALSE,proxy_synthetic
CL-0006,MED_GLUCAGON,18,2,63.0,11/6/2026,88,FALSE,TRUE,0.51,FALSE,proxy_synthetic
CL-0006,MED_RUTF,66,22,21.0,6/4/2028,664,FALSE,FALSE,0.25,FALSE,proxy_synthetic
CL-0006,MED_F75,23,5,32.2,4/26/2027,259,FALSE,FALSE,0.33,TRUE,proxy_synthetic
CL-0006,MED_F100,38,5,53.2,10/4/2027,420,FALSE,FALSE,0.31,TRUE,proxy_synthetic
CL-0006,MED_THERAPEUTIC_FEED,2,5,2.8,6/25/2028,685,TRUE,FALSE,0.77,TRUE,proxy_synthetic
CL-0007,MED_ACT,72,8,63.0,4/27/2027,260,FALSE,FALSE,0.3,FALSE,proxy_synthetic
CL-0007,MED_RDT_MAL,110,21,36.7,4/16/2027,249,FALSE,FALSE,0.33,FALSE,proxy_synthetic
CL-0007,MED_DENGUE_SUP,53,8,46.4,1/10/2027,153,FALSE,TRUE,0.28,FALSE,proxy_synthetic
CL-0007,MED_RDT_DEN,28,7,28.0,12/2/2027,479,FALSE,FALSE,0.25,TRUE,proxy_synthetic
CL-0007,MED_ORS,25,35,5.0,5/15/2027,278,TRUE,FALSE,0.61,TRUE,proxy_synthetic
CL-0007,MED_CHOLERA_KIT,16,6,18.7,1/11/2027,154,FALSE,TRUE,0.28,TRUE,proxy_synthetic
CL-0007,VAC_OCV,73,12,42.6,11/1/2027,448,FALSE,FALSE,0.32,FALSE,proxy_synthetic
CL-0007,VAC_MEASLES,54,6,63.0,1/10/2027,153,FALSE,TRUE,0.3,FALSE,proxy_synthetic
CL-0007,VAC_OPV,81,9,63.0,12/5/2026,117,FALSE,TRUE,0.36,FALSE,proxy_synthetic
CL-0007,VAC_PENTA,1,8,0.9,4/10/2027,243,TRUE,FALSE,0.93,FALSE,proxy_synthetic
CL-0007,VAC_TT,29,6,33.8,12/7/2027,484,FALSE,FALSE,0.27,FALSE,proxy_synthetic
CL-0007,MED_ANTIVENOM,8,1,56.0,4/8/2028,607,FALSE,FALSE,0.31,TRUE,proxy_synthetic
CL-0007,MED_SNAKE_ANTIVENOM,10,2,35.0,10/9/2027,425,FALSE,FALSE,0.21,FALSE,proxy_synthetic
CL-0007,MED_SNAKE_WOUND,14,4,24.5,4/12/2027,245,FALSE,FALSE,0.32,TRUE,proxy_synthetic
CL-0007,MED_OXYTOCIN,24,3,56.0,12/26/2027,503,FALSE,FALSE,0.28,FALSE,proxy_synthetic
CL-0007,MED_METFORMIN,56,8,49.0,5/29/2028,658,FALSE,FALSE,0.31,FALSE,proxy_synthetic
CL-0007,MED_GLUCOSE,32,5,44.8,2/10/2028,549,FALSE,FALSE,0.23,TRUE,proxy_synthetic
CL-0007,MED_VIT_A,62,8,54.2,4/28/2028,627,FALSE,FALSE,0.33,FALSE,proxy_synthetic
CL-0007,MED_MUAC_KIT,21,3,49.0,1/27/2027,170,FALSE,TRUE,0.24,TRUE,proxy_synthetic
CL-0007,MED_ZINC_MAL,78,16,34.1,1/20/2027,163,FALSE,TRUE,0.24,FALSE,proxy_synthetic
CL-0008,MED_ACT,55,8,48.1,1/6/2027,149,FALSE,TRUE,0.3,FALSE,proxy_synthetic
CL-0008,MED_RDT_MAL,125,16,54.7,4/4/2027,237,FALSE,FALSE,0.21,TRUE,proxy_synthetic
CL-0008,MED_DENGUE_SUP,31,7,31.0,8/6/2027,361,FALSE,FALSE,0.27,FALSE,proxy_synthetic
CL-0008,MED_RDT_DEN,4,10,2.8,10/4/2027,420,TRUE,FALSE,0.79,FALSE,proxy_synthetic
CL-0008,MED_ORS,12,32,2.6,3/12/2027,214,TRUE,FALSE,0.78,TRUE,proxy_synthetic
CL-0008,MED_CHOLERA_KIT,16,6,18.7,6/4/2027,298,FALSE,FALSE,0.26,FALSE,proxy_synthetic
CL-0008,VAC_OCV,128,16,56.0,1/19/2027,162,FALSE,TRUE,0.27,TRUE,proxy_synthetic
CL-0008,VAC_MEASLES,42,5,58.8,12/20/2027,497,FALSE,FALSE,0.31,FALSE,proxy_synthetic
CL-0008,VAC_OPV,2,7,2.0,5/30/2027,293,TRUE,FALSE,0.85,TRUE,proxy_synthetic
CL-0008,VAC_PENTA,52,8,45.5,9/22/2027,408,FALSE,FALSE,0.25,FALSE,proxy_synthetic
CL-0008,VAC_TT,30,5,42.0,12/9/2026,121,FALSE,TRUE,0.33,FALSE,proxy_synthetic
CL-0008,MED_ANTIVENOM,16,2,56.0,7/8/2027,332,FALSE,FALSE,0.22,TRUE,proxy_synthetic
CL-0008,MED_SNAKE_ANTIVENOM,21,3,49.0,1/9/2027,152,FALSE,TRUE,0.25,FALSE,proxy_synthetic
CL-0008,MED_SNAKE_WOUND,25,4,43.8,1/25/2028,533,FALSE,FALSE,0.33,FALSE,proxy_synthetic
CL-0008,MED_OXYTOCIN,1,3,2.3,7/24/2027,348,TRUE,FALSE,0.8,TRUE,proxy_synthetic
CL-0008,MED_METFORMIN,62,11,39.5,1/16/2027,159,FALSE,TRUE,0.3,FALSE,proxy_synthetic
CL-0008,MED_GLUCOSE,28,5,39.2,4/20/2028,619,FALSE,FALSE,0.33,FALSE,proxy_synthetic
CL-0008,MED_VIT_A,38,8,33.2,5/25/2027,288,FALSE,FALSE,0.21,TRUE,proxy_synthetic
CL-0008,MED_MUAC_KIT,29,4,50.8,6/6/2027,300,FALSE,FALSE,0.24,FALSE,proxy_synthetic
CL-0008,MED_ZINC_MAL,51,14,25.5,8/1/2027,356,FALSE,FALSE,0.26,FALSE,proxy_synthetic
CL-0009,MED_ACT,97,14,48.5,10/21/2026,72,FALSE,TRUE,0.53,FALSE,proxy_synthetic
CL-0009,MED_RDT_MAL,174,25,48.7,12/10/2027,487,FALSE,FALSE,0.25,FALSE,proxy_synthetic
CL-0009,MED_DENGUE_SUP,82,9,63.8,7/8/2027,332,FALSE,FALSE,0.29,FALSE,proxy_synthetic
CL-0009,MED_RDT_DEN,95,12,55.4,10/2/2027,418,FALSE,FALSE,0.32,FALSE,proxy_synthetic
CL-0009,MED_ORS,352,51,48.3,9/11/2027,397,FALSE,FALSE,0.25,TRUE,proxy_synthetic
CL-0009,MED_CHOLERA_KIT,58,10,40.6,5/16/2027,279,FALSE,FALSE,0.21,FALSE,proxy_synthetic
CL-0009,VAC_OCV,164,20,57.4,3/27/2027,229,FALSE,FALSE,0.25,FALSE,proxy_synthetic
CL-0009,VAC_MEASLES,33,9,25.7,3/27/2028,595,FALSE,FALSE,0.32,TRUE,proxy_synthetic
CL-0009,VAC_OPV,92,13,49.5,5/7/2027,270,FALSE,FALSE,0.24,FALSE,proxy_synthetic
CL-0009,VAC_PENTA,51,11,32.5,10/29/2027,445,FALSE,FALSE,0.33,FALSE,proxy_synthetic
CL-0009,VAC_TT,62,11,39.5,9/22/2027,408,FALSE,FALSE,0.28,FALSE,proxy_synthetic
CL-0009,MED_ANTIVENOM,11,3,25.7,2/2/2028,541,FALSE,FALSE,0.33,FALSE,proxy_synthetic
CL-0009,MED_SNAKE_ANTIVENOM,25,3,58.3,4/5/2028,604,FALSE,FALSE,0.24,FALSE,proxy_synthetic
CL-0009,MED_SNAKE_WOUND,45,5,63.0,10/27/2027,443,FALSE,FALSE,0.25,TRUE,proxy_synthetic
CL-0009,MED_OXYTOCIN,17,4,29.8,9/12/2027,398,FALSE,FALSE,0.2,FALSE,proxy_synthetic
CL-0009,MED_METFORMIN,150,19,55.3,8/4/2027,359,FALSE,FALSE,0.32,FALSE,proxy_synthetic
CL-0009,MED_GLUCOSE,34,6,39.7,10/19/2026,70,FALSE,TRUE,0.51,FALSE,proxy_synthetic
CL-0009,MED_VIT_A,40,12,23.3,8/11/2027,366,FALSE,FALSE,0.21,FALSE,proxy_synthetic
CL-0009,MED_MUAC_KIT,17,5,23.8,1/10/2028,518,FALSE,FALSE,0.2,FALSE,proxy_synthetic
CL-0009,MED_ZINC_MAL,109,20,38.1,7/11/2027,335,FALSE,FALSE,0.26,FALSE,proxy_synthetic
CL-0009,VAC_HEPB,12,4,21.0,11/17/2027,464,FALSE,FALSE,0.35,FALSE,proxy_synthetic
CL-0009,VAC_BCG,48,7,48.0,7/13/2027,337,FALSE,FALSE,0.2,FALSE,proxy_synthetic
CL-0009,VAC_MR,48,7,48.0,3/9/2028,577,FALSE,FALSE,0.25,TRUE,proxy_synthetic
CL-0009,MED_TETANUS,15,4,26.2,10/26/2027,442,FALSE,FALSE,0.3,FALSE,proxy_synthetic
CL-0009,MED_DIABETES_INSULIN,4,6,4.7,8/2/2027,357,TRUE,FALSE,0.66,TRUE,proxy_synthetic
CL-0009,MED_GLIBENCLAMIDE,7,9,5.4,7/31/2028,721,TRUE,FALSE,0.56,FALSE,proxy_synthetic
CL-0009,MED_GLUCAGON,8,1,56.0,8/21/2027,376,FALSE,FALSE,0.22,FALSE,proxy_synthetic
CL-0009,MED_RUTF,94,11,59.8,7/6/2028,696,FALSE,FALSE,0.27,FALSE,proxy_synthetic
CL-0009,MED_F75,24,3,56.0,4/17/2027,250,FALSE,FALSE,0.29,FALSE,proxy_synthetic
CL-0009,MED_F100,9,3,21.0,8/8/2027,363,FALSE,FALSE,0.29,FALSE,proxy_synthetic
CL-0009,MED_THERAPEUTIC_FEED,9,3,21.0,8/31/2027,386,FALSE,FALSE,0.35,FALSE,proxy_synthetic
CL-0010,MED_ACT,28,9,21.8,9/6/2027,392,FALSE,FALSE,0.32,FALSE,proxy_synthetic
CL-0010,MED_RDT_MAL,113,17,46.5,3/20/2027,222,FALSE,FALSE,0.21,FALSE,proxy_synthetic
CL-0010,MED_DENGUE_SUP,32,5,44.8,10/4/2027,420,FALSE,FALSE,0.34,FALSE,proxy_synthetic
CL-0010,MED_RDT_DEN,49,8,42.9,9/25/2027,411,FALSE,FALSE,0.24,TRUE,proxy_synthetic
CL-0010,MED_ORS,134,26,36.1,7/22/2027,346,FALSE,FALSE,0.24,FALSE,proxy_synthetic
CL-0010,MED_CHOLERA_KIT,61,7,61.0,5/9/2027,272,FALSE,FALSE,0.33,FALSE,proxy_synthetic
CL-0010,VAC_OCV,47,15,21.9,5/3/2028,632,FALSE,FALSE,0.25,FALSE,proxy_synthetic
CL-0010,VAC_MEASLES,34,4,59.5,2/27/2028,566,FALSE,FALSE,0.34,FALSE,proxy_synthetic
CL-0010,VAC_OPV,27,8,23.6,3/27/2027,229,FALSE,FALSE,0.32,TRUE,proxy_synthetic
CL-0010,VAC_PENTA,48,6,56.0,1/8/2028,516,FALSE,FALSE,0.21,FALSE,proxy_synthetic
CL-0010,VAC_TT,37,6,43.2,5/6/2028,635,FALSE,FALSE,0.21,FALSE,proxy_synthetic
CL-0010,MED_ANTIVENOM,7,1,49.0,6/4/2028,664,FALSE,FALSE,0.32,FALSE,proxy_synthetic
CL-0010,MED_SNAKE_ANTIVENOM,11,2,38.5,4/6/2027,239,FALSE,FALSE,0.22,TRUE,proxy_synthetic
CL-0010,MED_SNAKE_WOUND,15,2,52.5,7/6/2028,696,FALSE,FALSE,0.33,FALSE,proxy_synthetic
CL-0010,MED_OXYTOCIN,13,2,45.5,11/14/2026,96,FALSE,TRUE,0.44,FALSE,proxy_synthetic
CL-0010,MED_METFORMIN,71,8,62.1,2/11/2028,550,FALSE,FALSE,0.31,FALSE,proxy_synthetic
CL-0010,MED_GLUCOSE,32,4,56.0,10/15/2026,66,FALSE,TRUE,0.51,FALSE,proxy_synthetic
CL-0010,MED_VIT_A,41,6,47.8,1/26/2028,534,FALSE,FALSE,0.24,FALSE,proxy_synthetic
CL-0010,MED_MUAC_KIT,14,2,49.0,4/15/2027,248,FALSE,FALSE,0.21,FALSE,proxy_synthetic
CL-0010,MED_ZINC_MAL,73,11,46.5,3/13/2028,581,FALSE,FALSE,0.31,FALSE,proxy_synthetic
CL-0011,MED_ACT,40,8,35.0,8/15/2027,370,FALSE,FALSE,0.27,TRUE,proxy_synthetic
CL-0011,MED_RDT_MAL,3,11,1.9,9/20/2027,406,TRUE,FALSE,0.81,TRUE,proxy_synthetic
CL-0011,MED_DENGUE_SUP,29,6,33.8,6/13/2027,307,FALSE,FALSE,0.31,FALSE,proxy_synthetic
CL-0011,MED_RDT_DEN,28,6,32.7,1/29/2027,172,FALSE,TRUE,0.21,TRUE,proxy_synthetic
CL-0011,MED_ORS,9,20,3.1,2/9/2028,548,TRUE,FALSE,0.74,FALSE,proxy_synthetic
CL-0011,MED_CHOLERA_KIT,27,5,37.8,3/6/2028,574,FALSE,FALSE,0.31,FALSE,proxy_synthetic
CL-0011,VAC_OCV,43,11,27.4,4/14/2027,247,FALSE,FALSE,0.28,FALSE,proxy_synthetic
CL-0011,VAC_MEASLES,36,5,50.4,2/2/2027,176,FALSE,TRUE,0.21,FALSE,proxy_synthetic
CL-0011,VAC_OPV,31,8,27.1,5/15/2027,278,FALSE,FALSE,0.21,TRUE,proxy_synthetic
CL-0011,VAC_PENTA,28,5,39.2,11/21/2027,468,FALSE,FALSE,0.25,FALSE,proxy_synthetic
CL-0011,VAC_TT,30,4,52.5,8/29/2027,384,FALSE,FALSE,0.32,FALSE,proxy_synthetic
CL-0011,MED_ANTIVENOM,8,1,56.0,2/19/2028,558,FALSE,FALSE,0.35,FALSE,proxy_synthetic
CL-0011,MED_SNAKE_ANTIVENOM,14,2,49.0,12/5/2026,117,FALSE,TRUE,0.41,FALSE,proxy_synthetic
CL-0011,MED_SNAKE_WOUND,19,3,44.3,1/4/2028,512,FALSE,FALSE,0.23,FALSE,proxy_synthetic
CL-0011,MED_OXYTOCIN,11,3,25.7,3/24/2027,226,FALSE,FALSE,0.34,TRUE,proxy_synthetic
CL-0011,MED_METFORMIN,22,6,25.7,10/6/2027,422,FALSE,FALSE,0.32,FALSE,proxy_synthetic
CL-0011,MED_GLUCOSE,12,4,21.0,6/23/2027,317,FALSE,FALSE,0.25,FALSE,proxy_synthetic
CL-0011,MED_VIT_A,19,5,26.6,9/1/2027,387,FALSE,FALSE,0.25,FALSE,proxy_synthetic
CL-0011,MED_MUAC_KIT,14,2,49.0,6/16/2027,310,FALSE,FALSE,0.24,FALSE,proxy_synthetic
CL-0011,MED_ZINC_MAL,41,9,31.9,6/23/2027,317,FALSE,FALSE,0.31,FALSE,proxy_synthetic
CL-0012,MED_ACT,680,86,55.3,5/8/2027,271,FALSE,FALSE,0.3,FALSE,proxy_synthetic
CL-0012,MED_RDT_MAL,2084,232,62.9,6/9/2027,303,FALSE,FALSE,0.24,FALSE,proxy_synthetic
CL-0012,MED_DENGUE_SUP,296,69,30.0,5/10/2027,273,FALSE,FALSE,0.28,FALSE,proxy_synthetic
CL-0012,MED_RDT_DEN,691,103,47.0,5/22/2027,285,FALSE,FALSE,0.3,FALSE,proxy_synthetic
CL-0012,MED_ORS,129,336,2.7,4/29/2027,262,TRUE,FALSE,0.77,FALSE,proxy_synthetic
CL-0012,MED_CHOLERA_KIT,841,95,62.0,11/2/2027,449,FALSE,FALSE,0.23,FALSE,proxy_synthetic
CL-0012,VAC_OCV,1326,153,60.7,12/16/2026,128,FALSE,TRUE,0.35,FALSE,proxy_synthetic
CL-0012,VAC_MEASLES,722,83,60.9,1/22/2027,165,FALSE,TRUE,0.27,FALSE,proxy_synthetic
CL-0012,VAC_OPV,789,89,62.1,7/11/2027,335,FALSE,FALSE,0.33,TRUE,proxy_synthetic
CL-0012,VAC_PENTA,63,77,5.7,7/14/2028,704,TRUE,FALSE,0.59,FALSE,proxy_synthetic
CL-0012,VAC_TT,514,62,58.0,6/16/2027,310,FALSE,FALSE,0.22,TRUE,proxy_synthetic
CL-0012,MED_ANTIVENOM,65,17,26.8,4/20/2028,619,FALSE,FALSE,0.29,FALSE,proxy_synthetic
CL-0012,MED_SNAKE_ANTIVENOM,189,22,60.1,11/29/2027,476,FALSE,FALSE,0.21,FALSE,proxy_synthetic
CL-0012,MED_SNAKE_WOUND,161,34,33.1,7/21/2027,345,FALSE,FALSE,0.24,FALSE,proxy_synthetic
CL-0012,MED_OXYTOCIN,342,46,52.0,12/26/2026,138,FALSE,TRUE,0.32,TRUE,proxy_synthetic
CL-0012,MED_METFORMIN,600,101,41.6,3/6/2028,574,FALSE,FALSE,0.25,TRUE,proxy_synthetic
CL-0012,MED_GLUCOSE,402,60,46.9,5/16/2027,279,FALSE,FALSE,0.22,FALSE,proxy_synthetic
CL-0012,MED_VIT_A,494,79,43.8,12/11/2027,488,FALSE,FALSE,0.3,TRUE,proxy_synthetic
CL-0012,MED_MUAC_KIT,228,27,59.1,12/1/2026,113,FALSE,TRUE,0.39,FALSE,proxy_synthetic
CL-0012,MED_ZINC_MAL,367,123,20.9,11/24/2027,471,FALSE,FALSE,0.29,TRUE,proxy_synthetic
CL-0012,VAC_HEPB,114,34,23.5,12/24/2027,501,FALSE,FALSE,0.21,FALSE,proxy_synthetic
CL-0012,VAC_BCG,349,58,42.1,4/6/2027,239,FALSE,FALSE,0.27,FALSE,proxy_synthetic
CL-0012,VAC_MR,443,55,56.4,12/22/2027,499,FALSE,FALSE,0.21,FALSE,proxy_synthetic
CL-0012,MED_TETANUS,168,19,61.9,1/28/2027,171,FALSE,TRUE,0.25,FALSE,proxy_synthetic
CL-0012,MED_DIABETES_INSULIN,290,42,48.3,7/16/2028,706,FALSE,FALSE,0.26,FALSE,proxy_synthetic
CL-0012,MED_GLIBENCLAMIDE,644,90,50.1,12/12/2027,489,FALSE,FALSE,0.3,FALSE,proxy_synthetic
CL-0012,MED_GLUCAGON,31,5,43.4,6/28/2027,322,FALSE,FALSE,0.2,TRUE,proxy_synthetic
CL-0012,MED_RUTF,349,56,43.6,4/22/2028,621,FALSE,FALSE,0.24,FALSE,proxy_synthetic
CL-0012,MED_F75,126,17,51.9,1/13/2027,156,FALSE,TRUE,0.28,FALSE,proxy_synthetic
CL-0012,MED_F100,56,21,18.7,4/28/2027,261,FALSE,FALSE,0.21,FALSE,proxy_synthetic
CL-0012,MED_THERAPEUTIC_FEED,13,21,4.3,7/3/2027,327,TRUE,FALSE,0.66,TRUE,proxy_synthetic
CL-0013,MED_ACT,64,8,56.0,8/15/2027,370,FALSE,FALSE,0.29,FALSE,proxy_synthetic
CL-0013,MED_RDT_MAL,53,15,24.7,5/18/2027,281,FALSE,FALSE,0.25,TRUE,proxy_synthetic
CL-0013,MED_DENGUE_SUP,70,8,61.2,7/19/2027,343,FALSE,FALSE,0.27,FALSE,proxy_synthetic
CL-0013,MED_RDT_DEN,78,10,54.6,7/15/2027,339,FALSE,FALSE,0.22,FALSE,proxy_synthetic
CL-0013,MED_ORS,248,30,57.9,3/8/2028,576,FALSE,FALSE,0.32,FALSE,proxy_synthetic
CL-0013,MED_CHOLERA_KIT,44,7,44.0,7/8/2027,332,FALSE,FALSE,0.23,FALSE,proxy_synthetic
CL-0013,VAC_OCV,54,17,22.2,6/12/2027,306,FALSE,FALSE,0.24,FALSE,proxy_synthetic
CL-0013,VAC_MEASLES,27,7,27.0,3/4/2028,572,FALSE,FALSE,0.28,FALSE,proxy_synthetic
CL-0013,VAC_OPV,81,9,63.0,1/28/2027,171,FALSE,TRUE,0.27,FALSE,proxy_synthetic
CL-0013,VAC_PENTA,29,5,40.6,1/4/2028,512,FALSE,FALSE,0.23,FALSE,proxy_synthetic
CL-0013,VAC_TT,26,5,36.4,9/10/2027,396,FALSE,FALSE,0.24,FALSE,proxy_synthetic
CL-0013,MED_ANTIVENOM,1,2,3.5,5/15/2028,644,TRUE,FALSE,0.73,FALSE,proxy_synthetic
CL-0013,MED_SNAKE_ANTIVENOM,7,2,24.5,7/3/2028,693,FALSE,FALSE,0.29,FALSE,proxy_synthetic
CL-0013,MED_SNAKE_WOUND,15,3,35.0,11/21/2027,468,FALSE,FALSE,0.3,FALSE,proxy_synthetic
CL-0013,MED_OXYTOCIN,27,3,63.0,11/8/2027,455,FALSE,FALSE,0.23,FALSE,proxy_synthetic
CL-0013,MED_METFORMIN,47,8,41.1,12/13/2027,490,FALSE,FALSE,0.3,TRUE,proxy_synthetic
CL-0013,MED_GLUCOSE,27,3,63.0,4/6/2028,605,FALSE,FALSE,0.26,FALSE,proxy_synthetic
CL-0013,MED_VIT_A,16,6,18.7,9/17/2027,403,FALSE,FALSE,0.29,FALSE,proxy_synthetic
CL-0013,MED_MUAC_KIT,18,3,42.0,12/14/2026,126,FALSE,TRUE,0.35,TRUE,proxy_synthetic
CL-0013,MED_ZINC_MAL,128,14,64.0,1/13/2027,156,FALSE,TRUE,0.26,FALSE,proxy_synthetic
CL-0014,MED_ACT,1,7,1.0,11/26/2027,473,TRUE,FALSE,0.87,FALSE,proxy_synthetic
CL-0014,MED_RDT_MAL,81,16,35.4,9/4/2027,390,FALSE,FALSE,0.35,TRUE,proxy_synthetic
CL-0014,MED_DENGUE_SUP,56,8,49.0,10/29/2027,445,FALSE,FALSE,0.21,FALSE,proxy_synthetic
CL-0014,MED_RDT_DEN,1,9,0.8,8/10/2027,365,TRUE,FALSE,0.88,FALSE,proxy_synthetic
CL-0014,MED_ORS,17,36,3.3,11/3/2026,85,TRUE,TRUE,0.82,TRUE,proxy_synthetic
CL-0014,MED_CHOLERA_KIT,52,6,60.7,3/25/2027,227,FALSE,FALSE,0.34,FALSE,proxy_synthetic
CL-0014,VAC_OCV,152,20,53.2,9/23/2027,409,FALSE,FALSE,0.21,TRUE,proxy_synthetic
CL-0014,VAC_MEASLES,31,6,36.2,8/21/2027,376,FALSE,FALSE,0.31,TRUE,proxy_synthetic
CL-0014,VAC_OPV,65,11,41.4,3/16/2027,218,FALSE,FALSE,0.27,FALSE,proxy_synthetic
CL-0014,VAC_PENTA,63,7,63.0,3/29/2028,597,FALSE,FALSE,0.2,FALSE,proxy_synthetic
CL-0014,VAC_TT,40,8,35.0,10/17/2027,433,FALSE,FALSE,0.3,FALSE,proxy_synthetic
CL-0014,MED_ANTIVENOM,8,1,56.0,4/20/2027,253,FALSE,FALSE,0.22,FALSE,proxy_synthetic
CL-0014,MED_SNAKE_ANTIVENOM,14,3,32.7,10/10/2026,61,FALSE,TRUE,0.51,FALSE,proxy_synthetic
CL-0014,MED_SNAKE_WOUND,14,4,24.5,10/26/2027,442,FALSE,FALSE,0.28,FALSE,proxy_synthetic
CL-0014,MED_OXYTOCIN,10,3,23.3,8/17/2027,372,FALSE,FALSE,0.26,FALSE,proxy_synthetic
CL-0014,MED_METFORMIN,8,10,5.6,7/25/2028,715,TRUE,FALSE,0.54,FALSE,proxy_synthetic
CL-0014,MED_GLUCOSE,24,4,42.0,11/30/2026,112,FALSE,TRUE,0.39,FALSE,proxy_synthetic
CL-0014,MED_VIT_A,2,7,2.0,1/25/2028,533,TRUE,FALSE,0.81,TRUE,proxy_synthetic
CL-0014,MED_MUAC_KIT,14,3,32.7,4/26/2028,625,FALSE,FALSE,0.25,FALSE,proxy_synthetic
CL-0014,MED_ZINC_MAL,155,17,63.8,8/21/2027,376,FALSE,FALSE,0.34,TRUE,proxy_synthetic
CL-0015,MED_ACT,54,6,63.0,2/18/2028,557,FALSE,FALSE,0.27,FALSE,proxy_synthetic
CL-0015,MED_RDT_MAL,97,12,56.6,4/14/2027,247,FALSE,FALSE,0.28,FALSE,proxy_synthetic
CL-0015,MED_DENGUE_SUP,38,6,44.3,7/29/2027,353,FALSE,FALSE,0.31,FALSE,proxy_synthetic
CL-0015,MED_RDT_DEN,48,6,56.0,7/13/2027,337,FALSE,FALSE,0.27,FALSE,proxy_synthetic
CL-0015,MED_ORS,147,20,51.5,4/16/2027,249,FALSE,FALSE,0.35,FALSE,proxy_synthetic
CL-0015,MED_CHOLERA_KIT,44,5,61.6,12/5/2027,482,FALSE,FALSE,0.32,FALSE,proxy_synthetic
CL-0015,VAC_OCV,103,15,48.1,1/8/2027,151,FALSE,TRUE,0.28,FALSE,proxy_synthetic
CL-0015,VAC_MEASLES,14,5,19.6,2/10/2028,549,FALSE,FALSE,0.26,FALSE,proxy_synthetic
CL-0015,VAC_OPV,21,8,18.4,5/16/2027,279,FALSE,FALSE,0.28,FALSE,proxy_synthetic
CL-0015,VAC_PENTA,31,6,36.2,12/27/2027,504,FALSE,FALSE,0.28,FALSE,proxy_synthetic
CL-0015,VAC_TT,1,3,2.3,5/7/2027,270,TRUE,FALSE,0.81,FALSE,proxy_synthetic
CL-0015,MED_ANTIVENOM,6,1,42.0,10/21/2027,437,FALSE,FALSE,0.3,FALSE,proxy_synthetic
CL-0015,MED_SNAKE_ANTIVENOM,7,2,24.5,2/6/2028,545,FALSE,FALSE,0.3,TRUE,proxy_synthetic
CL-0015,MED_SNAKE_WOUND,15,4,26.2,12/22/2027,499,FALSE,FALSE,0.34,TRUE,proxy_synthetic
CL-0015,MED_OXYTOCIN,21,3,49.0,3/23/2027,225,FALSE,FALSE,0.29,TRUE,proxy_synthetic
CL-0015,MED_METFORMIN,66,9,51.3,3/31/2028,599,FALSE,FALSE,0.32,TRUE,proxy_synthetic
CL-0015,MED_GLUCOSE,11,3,25.7,10/31/2027,447,FALSE,FALSE,0.24,FALSE,proxy_synthetic
CL-0015,MED_VIT_A,39,6,45.5,1/5/2028,513,FALSE,FALSE,0.25,FALSE,proxy_synthetic
CL-0015,MED_MUAC_KIT,15,2,52.5,1/20/2028,528,FALSE,FALSE,0.21,TRUE,proxy_synthetic
CL-0015,MED_ZINC_MAL,34,9,26.4,11/27/2027,474,FALSE,FALSE,0.26,TRUE,proxy_synthetic
CL-0016,MED_ACT,34,5,47.6,1/24/2028,532,FALSE,FALSE,0.35,FALSE,proxy_synthetic
CL-0016,MED_RDT_MAL,52,11,33.1,3/25/2027,227,FALSE,FALSE,0.25,TRUE,proxy_synthetic
CL-0016,MED_DENGUE_SUP,36,4,63.0,8/8/2027,363,FALSE,FALSE,0.3,FALSE,proxy_synthetic
CL-0016,MED_RDT_DEN,19,6,22.2,1/7/2027,150,FALSE,TRUE,0.29,FALSE,proxy_synthetic
CL-0016,MED_ORS,63,17,25.9,3/26/2028,594,FALSE,FALSE,0.31,FALSE,proxy_synthetic
CL-0016,MED_CHOLERA_KIT,3,4,5.2,9/8/2027,394,TRUE,FALSE,0.59,FALSE,proxy_synthetic
CL-0016,VAC_OCV,33,10,23.1,3/17/2028,585,FALSE,FALSE,0.24,FALSE,proxy_synthetic
CL-0016,VAC_MEASLES,32,4,56.0,7/16/2028,706,FALSE,FALSE,0.32,TRUE,proxy_synthetic
CL-0016,VAC_OPV,30,6,35.0,6/1/2027,295,FALSE,FALSE,0.22,TRUE,proxy_synthetic
CL-0016,VAC_PENTA,12,4,21.0,7/27/2027,351,FALSE,FALSE,0.28,FALSE,proxy_synthetic
CL-0016,VAC_TT,17,4,29.8,7/29/2028,719,FALSE,FALSE,0.3,TRUE,proxy_synthetic
CL-0016,MED_ANTIVENOM,9,1,63.0,5/29/2028,658,FALSE,FALSE,0.22,FALSE,proxy_synthetic
CL-0016,MED_SNAKE_ANTIVENOM,8,1,56.0,2/20/2028,559,FALSE,FALSE,0.27,FALSE,proxy_synthetic
CL-0016,MED_SNAKE_WOUND,11,2,38.5,6/5/2028,665,FALSE,FALSE,0.21,FALSE,proxy_synthetic
CL-0016,MED_OXYTOCIN,10,2,35.0,8/19/2027,374,FALSE,FALSE,0.2,FALSE,proxy_synthetic
CL-0016,MED_METFORMIN,40,7,40.0,9/9/2027,395,FALSE,FALSE,0.21,FALSE,proxy_synthetic
CL-0016,MED_GLUCOSE,12,3,28.0,5/9/2028,638,FALSE,FALSE,0.25,FALSE,proxy_synthetic
CL-0016,MED_VIT_A,24,5,33.6,4/2/2027,235,FALSE,FALSE,0.21,FALSE,proxy_synthetic
CL-0016,MED_MUAC_KIT,17,2,59.5,3/9/2027,211,FALSE,FALSE,0.34,TRUE,proxy_synthetic
CL-0016,MED_ZINC_MAL,69,10,48.3,7/2/2028,692,FALSE,FALSE,0.24,FALSE,proxy_synthetic
CL-0017,MED_ACT,86,10,60.2,9/22/2027,408,FALSE,FALSE,0.25,FALSE,proxy_synthetic
CL-0017,MED_RDT_MAL,139,19,51.2,12/5/2026,117,FALSE,TRUE,0.38,TRUE,proxy_synthetic
CL-0017,MED_DENGUE_SUP,21,8,18.4,11/16/2027,463,FALSE,FALSE,0.35,FALSE,proxy_synthetic
CL-0017,MED_RDT_DEN,3,9,2.3,4/9/2027,242,TRUE,FALSE,0.79,TRUE,proxy_synthetic
CL-0017,MED_ORS,149,43,24.3,5/21/2027,284,FALSE,FALSE,0.28,TRUE,proxy_synthetic
CL-0017,MED_CHOLERA_KIT,74,10,51.8,5/23/2027,286,FALSE,FALSE,0.26,FALSE,proxy_synthetic
CL-0017,VAC_OCV,4,24,1.2,12/28/2027,505,TRUE,FALSE,0.92,FALSE,proxy_synthetic
CL-0017,VAC_MEASLES,39,11,24.8,4/20/2027,253,FALSE,FALSE,0.28,FALSE,proxy_synthetic
CL-0017,VAC_OPV,86,12,50.2,6/5/2027,299,FALSE,FALSE,0.25,FALSE,proxy_synthetic
CL-0017,VAC_PENTA,41,9,31.9,1/23/2027,166,FALSE,TRUE,0.27,TRUE,proxy_synthetic
CL-0017,VAC_TT,43,7,43.0,7/30/2028,720,FALSE,FALSE,0.34,TRUE,proxy_synthetic
CL-0017,MED_ANTIVENOM,10,2,35.0,4/5/2028,604,FALSE,FALSE,0.34,FALSE,proxy_synthetic
CL-0017,MED_SNAKE_ANTIVENOM,1,2,3.5,10/17/2026,68,TRUE,TRUE,0.8,FALSE,proxy_synthetic
CL-0017,MED_SNAKE_WOUND,16,5,22.4,1/20/2028,528,FALSE,FALSE,0.24,FALSE,proxy_synthetic
CL-0017,MED_OXYTOCIN,40,5,56.0,9/19/2027,405,FALSE,FALSE,0.3,FALSE,proxy_synthetic
CL-0017,MED_METFORMIN,9,15,4.2,5/18/2028,647,TRUE,FALSE,0.64,TRUE,proxy_synthetic
CL-0017,MED_GLUCOSE,28,5,39.2,8/15/2027,370,FALSE,FALSE,0.31,FALSE,proxy_synthetic
CL-0017,MED_VIT_A,51,7,51.0,7/12/2028,702,FALSE,FALSE,0.28,FALSE,proxy_synthetic
CL-0017,MED_MUAC_KIT,14,4,24.5,7/25/2027,349,FALSE,FALSE,0.33,FALSE,proxy_synthetic
CL-0017,MED_ZINC_MAL,62,14,31.0,1/2/2027,145,FALSE,TRUE,0.3,FALSE,proxy_synthetic
CL-0017,VAC_HEPB,26,4,45.5,7/14/2027,338,FALSE,FALSE,0.22,FALSE,proxy_synthetic
CL-0017,VAC_BCG,42,7,42.0,1/19/2027,162,FALSE,TRUE,0.25,TRUE,proxy_synthetic
CL-0017,VAC_MR,21,6,24.5,5/9/2028,638,FALSE,FALSE,0.28,FALSE,proxy_synthetic
CL-0017,MED_TETANUS,14,3,32.7,3/2/2028,570,FALSE,FALSE,0.24,TRUE,proxy_synthetic
CL-0017,MED_DIABETES_INSULIN,35,4,61.2,1/12/2027,155,FALSE,TRUE,0.33,TRUE,proxy_synthetic
CL-0017,MED_GLIBENCLAMIDE,74,9,57.6,12/19/2027,496,FALSE,FALSE,0.2,TRUE,proxy_synthetic
CL-0017,MED_GLUCAGON,7,1,49.0,12/29/2027,506,FALSE,FALSE,0.27,FALSE,proxy_synthetic
CL-0017,MED_RUTF,46,6,53.7,3/12/2027,214,FALSE,FALSE,0.26,TRUE,proxy_synthetic
CL-0017,MED_F75,17,2,59.5,3/9/2027,211,FALSE,FALSE,0.3,FALSE,proxy_synthetic
CL-0017,MED_F100,1,2,3.5,11/9/2027,456,TRUE,FALSE,0.71,TRUE,proxy_synthetic
CL-0017,MED_THERAPEUTIC_FEED,10,3,23.3,5/29/2028,658,FALSE,FALSE,0.28,FALSE,proxy_synthetic
CL-0018,MED_ACT,13,4,22.8,10/25/2026,76,FALSE,TRUE,0.5,FALSE,proxy_synthetic
CL-0018,MED_RDT_MAL,37,9,28.8,6/16/2027,310,FALSE,FALSE,0.32,FALSE,proxy_synthetic
CL-0018,MED_DENGUE_SUP,18,4,31.5,11/2/2026,84,FALSE,TRUE,0.47,FALSE,proxy_synthetic
CL-0018,MED_RDT_DEN,18,5,25.2,7/12/2027,336,FALSE,FALSE,0.28,FALSE,proxy_synthetic
CL-0018,MED_ORS,57,13,30.7,10/28/2026,79,FALSE,TRUE,0.48,FALSE,proxy_synthetic
CL-0018,MED_CHOLERA_KIT,14,3,32.7,11/8/2026,90,FALSE,TRUE,0.42,FALSE,proxy_synthetic
CL-0018,VAC_OCV,35,8,30.6,3/24/2027,226,FALSE,FALSE,0.26,FALSE,proxy_synthetic
CL-0018,VAC_MEASLES,23,4,40.2,5/17/2027,280,FALSE,FALSE,0.2,FALSE,proxy_synthetic
CL-0018,VAC_OPV,49,6,57.2,6/1/2027,295,FALSE,FALSE,0.3,FALSE,proxy_synthetic
CL-0018,VAC_PENTA,8,3,18.7,1/24/2027,167,FALSE,TRUE,0.23,FALSE,proxy_synthetic
CL-0018,VAC_TT,11,4,19.2,6/3/2027,297,FALSE,FALSE,0.29,FALSE,proxy_synthetic
CL-0018,MED_ANTIVENOM,1,2,3.5,11/4/2026,86,TRUE,TRUE,0.83,TRUE,proxy_synthetic
CL-0018,MED_SNAKE_ANTIVENOM,5,1,35.0,12/18/2027,495,FALSE,FALSE,0.21,FALSE,proxy_synthetic
CL-0018,MED_SNAKE_WOUND,17,2,59.5,1/28/2028,536,FALSE,FALSE,0.32,FALSE,proxy_synthetic
CL-0018,MED_OXYTOCIN,10,2,35.0,11/5/2027,452,FALSE,FALSE,0.34,FALSE,proxy_synthetic
CL-0018,MED_METFORMIN,24,5,33.6,6/13/2028,673,FALSE,FALSE,0.32,TRUE,proxy_synthetic
CL-0018,MED_GLUCOSE,23,3,53.7,7/23/2028,713,FALSE,FALSE,0.22,FALSE,proxy_synthetic
CL-0018,MED_VIT_A,26,3,60.7,2/4/2027,178,FALSE,TRUE,0.23,TRUE,proxy_synthetic
CL-0018,MED_MUAC_KIT,10,2,35.0,5/18/2028,647,FALSE,FALSE,0.23,FALSE,proxy_synthetic
CL-0018,MED_ZINC_MAL,78,9,60.7,12/31/2026,143,FALSE,TRUE,0.34,FALSE,proxy_synthetic
CL-0019,MED_ACT,68,8,59.5,8/10/2027,365,FALSE,FALSE,0.27,TRUE,proxy_synthetic
CL-0019,MED_RDT_MAL,98,16,42.9,1/26/2027,169,FALSE,TRUE,0.23,TRUE,proxy_synthetic
CL-0019,MED_DENGUE_SUP,52,6,60.7,6/16/2027,310,FALSE,FALSE,0.2,FALSE,proxy_synthetic
CL-0019,MED_RDT_DEN,91,11,57.9,12/30/2027,507,FALSE,FALSE,0.26,FALSE,proxy_synthetic
CL-0019,MED_ORS,9,29,2.2,5/29/2027,292,TRUE,FALSE,0.84,FALSE,proxy_synthetic
CL-0019,MED_CHOLERA_KIT,6,8,5.2,6/14/2028,674,TRUE,FALSE,0.57,FALSE,proxy_synthetic
CL-0019,VAC_OCV,52,14,26.0,2/15/2028,554,FALSE,FALSE,0.22,FALSE,proxy_synthetic
CL-0019,VAC_MEASLES,47,9,36.6,7/2/2028,692,FALSE,FALSE,0.2,FALSE,proxy_synthetic
CL-0019,VAC_OPV,45,11,28.6,7/12/2027,336,FALSE,FALSE,0.22,FALSE,proxy_synthetic
CL-0019,VAC_PENTA,22,6,25.7,4/22/2027,255,FALSE,FALSE,0.31,FALSE,proxy_synthetic
CL-0019,VAC_TT,30,7,30.0,4/12/2027,245,FALSE,FALSE,0.24,TRUE,proxy_synthetic
CL-0019,MED_ANTIVENOM,7,1,49.0,6/7/2028,667,FALSE,FALSE,0.27,FALSE,proxy_synthetic
CL-0019,MED_SNAKE_ANTIVENOM,1,3,2.3,2/7/2028,546,TRUE,FALSE,0.8,TRUE,proxy_synthetic
CL-0019,MED_SNAKE_WOUND,24,5,33.6,4/16/2027,249,FALSE,FALSE,0.23,FALSE,proxy_synthetic
CL-0019,MED_OXYTOCIN,34,4,59.5,12/19/2026,131,FALSE,TRUE,0.33,FALSE,proxy_synthetic
CL-0019,MED_METFORMIN,9,11,5.7,6/10/2028,670,TRUE,FALSE,0.55,TRUE,proxy_synthetic
CL-0019,MED_GLUCOSE,30,4,52.5,7/23/2027,347,FALSE,FALSE,0.24,TRUE,proxy_synthetic
CL-0019,MED_VIT_A,49,6,57.2,9/11/2027,397,FALSE,FALSE,0.26,FALSE,proxy_synthetic
CL-0019,MED_MUAC_KIT,12,3,28.0,10/30/2026,81,FALSE,TRUE,0.49,FALSE,proxy_synthetic
CL-0019,MED_ZINC_MAL,56,12,32.7,11/16/2027,463,FALSE,FALSE,0.3,TRUE,proxy_synthetic
CL-0020,MED_ACT,102,12,59.5,10/17/2027,433,FALSE,FALSE,0.24,FALSE,proxy_synthetic
CL-0020,MED_RDT_MAL,60,20,21.0,10/6/2027,422,FALSE,FALSE,0.21,FALSE,proxy_synthetic
CL-0020,MED_DENGUE_SUP,65,10,45.5,11/23/2027,470,FALSE,FALSE,0.32,FALSE,proxy_synthetic
CL-0020,MED_RDT_DEN,69,12,40.2,8/3/2027,358,FALSE,FALSE,0.21,FALSE,proxy_synthetic
CL-0020,MED_ORS,379,44,60.3,2/21/2028,560,FALSE,FALSE,0.29,TRUE,proxy_synthetic
CL-0020,MED_CHOLERA_KIT,9,11,5.7,4/15/2028,614,TRUE,FALSE,0.56,FALSE,proxy_synthetic
CL-0020,VAC_OCV,142,21,47.3,7/15/2027,339,FALSE,FALSE,0.34,FALSE,proxy_synthetic
CL-0020,VAC_MEASLES,37,7,37.0,7/24/2027,348,FALSE,FALSE,0.27,FALSE,proxy_synthetic
CL-0020,VAC_OPV,85,14,42.5,5/3/2027,266,FALSE,FALSE,0.22,FALSE,proxy_synthetic
CL-0020,VAC_PENTA,97,11,61.7,4/28/2027,261,FALSE,FALSE,0.24,FALSE,proxy_synthetic
CL-0020,VAC_TT,36,7,36.0,1/17/2028,525,FALSE,FALSE,0.21,FALSE,proxy_synthetic
CL-0020,MED_ANTIVENOM,14,2,49.0,1/22/2027,165,FALSE,TRUE,0.26,FALSE,proxy_synthetic
CL-0020,MED_SNAKE_ANTIVENOM,26,3,60.7,3/19/2027,221,FALSE,FALSE,0.32,FALSE,proxy_synthetic
CL-0020,MED_SNAKE_WOUND,36,5,50.4,1/20/2027,163,FALSE,TRUE,0.29,FALSE,proxy_synthetic
CL-0020,MED_OXYTOCIN,32,6,37.3,6/10/2027,304,FALSE,FALSE,0.23,FALSE,proxy_synthetic
CL-0020,MED_METFORMIN,134,16,58.6,11/29/2027,476,FALSE,FALSE,0.22,FALSE,proxy_synthetic
CL-0020,MED_GLUCOSE,50,6,58.3,3/23/2027,225,FALSE,FALSE,0.23,FALSE,proxy_synthetic
CL-0020,MED_VIT_A,62,11,39.5,3/6/2028,574,FALSE,FALSE,0.24,FALSE,proxy_synthetic
CL-0020,MED_MUAC_KIT,14,4,24.5,11/22/2026,104,FALSE,TRUE,0.46,FALSE,proxy_synthetic
CL-0020,MED_ZINC_MAL,111,17,45.7,6/1/2027,295,FALSE,FALSE,0.33,FALSE,proxy_synthetic
CL-0020,VAC_HEPB,26,5,36.4,12/16/2026,128,FALSE,TRUE,0.39,FALSE,proxy_synthetic
CL-0020,VAC_BCG,37,7,37.0,1/10/2027,153,FALSE,TRUE,0.27,FALSE,proxy_synthetic
CL-0020,VAC_MR,35,5,49.0,3/13/2027,215,FALSE,FALSE,0.24,FALSE,proxy_synthetic
CL-0020,MED_TETANUS,21,3,49.0,9/12/2027,398,FALSE,FALSE,0.25,TRUE,proxy_synthetic
CL-0020,MED_DIABETES_INSULIN,41,5,57.4,4/29/2027,262,FALSE,FALSE,0.28,FALSE,proxy_synthetic
CL-0020,MED_GLIBENCLAMIDE,76,11,48.4,8/10/2027,365,FALSE,FALSE,0.22,TRUE,proxy_synthetic
CL-0020,MED_GLUCAGON,8,1,56.0,2/26/2028,565,FALSE,FALSE,0.33,FALSE,proxy_synthetic
CL-0020,MED_RUTF,60,7,60.0,4/12/2028,611,FALSE,FALSE,0.29,FALSE,proxy_synthetic
CL-0020,MED_F75,21,3,49.0,7/16/2027,340,FALSE,FALSE,0.26,FALSE,proxy_synthetic
CL-0020,MED_F100,13,2,45.5,3/5/2028,573,FALSE,FALSE,0.23,FALSE,proxy_synthetic
CL-0020,MED_THERAPEUTIC_FEED,21,3,49.0,5/3/2028,632,FALSE,FALSE,0.33,FALSE,proxy_synthetic
CL-0021,MED_ACT,1,7,1.0,4/15/2028,614,TRUE,FALSE,0.9,FALSE,proxy_synthetic
CL-0021,MED_RDT_MAL,5,16,2.2,6/14/2027,308,TRUE,FALSE,0.8,FALSE,proxy_synthetic
CL-0021,MED_DENGUE_SUP,27,6,31.5,8/1/2027,356,FALSE,FALSE,0.33,FALSE,proxy_synthetic
CL-0021,MED_RDT_DEN,8,11,5.1,12/2/2027,479,TRUE,FALSE,0.58,TRUE,proxy_synthetic
CL-0021,MED_ORS,8,34,1.6,12/27/2027,504,TRUE,FALSE,0.87,FALSE,proxy_synthetic
CL-0021,MED_CHOLERA_KIT,52,7,52.0,11/7/2027,454,FALSE,FALSE,0.29,TRUE,proxy_synthetic
CL-0021,VAC_OCV,5,17,2.1,6/1/2027,295,TRUE,FALSE,0.82,FALSE,proxy_synthetic
CL-0021,VAC_MEASLES,34,5,47.6,7/2/2028,692,FALSE,FALSE,0.26,TRUE,proxy_synthetic
CL-0021,VAC_OPV,19,7,19.0,6/28/2027,322,FALSE,FALSE,0.23,FALSE,proxy_synthetic
CL-0021,VAC_PENTA,51,7,51.0,5/12/2027,275,FALSE,FALSE,0.26,FALSE,proxy_synthetic
CL-0021,VAC_TT,23,5,32.2,3/18/2028,586,FALSE,FALSE,0.29,FALSE,proxy_synthetic
CL-0021,MED_ANTIVENOM,10,2,35.0,9/10/2027,396,FALSE,FALSE,0.23,FALSE,proxy_synthetic
CL-0021,MED_SNAKE_ANTIVENOM,12,3,28.0,5/15/2027,278,FALSE,FALSE,0.31,FALSE,proxy_synthetic
CL-0021,MED_SNAKE_WOUND,21,3,49.0,1/21/2027,164,FALSE,TRUE,0.23,TRUE,proxy_synthetic
CL-0021,MED_OXYTOCIN,3,4,5.2,1/29/2028,537,TRUE,FALSE,0.62,FALSE,proxy_synthetic
CL-0021,MED_METFORMIN,58,10,40.6,3/1/2028,569,FALSE,FALSE,0.29,FALSE,proxy_synthetic
CL-0021,MED_GLUCOSE,22,5,30.8,5/18/2027,281,FALSE,FALSE,0.32,TRUE,proxy_synthetic
CL-0021,MED_VIT_A,1,8,0.9,11/2/2026,84,TRUE,TRUE,1.0,TRUE,proxy_synthetic
CL-0021,MED_MUAC_KIT,9,3,21.0,6/24/2027,318,FALSE,FALSE,0.34,FALSE,proxy_synthetic
CL-0021,MED_ZINC_MAL,95,11,60.5,2/17/2028,556,FALSE,FALSE,0.22,TRUE,proxy_synthetic
CL-0022,MED_ACT,20,6,23.3,7/2/2027,326,FALSE,FALSE,0.35,FALSE,proxy_synthetic
CL-0022,MED_RDT_MAL,2,12,1.2,11/13/2026,95,TRUE,TRUE,1.0,TRUE,proxy_synthetic
CL-0022,MED_DENGUE_SUP,4,6,4.7,4/30/2027,263,TRUE,FALSE,0.61,FALSE,proxy_synthetic
CL-0022,MED_RDT_DEN,51,6,59.5,1/14/2027,157,FALSE,TRUE,0.28,FALSE,proxy_synthetic
CL-0022,MED_ORS,157,19,57.8,2/6/2028,545,FALSE,FALSE,0.32,TRUE,proxy_synthetic
CL-0022,MED_CHOLERA_KIT,5,6,5.8,10/2/2027,418,TRUE,FALSE,0.56,FALSE,proxy_synthetic
CL-0022,VAC_OCV,49,13,26.4,9/3/2027,389,FALSE,FALSE,0.2,FALSE,proxy_synthetic
CL-0022,VAC_MEASLES,21,6,24.5,5/4/2027,267,FALSE,FALSE,0.26,TRUE,proxy_synthetic
CL-0022,VAC_OPV,44,6,51.3,6/19/2027,313,FALSE,FALSE,0.29,FALSE,proxy_synthetic
CL-0022,VAC_PENTA,29,6,33.8,2/21/2028,560,FALSE,FALSE,0.21,FALSE,proxy_synthetic
CL-0022,VAC_TT,28,4,49.0,5/14/2028,643,FALSE,FALSE,0.28,FALSE,proxy_synthetic
CL-0022,MED_ANTIVENOM,4,1,28.0,5/21/2028,650,FALSE,FALSE,0.33,TRUE,proxy_synthetic
CL-0022,MED_SNAKE_ANTIVENOM,18,2,63.0,11/5/2026,87,FALSE,TRUE,0.45,TRUE,proxy_synthetic
CL-0022,MED_SNAKE_WOUND,17,3,39.7,10/25/2027,441,FALSE,FALSE,0.22,FALSE,proxy_synthetic
CL-0022,MED_OXYTOCIN,1,3,2.3,3/9/2027,211,TRUE,FALSE,0.79,TRUE,proxy_synthetic
CL-0022,MED_METFORMIN,37,8,32.4,6/23/2027,317,FALSE,FALSE,0.3,FALSE,proxy_synthetic
CL-0022,MED_GLUCOSE,1,3,2.3,12/23/2027,500,TRUE,FALSE,0.79,FALSE,proxy_synthetic
CL-0022,MED_VIT_A,4,6,4.7,9/1/2027,387,TRUE,FALSE,0.61,FALSE,proxy_synthetic
CL-0022,MED_MUAC_KIT,18,3,42.0,4/1/2027,234,FALSE,FALSE,0.22,TRUE,proxy_synthetic
CL-0022,MED_ZINC_MAL,39,12,22.8,6/13/2027,307,FALSE,FALSE,0.34,FALSE,proxy_synthetic
CL-0023,MED_ACT,74,10,51.8,11/27/2026,109,FALSE,TRUE,0.44,FALSE,proxy_synthetic
CL-0023,MED_RDT_MAL,154,22,49.0,4/20/2027,253,FALSE,FALSE,0.27,FALSE,proxy_synthetic
CL-0023,MED_DENGUE_SUP,49,6,57.2,8/13/2027,368,FALSE,FALSE,0.34,TRUE,proxy_synthetic
CL-0023,MED_RDT_DEN,34,10,23.8,9/10/2027,396,FALSE,FALSE,0.33,FALSE,proxy_synthetic
CL-0023,MED_ORS,270,31,61.0,7/28/2027,352,FALSE,FALSE,0.34,FALSE,proxy_synthetic
CL-0023,MED_CHOLERA_KIT,3,8,2.6,3/16/2028,584,TRUE,FALSE,0.76,FALSE,proxy_synthetic
CL-0023,VAC_OCV,147,20,51.5,1/18/2028,526,FALSE,FALSE,0.23,FALSE,proxy_synthetic
CL-0023,VAC_MEASLES,50,7,50.0,1/27/2028,535,FALSE,FALSE,0.34,FALSE,proxy_synthetic
CL-0023,VAC_OPV,37,11,23.5,5/12/2027,275,FALSE,FALSE,0.29,FALSE,proxy_synthetic
CL-0023,VAC_PENTA,66,8,57.8,5/4/2028,633,FALSE,FALSE,0.32,FALSE,proxy_synthetic
CL-0023,VAC_TT,35,5,49.0,1/6/2027,149,FALSE,TRUE,0.3,TRUE,proxy_synthetic
CL-0023,MED_ANTIVENOM,9,2,31.5,3/25/2027,227,FALSE,FALSE,0.32,TRUE,proxy_synthetic
CL-0023,MED_SNAKE_ANTIVENOM,25,3,58.3,12/23/2027,500,FALSE,FALSE,0.24,FALSE,proxy_synthetic
CL-0023,MED_SNAKE_WOUND,35,5,49.0,9/24/2027,410,FALSE,FALSE,0.34,FALSE,proxy_synthetic
CL-0023,MED_OXYTOCIN,11,4,19.2,1/12/2028,520,FALSE,FALSE,0.32,FALSE,proxy_synthetic
CL-0023,MED_METFORMIN,102,14,51.0,4/1/2028,600,FALSE,FALSE,0.28,FALSE,proxy_synthetic
CL-0023,MED_GLUCOSE,27,6,31.5,2/24/2028,563,FALSE,FALSE,0.23,TRUE,proxy_synthetic
CL-0023,MED_VIT_A,44,8,38.5,5/15/2027,278,FALSE,FALSE,0.29,TRUE,proxy_synthetic
CL-0023,MED_MUAC_KIT,11,3,25.7,8/22/2027,377,FALSE,FALSE,0.21,FALSE,proxy_synthetic
CL-0023,MED_ZINC_MAL,100,17,41.2,9/9/2027,395,FALSE,FALSE,0.32,FALSE,proxy_synthetic
CL-0024,MED_ACT,127,42,21.2,10/2/2027,418,FALSE,FALSE,0.28,TRUE,proxy_synthetic
CL-0024,MED_RDT_MAL,403,84,33.6,5/17/2027,280,FALSE,FALSE,0.31,FALSE,proxy_synthetic
CL-0024,MED_DENGUE_SUP,449,49,64.1,12/27/2026,139,FALSE,TRUE,0.34,FALSE,proxy_synthetic
CL-0024,MED_RDT_DEN,398,59,47.2,10/5/2027,421,FALSE,FALSE,0.25,FALSE,proxy_synthetic
CL-0024,MED_ORS,1252,202,43.4,6/21/2028,681,FALSE,FALSE,0.32,FALSE,proxy_synthetic
CL-0024,MED_CHOLERA_KIT,135,47,20.1,6/13/2027,307,FALSE,FALSE,0.28,FALSE,proxy_synthetic
CL-0024,VAC_OCV,458,74,43.3,10/17/2026,68,FALSE,TRUE,0.5,FALSE,proxy_synthetic
CL-0024,VAC_MEASLES,18,38,3.3,7/8/2028,698,TRUE,FALSE,0.7,FALSE,proxy_synthetic
CL-0024,VAC_OPV,402,53,53.1,12/3/2026,115,FALSE,TRUE,0.38,TRUE,proxy_synthetic
CL-0024,VAC_PENTA,289,45,45.0,7/16/2027,340,FALSE,FALSE,0.26,FALSE,proxy_synthetic
CL-0024,VAC_TT,19,32,4.2,2/2/2028,541,TRUE,FALSE,0.67,FALSE,proxy_synthetic
CL-0024,MED_ANTIVENOM,73,10,51.1,1/27/2027,170,FALSE,TRUE,0.26,FALSE,proxy_synthetic
CL-0024,MED_SNAKE_ANTIVENOM,61,11,38.8,2/12/2028,551,FALSE,FALSE,0.27,FALSE,proxy_synthetic
CL-0024,MED_SNAKE_WOUND,135,17,55.6,7/16/2028,706,FALSE,FALSE,0.22,FALSE,proxy_synthetic
CL-0024,MED_OXYTOCIN,179,24,52.2,6/24/2028,684,FALSE,FALSE,0.28,FALSE,proxy_synthetic
CL-0024,MED_METFORMIN,25,48,3.6,7/9/2028,699,TRUE,FALSE,0.73,FALSE,proxy_synthetic
CL-0024,MED_GLUCOSE,142,29,34.3,2/5/2028,544,FALSE,FALSE,0.28,TRUE,proxy_synthetic
CL-0024,MED_VIT_A,132,34,27.2,4/24/2028,623,FALSE,FALSE,0.33,FALSE,proxy_synthetic
CL-0024,MED_MUAC_KIT,113,20,39.5,8/5/2027,360,FALSE,FALSE,0.21,TRUE,proxy_synthetic
CL-0024,MED_ZINC_MAL,436,91,33.5,12/26/2026,138,FALSE,TRUE,0.35,FALSE,proxy_synthetic
CL-0024,VAC_HEPB,121,18,47.1,12/25/2027,502,FALSE,FALSE,0.28,FALSE,proxy_synthetic
CL-0024,VAC_BCG,62,24,18.1,6/27/2027,321,FALSE,FALSE,0.31,FALSE,proxy_synthetic
CL-0024,VAC_MR,232,31,52.4,10/25/2027,441,FALSE,FALSE,0.25,FALSE,proxy_synthetic
CL-0024,MED_TETANUS,86,13,46.3,5/10/2028,639,FALSE,FALSE,0.22,FALSE,proxy_synthetic
CL-0024,MED_DIABETES_INSULIN,52,17,21.4,10/12/2026,63,FALSE,TRUE,0.54,FALSE,proxy_synthetic
CL-0024,MED_GLIBENCLAMIDE,159,30,37.1,6/18/2028,678,FALSE,FALSE,0.28,FALSE,proxy_synthetic
CL-0024,MED_GLUCAGON,31,4,54.2,6/28/2027,322,FALSE,FALSE,0.32,FALSE,proxy_synthetic
CL-0024,MED_RUTF,174,29,42.0,11/14/2027,461,FALSE,FALSE,0.3,FALSE,proxy_synthetic
CL-0024,MED_F75,41,11,26.1,10/17/2027,433,FALSE,FALSE,0.23,FALSE,proxy_synthetic
CL-0024,MED_F100,83,11,52.8,9/4/2027,390,FALSE,FALSE,0.23,FALSE,proxy_synthetic
CL-0024,MED_THERAPEUTIC_FEED,23,8,20.1,6/3/2028,663,FALSE,FALSE,0.25,FALSE,proxy_synthetic
CL-0025,MED_ACT,7,9,5.4,2/23/2028,562,TRUE,FALSE,0.54,FALSE,proxy_synthetic
CL-0025,MED_RDT_MAL,56,15,26.1,7/2/2027,326,FALSE,FALSE,0.3,FALSE,proxy_synthetic
CL-0025,MED_DENGUE_SUP,61,7,61.0,6/26/2027,320,FALSE,FALSE,0.33,FALSE,proxy_synthetic
CL-0025,MED_RDT_DEN,53,9,41.2,4/29/2027,262,FALSE,FALSE,0.21,FALSE,proxy_synthetic
CL-0025,MED_ORS,9,25,2.5,5/9/2027,272,TRUE,FALSE,0.78,TRUE,proxy_synthetic
CL-0025,MED_CHOLERA_KIT,52,9,40.4,6/22/2027,316,FALSE,FALSE,0.22,FALSE,proxy_synthetic
CL-0025,VAC_OCV,6,12,3.5,12/23/2026,135,TRUE,TRUE,0.79,TRUE,proxy_synthetic
CL-0025,VAC_MEASLES,40,6,46.7,3/18/2027,220,FALSE,FALSE,0.31,FALSE,proxy_synthetic
CL-0025,VAC_OPV,3,8,2.6,7/3/2027,327,TRUE,FALSE,0.8,FALSE,proxy_synthetic
CL-0025,VAC_PENTA,30,8,26.2,7/18/2027,342,FALSE,FALSE,0.31,FALSE,proxy_synthetic
CL-0025,VAC_TT,25,6,29.2,5/4/2027,267,FALSE,FALSE,0.23,FALSE,proxy_synthetic
CL-0025,MED_ANTIVENOM,7,2,24.5,12/5/2026,117,FALSE,TRUE,0.42,FALSE,proxy_synthetic
CL-0025,MED_SNAKE_ANTIVENOM,12,2,42.0,12/5/2026,117,FALSE,TRUE,0.4,FALSE,proxy_synthetic
CL-0025,MED_SNAKE_WOUND,35,5,49.0,9/16/2027,402,FALSE,FALSE,0.21,FALSE,proxy_synthetic
CL-0025,MED_OXYTOCIN,24,3,56.0,12/27/2027,504,FALSE,FALSE,0.31,FALSE,proxy_synthetic
CL-0025,MED_METFORMIN,2,12,1.2,7/6/2027,330,TRUE,FALSE,0.9,FALSE,proxy_synthetic
CL-0025,MED_GLUCOSE,21,4,36.8,3/8/2028,576,FALSE,FALSE,0.32,FALSE,proxy_synthetic
CL-0025,MED_VIT_A,3,6,3.5,8/19/2027,374,TRUE,FALSE,0.7,FALSE,proxy_synthetic
CL-0025,MED_MUAC_KIT,16,3,37.3,7/29/2027,353,FALSE,FALSE,0.3,FALSE,proxy_synthetic
CL-0025,MED_ZINC_MAL,81,14,40.5,12/20/2027,497,FALSE,FALSE,0.24,FALSE,proxy_synthetic
CL-0026,MED_ACT,38,5,53.2,1/31/2028,539,FALSE,FALSE,0.31,FALSE,proxy_synthetic
CL-0026,MED_RDT_MAL,48,12,28.0,6/24/2027,318,FALSE,FALSE,0.28,FALSE,proxy_synthetic
CL-0026,MED_DENGUE_SUP,45,5,63.0,10/20/2026,71,FALSE,TRUE,0.52,TRUE,proxy_synthetic
CL-0026,MED_RDT_DEN,18,6,21.0,4/2/2027,235,FALSE,FALSE,0.21,FALSE,proxy_synthetic
CL-0026,MED_ORS,134,22,42.6,1/11/2028,519,FALSE,FALSE,0.34,FALSE,proxy_synthetic
CL-0026,MED_CHOLERA_KIT,20,5,28.0,4/13/2028,612,FALSE,FALSE,0.24,TRUE,proxy_synthetic
CL-0026,VAC_OCV,41,10,28.7,10/14/2026,65,FALSE,TRUE,0.53,TRUE,proxy_synthetic
CL-0026,VAC_MEASLES,25,5,35.0,12/26/2027,503,FALSE,FALSE,0.28,FALSE,proxy_synthetic
CL-0026,VAC_OPV,1,4,1.8,7/9/2027,333,TRUE,FALSE,0.84,FALSE,proxy_synthetic
CL-0026,VAC_PENTA,33,5,46.2,1/27/2027,170,FALSE,TRUE,0.22,FALSE,proxy_synthetic
CL-0026,VAC_TT,1,3,2.3,4/26/2028,625,TRUE,FALSE,0.8,FALSE,proxy_synthetic
CL-0026,MED_ANTIVENOM,6,1,42.0,7/19/2028,709,FALSE,FALSE,0.28,FALSE,proxy_synthetic
CL-0026,MED_SNAKE_ANTIVENOM,11,2,38.5,1/5/2028,513,FALSE,FALSE,0.2,TRUE,proxy_synthetic
CL-0026,MED_SNAKE_WOUND,18,2,63.0,7/5/2027,329,FALSE,FALSE,0.25,FALSE,proxy_synthetic
CL-0026,MED_OXYTOCIN,1,2,3.5,4/24/2027,257,TRUE,FALSE,0.7,TRUE,proxy_synthetic
CL-0026,MED_METFORMIN,40,8,35.0,7/25/2027,349,FALSE,FALSE,0.34,FALSE,proxy_synthetic
CL-0026,MED_GLUCOSE,12,3,28.0,6/1/2028,661,FALSE,FALSE,0.23,TRUE,proxy_synthetic
CL-0026,MED_VIT_A,14,4,24.5,1/26/2027,169,FALSE,TRUE,0.21,FALSE,proxy_synthetic
CL-0026,MED_MUAC_KIT,15,2,52.5,3/30/2027,232,FALSE,FALSE,0.27,FALSE,proxy_synthetic
CL-0026,MED_ZINC_MAL,77,9,59.9,11/17/2027,464,FALSE,FALSE,0.35,FALSE,proxy_synthetic
CL-0027,MED_ACT,39,6,45.5,1/12/2027,155,FALSE,TRUE,0.25,FALSE,proxy_synthetic
CL-0027,MED_RDT_MAL,49,13,26.4,10/16/2027,432,FALSE,FALSE,0.27,FALSE,proxy_synthetic
CL-0027,MED_DENGUE_SUP,26,4,45.5,9/14/2027,400,FALSE,FALSE,0.24,FALSE,proxy_synthetic
CL-0027,MED_RDT_DEN,40,6,46.7,8/10/2027,365,FALSE,FALSE,0.23,FALSE,proxy_synthetic
CL-0027,MED_ORS,98,22,31.2,5/15/2027,278,FALSE,FALSE,0.29,TRUE,proxy_synthetic
CL-0027,MED_CHOLERA_KIT,21,5,29.4,9/15/2027,401,FALSE,FALSE,0.22,FALSE,proxy_synthetic
CL-0027,VAC_OCV,38,10,26.6,7/17/2028,707,FALSE,FALSE,0.33,FALSE,proxy_synthetic
CL-0027,VAC_MEASLES,28,6,32.7,12/17/2027,494,FALSE,FALSE,0.26,FALSE,proxy_synthetic
CL-0027,VAC_OPV,29,5,40.6,5/8/2027,271,FALSE,FALSE,0.25,FALSE,proxy_synthetic
CL-0027,VAC_PENTA,26,6,30.3,10/24/2026,75,FALSE,TRUE,0.5,FALSE,proxy_synthetic
CL-0027,VAC_TT,39,6,45.5,6/7/2027,301,FALSE,FALSE,0.32,FALSE,proxy_synthetic
CL-0027,MED_ANTIVENOM,8,1,56.0,9/21/2027,407,FALSE,FALSE,0.24,FALSE,proxy_synthetic
CL-0027,MED_SNAKE_ANTIVENOM,16,2,56.0,1/28/2028,536,FALSE,FALSE,0.29,FALSE,proxy_synthetic
CL-0027,MED_SNAKE_WOUND,8,2,28.0,8/6/2027,361,FALSE,FALSE,0.24,FALSE,proxy_synthetic
CL-0027,MED_OXYTOCIN,17,2,59.5,12/26/2027,503,FALSE,FALSE,0.34,FALSE,proxy_synthetic
CL-0027,MED_METFORMIN,4,7,4.0,7/6/2028,696,TRUE,FALSE,0.67,TRUE,proxy_synthetic
CL-0027,MED_GLUCOSE,2,3,4.7,3/22/2027,224,TRUE,FALSE,0.61,FALSE,proxy_synthetic
CL-0027,MED_VIT_A,2,6,2.3,2/9/2028,548,TRUE,FALSE,0.82,TRUE,proxy_synthetic
CL-0027,MED_MUAC_KIT,7,2,24.5,3/23/2027,225,FALSE,FALSE,0.3,FALSE,proxy_synthetic
CL-0027,MED_ZINC_MAL,100,11,63.6,7/27/2027,351,FALSE,FALSE,0.27,FALSE,proxy_synthetic
CL-0028,MED_ACT,92,14,46.0,1/20/2028,528,FALSE,FALSE,0.28,FALSE,proxy_synthetic
CL-0028,MED_RDT_MAL,127,26,34.2,11/19/2027,466,FALSE,FALSE,0.27,FALSE,proxy_synthetic
CL-0028,MED_DENGUE_SUP,23,9,17.9,11/26/2027,473,FALSE,FALSE,0.25,FALSE,proxy_synthetic
CL-0028,MED_RDT_DEN,80,9,62.2,3/11/2027,213,FALSE,FALSE,0.26,FALSE,proxy_synthetic
CL-0028,MED_ORS,13,36,2.5,12/23/2027,500,TRUE,FALSE,0.78,FALSE,proxy_synthetic
CL-0028,MED_CHOLERA_KIT,47,9,36.6,7/18/2027,342,FALSE,FALSE,0.26,TRUE,proxy_synthetic
CL-0028,VAC_OCV,200,25,56.0,7/29/2027,353,FALSE,FALSE,0.31,FALSE,proxy_synthetic
CL-0028,VAC_MEASLES,34,9,26.4,1/20/2028,528,FALSE,FALSE,0.29,FALSE,proxy_synthetic
CL-0028,VAC_OPV,35,13,18.8,12/12/2026,124,FALSE,TRUE,0.37,TRUE,proxy_synthetic
CL-0028,VAC_PENTA,45,11,28.6,12/7/2026,119,FALSE,TRUE,0.39,FALSE,proxy_synthetic
CL-0028,VAC_TT,65,7,65.0,4/20/2028,619,FALSE,FALSE,0.25,FALSE,proxy_synthetic
CL-0028,MED_ANTIVENOM,2,3,4.7,12/4/2026,116,TRUE,TRUE,0.74,FALSE,proxy_synthetic
CL-0028,MED_SNAKE_ANTIVENOM,13,3,30.3,10/23/2027,439,FALSE,FALSE,0.31,TRUE,proxy_synthetic
CL-0028,MED_SNAKE_WOUND,30,5,42.0,11/7/2027,454,FALSE,FALSE,0.3,FALSE,proxy_synthetic
CL-0028,MED_OXYTOCIN,11,4,19.2,11/23/2027,470,FALSE,FALSE,0.24,FALSE,proxy_synthetic
CL-0028,MED_METFORMIN,109,13,58.7,5/6/2027,269,FALSE,FALSE,0.29,FALSE,proxy_synthetic
CL-0028,MED_GLUCOSE,17,5,23.8,3/13/2027,215,FALSE,FALSE,0.21,FALSE,proxy_synthetic
CL-0028,MED_VIT_A,51,10,35.7,10/28/2026,79,FALSE,TRUE,0.51,FALSE,proxy_synthetic
CL-0028,MED_MUAC_KIT,15,5,21.0,3/4/2028,572,FALSE,FALSE,0.32,TRUE,proxy_synthetic
CL-0028,MED_ZINC_MAL,142,18,55.2,4/27/2028,626,FALSE,FALSE,0.27,TRUE,proxy_synthetic
CL-0028,VAC_HEPB,17,5,23.8,11/6/2027,453,FALSE,FALSE,0.27,FALSE,proxy_synthetic
CL-0028,VAC_BCG,27,7,27.0,3/8/2028,576,FALSE,FALSE,0.24,FALSE,proxy_synthetic
CL-0028,VAC_MR,24,8,21.0,11/13/2026,95,FALSE,TRUE,0.46,TRUE,proxy_synthetic
CL-0028,MED_TETANUS,2,3,4.7,6/9/2027,303,TRUE,FALSE,0.66,FALSE,proxy_synthetic
CL-0028,MED_DIABETES_INSULIN,28,4,49.0,9/18/2027,404,FALSE,FALSE,0.28,FALSE,proxy_synthetic
CL-0028,MED_GLIBENCLAMIDE,47,10,32.9,5/4/2027,267,FALSE,FALSE,0.28,TRUE,proxy_synthetic
CL-0028,MED_GLUCAGON,8,1,56.0,11/6/2027,453,FALSE,FALSE,0.21,FALSE,proxy_synthetic
CL-0028,MED_RUTF,61,10,42.7,7/14/2027,338,FALSE,FALSE,0.25,FALSE,proxy_synthetic
CL-0028,MED_F75,8,2,28.0,5/25/2028,654,FALSE,FALSE,0.21,FALSE,proxy_synthetic
CL-0028,MED_F100,18,2,63.0,9/9/2027,395,FALSE,FALSE,0.31,FALSE,proxy_synthetic
CL-0028,MED_THERAPEUTIC_FEED,1,2,3.5,6/22/2028,682,TRUE,FALSE,0.72,FALSE,proxy_synthetic
CL-0029,MED_ACT,25,4,43.8,11/26/2027,473,FALSE,FALSE,0.24,FALSE,proxy_synthetic
CL-0029,MED_RDT_MAL,48,9,37.3,12/24/2026,136,FALSE,TRUE,0.32,FALSE,proxy_synthetic
CL-0029,MED_DENGUE_SUP,19,5,26.6,6/21/2027,315,FALSE,FALSE,0.22,FALSE,proxy_synthetic
CL-0029,MED_RDT_DEN,23,5,32.2,6/17/2027,311,FALSE,FALSE,0.26,FALSE,proxy_synthetic
CL-0029,MED_ORS,113,17,46.5,6/27/2027,321,FALSE,FALSE,0.31,FALSE,proxy_synthetic
CL-0029,MED_CHOLERA_KIT,22,4,38.5,3/5/2028,573,FALSE,FALSE,0.35,FALSE,proxy_synthetic
CL-0029,VAC_OCV,41,9,31.9,6/27/2027,321,FALSE,FALSE,0.33,TRUE,proxy_synthetic
CL-0029,VAC_MEASLES,22,5,30.8,12/11/2027,488,FALSE,FALSE,0.34,TRUE,proxy_synthetic
CL-0029,VAC_OPV,14,4,24.5,5/26/2027,289,FALSE,FALSE,0.23,FALSE,proxy_synthetic
CL-0029,VAC_PENTA,26,3,60.7,3/4/2028,572,FALSE,FALSE,0.32,TRUE,proxy_synthetic
CL-0029,VAC_TT,26,4,45.5,1/10/2028,518,FALSE,FALSE,0.25,FALSE,proxy_synthetic
CL-0029,MED_ANTIVENOM,1,2,3.5,9/4/2027,390,TRUE,FALSE,0.73,FALSE,proxy_synthetic
CL-0029,MED_SNAKE_ANTIVENOM,8,1,56.0,2/8/2028,547,FALSE,FALSE,0.29,TRUE,proxy_synthetic
CL-0029,MED_SNAKE_WOUND,14,3,32.7,12/12/2026,124,FALSE,TRUE,0.38,TRUE,proxy_synthetic
CL-0029,MED_OXYTOCIN,10,2,35.0,12/30/2027,507,FALSE,FALSE,0.28,TRUE,proxy_synthetic
CL-0029,MED_METFORMIN,17,5,23.8,12/16/2026,128,FALSE,TRUE,0.37,TRUE,proxy_synthetic
CL-0029,MED_GLUCOSE,1,3,2.3,5/15/2027,278,TRUE,FALSE,0.82,FALSE,proxy_synthetic
CL-0029,MED_VIT_A,27,4,47.2,7/14/2027,338,FALSE,FALSE,0.21,FALSE,proxy_synthetic
CL-0029,MED_MUAC_KIT,6,2,21.0,10/13/2027,429,FALSE,FALSE,0.25,FALSE,proxy_synthetic
CL-0029,MED_ZINC_MAL,3,9,2.3,1/20/2028,528,TRUE,FALSE,0.82,FALSE,proxy_synthetic
CL-0030,MED_ACT,23,8,20.1,6/16/2027,310,FALSE,FALSE,0.26,FALSE,proxy_synthetic
CL-0030,MED_RDT_MAL,2,19,0.7,12/27/2027,504,TRUE,FALSE,0.95,TRUE,proxy_synthetic
CL-0030,MED_DENGUE_SUP,3,7,3.0,11/3/2026,85,TRUE,TRUE,0.81,TRUE,proxy_synthetic
CL-0030,MED_RDT_DEN,28,8,24.5,3/14/2027,216,FALSE,FALSE,0.29,FALSE,proxy_synthetic
CL-0030,MED_ORS,6,21,2.0,1/21/2028,529,TRUE,FALSE,0.82,TRUE,proxy_synthetic
CL-0030,MED_CHOLERA_KIT,3,7,3.0,5/7/2028,636,TRUE,FALSE,0.73,TRUE,proxy_synthetic
CL-0030,VAC_OCV,74,18,28.8,7/8/2028,698,FALSE,FALSE,0.21,FALSE,proxy_synthetic
CL-0030,VAC_MEASLES,31,8,27.1,10/23/2027,439,FALSE,FALSE,0.34,TRUE,proxy_synthetic
CL-0030,VAC_OPV,34,7,34.0,3/30/2027,232,FALSE,FALSE,0.25,FALSE,proxy_synthetic
CL-0030,VAC_PENTA,64,7,64.0,4/17/2028,616,FALSE,FALSE,0.29,FALSE,proxy_synthetic
CL-0030,VAC_TT,19,7,19.0,7/31/2027,355,FALSE,FALSE,0.22,FALSE,proxy_synthetic
CL-0030,MED_ANTIVENOM,1,2,3.5,1/19/2028,527,TRUE,FALSE,0.68,FALSE,proxy_synthetic
CL-0030,MED_SNAKE_ANTIVENOM,7,2,24.5,6/20/2028,680,FALSE,FALSE,0.25,FALSE,proxy_synthetic
CL-0030,MED_SNAKE_WOUND,19,3,44.3,5/27/2028,656,FALSE,FALSE,0.25,FALSE,proxy_synthetic
CL-0030,MED_OXYTOCIN,28,3,65.3,5/20/2027,283,FALSE,FALSE,0.34,FALSE,proxy_synthetic
CL-0030,MED_METFORMIN,80,9,62.2,11/16/2026,98,FALSE,TRUE,0.46,FALSE,proxy_synthetic
CL-0030,MED_GLUCOSE,27,5,37.8,7/2/2028,692,FALSE,FALSE,0.33,FALSE,proxy_synthetic
CL-0030,MED_VIT_A,20,6,23.3,4/5/2028,604,FALSE,FALSE,0.29,TRUE,proxy_synthetic
CL-0030,MED_MUAC_KIT,12,3,28.0,9/10/2027,396,FALSE,FALSE,0.3,FALSE,proxy_synthetic
CL-0030,MED_ZINC_MAL,103,14,51.5,5/21/2028,650,FALSE,FALSE,0.27,TRUE,proxy_synthetic
CL-0031,MED_ACT,5,7,5.0,11/10/2026,92,TRUE,TRUE,0.7,FALSE,proxy_synthetic
CL-0031,MED_RDT_MAL,119,13,64.1,8/11/2027,366,FALSE,FALSE,0.25,FALSE,proxy_synthetic
CL-0031,MED_DENGUE_SUP,17,6,19.8,7/4/2027,328,FALSE,FALSE,0.25,FALSE,proxy_synthetic
CL-0031,MED_RDT_DEN,61,10,42.7,11/7/2027,454,FALSE,FALSE,0.28,FALSE,proxy_synthetic
CL-0031,MED_ORS,28,34,5.8,9/29/2027,415,TRUE,FALSE,0.56,FALSE,proxy_synthetic
CL-0031,MED_CHOLERA_KIT,48,7,48.0,11/13/2026,95,FALSE,TRUE,0.43,FALSE,proxy_synthetic
CL-0031,VAC_OCV,100,15,46.7,12/10/2026,122,FALSE,TRUE,0.38,TRUE,proxy_synthetic
CL-0031,VAC_MEASLES,59,8,51.6,1/9/2027,152,FALSE,TRUE,0.31,TRUE,proxy_synthetic
CL-0031,VAC_OPV,30,8,26.2,6/12/2027,306,FALSE,FALSE,0.23,FALSE,proxy_synthetic
CL-0031,VAC_PENTA,52,6,60.7,3/1/2028,569,FALSE,FALSE,0.22,TRUE,proxy_synthetic
CL-0031,VAC_TT,37,6,43.2,4/20/2028,619,FALSE,FALSE,0.28,FALSE,proxy_synthetic
CL-0031,MED_ANTIVENOM,15,2,52.5,12/25/2027,502,FALSE,FALSE,0.3,TRUE,proxy_synthetic
CL-0031,MED_SNAKE_ANTIVENOM,22,3,51.3,8/15/2027,370,FALSE,FALSE,0.32,FALSE,proxy_synthetic
CL-0031,MED_SNAKE_WOUND,1,4,1.8,1/24/2028,532,TRUE,FALSE,0.83,TRUE,proxy_synthetic
CL-0031,MED_OXYTOCIN,19,3,44.3,1/22/2027,165,FALSE,TRUE,0.25,FALSE,proxy_synthetic
CL-0031,MED_METFORMIN,5,10,3.5,12/16/2027,493,TRUE,FALSE,0.74,FALSE,proxy_synthetic
CL-0031,MED_GLUCOSE,14,5,19.6,2/9/2028,548,FALSE,FALSE,0.21,FALSE,proxy_synthetic
CL-0031,MED_VIT_A,32,7,32.0,4/3/2027,236,FALSE,FALSE,0.26,TRUE,proxy_synthetic
CL-0031,MED_MUAC_KIT,22,3,51.3,4/18/2028,617,FALSE,FALSE,0.23,FALSE,proxy_synthetic
CL-0031,MED_ZINC_MAL,48,15,22.4,9/15/2027,401,FALSE,FALSE,0.26,TRUE,proxy_synthetic
CL-0032,MED_ACT,41,9,31.9,2/18/2028,557,FALSE,FALSE,0.24,FALSE,proxy_synthetic
CL-0032,MED_RDT_MAL,134,20,46.9,1/4/2027,147,FALSE,TRUE,0.26,FALSE,proxy_synthetic
CL-0032,MED_DENGUE_SUP,83,9,64.6,9/13/2027,399,FALSE,FALSE,0.25,FALSE,proxy_synthetic
CL-0032,MED_RDT_DEN,41,12,23.9,8/16/2027,371,FALSE,FALSE,0.29,FALSE,proxy_synthetic
CL-0032,MED_ORS,205,28,51.2,3/9/2027,211,FALSE,FALSE,0.2,FALSE,proxy_synthetic
CL-0032,MED_CHOLERA_KIT,56,7,56.0,10/1/2027,417,FALSE,FALSE,0.25,FALSE,proxy_synthetic
CL-0032,VAC_OCV,4,19,1.5,4/6/2028,605,TRUE,FALSE,0.82,FALSE,proxy_synthetic
CL-0032,VAC_MEASLES,21,8,18.4,8/26/2027,381,FALSE,FALSE,0.31,FALSE,proxy_synthetic
CL-0032,VAC_OPV,38,8,33.2,6/7/2027,301,FALSE,FALSE,0.34,FALSE,proxy_synthetic
CL-0032,VAC_PENTA,54,8,47.2,12/1/2027,478,FALSE,FALSE,0.25,FALSE,proxy_synthetic
CL-0032,VAC_TT,49,6,57.2,3/17/2028,585,FALSE,FALSE,0.25,FALSE,proxy_synthetic
CL-0032,MED_ANTIVENOM,16,2,56.0,9/7/2027,393,FALSE,FALSE,0.35,FALSE,proxy_synthetic
CL-0032,MED_SNAKE_ANTIVENOM,14,2,49.0,12/28/2027,505,FALSE,FALSE,0.26,FALSE,proxy_synthetic
CL-0032,MED_SNAKE_WOUND,37,5,51.8,3/25/2027,227,FALSE,FALSE,0.26,FALSE,proxy_synthetic
CL-0032,MED_OXYTOCIN,27,3,63.0,8/6/2027,361,FALSE,FALSE,0.22,FALSE,proxy_synthetic
CL-0032,MED_METFORMIN,72,13,38.8,12/5/2026,117,FALSE,TRUE,0.37,FALSE,proxy_synthetic
CL-0032,MED_GLUCOSE,47,6,54.8,5/31/2028,660,FALSE,FALSE,0.32,FALSE,proxy_synthetic
CL-0032,MED_VIT_A,67,9,52.1,3/11/2028,579,FALSE,FALSE,0.28,TRUE,proxy_synthetic
CL-0032,MED_MUAC_KIT,26,4,45.5,12/4/2026,116,FALSE,TRUE,0.39,TRUE,proxy_synthetic
CL-0032,MED_ZINC_MAL,79,17,32.5,8/17/2027,372,FALSE,FALSE,0.33,FALSE,proxy_synthetic
CL-0033,MED_ACT,24,5,33.6,5/6/2027,269,FALSE,FALSE,0.22,FALSE,proxy_synthetic
CL-0033,MED_RDT_MAL,54,9,42.0,6/28/2027,322,FALSE,FALSE,0.25,TRUE,proxy_synthetic
CL-0033,MED_DENGUE_SUP,21,5,29.4,12/21/2026,133,FALSE,TRUE,0.33,TRUE,proxy_synthetic
CL-0033,MED_RDT_DEN,20,6,23.3,11/29/2026,111,FALSE,TRUE,0.42,TRUE,proxy_synthetic
CL-0033,MED_ORS,180,22,57.3,1/21/2028,529,FALSE,FALSE,0.25,FALSE,proxy_synthetic
CL-0033,MED_CHOLERA_KIT,37,6,43.2,3/20/2028,588,FALSE,FALSE,0.27,TRUE,proxy_synthetic
CL-0033,VAC_OCV,74,13,39.8,2/13/2028,552,FALSE,FALSE,0.31,FALSE,proxy_synthetic
CL-0033,VAC_MEASLES,33,4,57.8,6/6/2028,666,FALSE,FALSE,0.26,FALSE,proxy_synthetic
CL-0033,VAC_OPV,59,7,59.0,3/13/2027,215,FALSE,FALSE,0.27,FALSE,proxy_synthetic
CL-0033,VAC_PENTA,39,5,54.6,5/11/2027,274,FALSE,FALSE,0.22,FALSE,proxy_synthetic
CL-0033,VAC_TT,35,5,49.0,12/8/2027,485,FALSE,FALSE,0.26,FALSE,proxy_synthetic
CL-0033,MED_ANTIVENOM,9,1,63.0,8/31/2027,386,FALSE,FALSE,0.32,FALSE,proxy_synthetic
CL-0033,MED_SNAKE_ANTIVENOM,16,2,56.0,7/8/2027,332,FALSE,FALSE,0.3,TRUE,proxy_synthetic
CL-0033,MED_SNAKE_WOUND,18,3,42.0,11/2/2027,449,FALSE,FALSE,0.28,FALSE,proxy_synthetic
CL-0033,MED_OXYTOCIN,6,2,21.0,1/14/2027,157,FALSE,TRUE,0.27,FALSE,proxy_synthetic
CL-0033,MED_METFORMIN,6,8,5.2,6/17/2028,677,TRUE,FALSE,0.57,FALSE,proxy_synthetic
CL-0033,MED_GLUCOSE,7,2,24.5,9/26/2027,412,FALSE,FALSE,0.29,TRUE,proxy_synthetic
CL-0033,MED_VIT_A,32,5,44.8,8/13/2027,368,FALSE,FALSE,0.34,FALSE,proxy_synthetic
CL-0033,MED_MUAC_KIT,10,3,23.3,2/3/2027,177,FALSE,TRUE,0.21,FALSE,proxy_synthetic
CL-0033,MED_ZINC_MAL,29,10,20.3,5/5/2028,634,FALSE,FALSE,0.25,FALSE,proxy_synthetic
CL-0034,MED_ACT,284,39,51.0,8/14/2027,369,FALSE,FALSE,0.26,FALSE,proxy_synthetic
CL-0034,MED_RDT_MAL,392,68,40.4,7/8/2027,332,FALSE,FALSE,0.34,FALSE,proxy_synthetic
CL-0034,MED_DENGUE_SUP,156,22,49.6,3/31/2027,233,FALSE,FALSE,0.2,FALSE,proxy_synthetic
CL-0034,MED_RDT_DEN,304,33,64.5,12/24/2026,136,FALSE,TRUE,0.34,FALSE,proxy_synthetic
CL-0034,MED_ORS,723,109,46.4,6/9/2027,303,FALSE,FALSE,0.28,FALSE,proxy_synthetic
CL-0034,MED_CHOLERA_KIT,103,27,26.7,12/22/2027,499,FALSE,FALSE,0.33,TRUE,proxy_synthetic
CL-0034,VAC_OCV,374,60,43.6,7/9/2028,699,FALSE,FALSE,0.29,FALSE,proxy_synthetic
CL-0034,VAC_MEASLES,151,21,50.3,1/4/2027,147,FALSE,TRUE,0.36,FALSE,proxy_synthetic
CL-0034,VAC_OPV,25,33,5.3,12/4/2026,116,TRUE,TRUE,0.63,FALSE,proxy_synthetic
CL-0034,VAC_PENTA,91,31,20.5,3/31/2028,599,FALSE,FALSE,0.27,FALSE,proxy_synthetic
CL-0034,VAC_TT,119,22,37.9,4/23/2028,622,FALSE,FALSE,0.24,TRUE,proxy_synthetic
CL-0034,MED_ANTIVENOM,60,8,52.5,4/9/2027,242,FALSE,FALSE,0.27,TRUE,proxy_synthetic
CL-0034,MED_SNAKE_ANTIVENOM,56,7,56.0,8/3/2027,358,FALSE,FALSE,0.21,FALSE,proxy_synthetic
CL-0034,MED_SNAKE_WOUND,59,17,24.3,5/24/2028,653,FALSE,FALSE,0.2,TRUE,proxy_synthetic
CL-0034,MED_OXYTOCIN,39,11,24.8,4/15/2028,614,FALSE,FALSE,0.24,FALSE,proxy_synthetic
CL-0034,MED_METFORMIN,334,40,58.5,4/21/2027,254,FALSE,FALSE,0.22,FALSE,proxy_synthetic
CL-0034,MED_GLUCOSE,139,15,64.9,7/9/2027,333,FALSE,FALSE,0.27,FALSE,proxy_synthetic
CL-0034,MED_VIT_A,112,23,34.1,4/1/2028,600,FALSE,FALSE,0.22,TRUE,proxy_synthetic
CL-0034,MED_MUAC_KIT,83,11,52.8,12/8/2027,485,FALSE,FALSE,0.26,FALSE,proxy_synthetic
CL-0034,MED_ZINC_MAL,463,55,58.9,1/27/2027,170,FALSE,TRUE,0.21,FALSE,proxy_synthetic
CL-0034,VAC_HEPB,107,15,49.9,1/26/2027,169,FALSE,TRUE,0.21,FALSE,proxy_synthetic
CL-0034,VAC_BCG,101,21,33.7,4/27/2027,260,FALSE,FALSE,0.3,FALSE,proxy_synthetic
CL-0034,VAC_MR,150,20,52.5,6/14/2027,308,FALSE,FALSE,0.25,FALSE,proxy_synthetic
CL-0034,MED_TETANUS,50,7,50.0,3/14/2027,216,FALSE,FALSE,0.21,TRUE,proxy_synthetic
CL-0034,MED_DIABETES_INSULIN,58,13,31.2,10/12/2026,63,FALSE,TRUE,0.5,TRUE,proxy_synthetic
CL-0034,MED_GLIBENCLAMIDE,262,32,57.3,2/1/2028,540,FALSE,FALSE,0.31,TRUE,proxy_synthetic
CL-0034,MED_GLUCAGON,21,3,49.0,12/16/2027,493,FALSE,FALSE,0.35,FALSE,proxy_synthetic
CL-0034,MED_RUTF,137,24,40.0,1/21/2028,529,FALSE,FALSE,0.34,FALSE,proxy_synthetic
CL-0034,MED_F75,46,6,53.7,5/28/2027,291,FALSE,FALSE,0.21,FALSE,proxy_synthetic
CL-0034,MED_F100,18,6,21.0,7/19/2027,343,FALSE,FALSE,0.27,FALSE,proxy_synthetic
CL-0034,MED_THERAPEUTIC_FEED,30,8,26.2,5/19/2027,282,FALSE,FALSE,0.32,TRUE,proxy_synthetic
CL-0035,MED_ACT,81,11,51.5,10/18/2026,69,FALSE,TRUE,0.5,FALSE,proxy_synthetic
CL-0035,MED_RDT_MAL,172,25,48.2,10/5/2027,421,FALSE,FALSE,0.24,FALSE,proxy_synthetic
CL-0035,MED_DENGUE_SUP,60,10,42.0,8/7/2027,362,FALSE,FALSE,0.27,FALSE,proxy_synthetic
CL-0035,MED_RDT_DEN,74,12,43.2,1/30/2027,173,FALSE,TRUE,0.22,FALSE,proxy_synthetic
CL-0035,MED_ORS,310,35,62.0,2/23/2028,562,FALSE,FALSE,0.26,FALSE,proxy_synthetic
CL-0035,MED_CHOLERA_KIT,5,11,3.2,4/18/2027,251,TRUE,FALSE,0.7,FALSE,proxy_synthetic
CL-0035,VAC_OCV,6,16,2.6,12/31/2026,143,TRUE,TRUE,0.86,TRUE,proxy_synthetic
CL-0035,VAC_MEASLES,32,9,24.9,1/2/2027,145,FALSE,TRUE,0.29,FALSE,proxy_synthetic
CL-0035,VAC_OPV,5,10,3.5,5/19/2027,282,TRUE,FALSE,0.72,FALSE,proxy_synthetic
CL-0035,VAC_PENTA,4,6,4.7,10/23/2026,74,TRUE,TRUE,0.69,FALSE,proxy_synthetic
CL-0035,VAC_TT,52,8,45.5,3/28/2027,230,FALSE,FALSE,0.22,FALSE,proxy_synthetic
CL-0035,MED_ANTIVENOM,6,2,21.0,5/15/2027,278,FALSE,FALSE,0.23,TRUE,proxy_synthetic
CL-0035,MED_SNAKE_ANTIVENOM,17,3,39.7,12/18/2026,130,FALSE,TRUE,0.32,FALSE,proxy_synthetic
CL-0035,MED_SNAKE_WOUND,32,4,56.0,4/27/2028,626,FALSE,FALSE,0.26,FALSE,proxy_synthetic
CL-0035,MED_OXYTOCIN,24,5,33.6,12/21/2027,498,FALSE,FALSE,0.22,FALSE,proxy_synthetic
CL-0035,MED_METFORMIN,92,14,46.0,5/10/2027,273,FALSE,FALSE,0.22,FALSE,proxy_synthetic
CL-0035,MED_GLUCOSE,33,6,38.5,3/30/2027,232,FALSE,FALSE,0.21,FALSE,proxy_synthetic
CL-0035,MED_VIT_A,24,9,18.7,3/12/2027,214,FALSE,FALSE,0.23,TRUE,proxy_synthetic
CL-0035,MED_MUAC_KIT,21,4,36.8,4/10/2028,609,FALSE,FALSE,0.3,TRUE,proxy_synthetic
CL-0035,MED_ZINC_MAL,101,19,37.2,1/18/2028,526,FALSE,FALSE,0.21,TRUE,proxy_synthetic
CL-0036,MED_ACT,54,8,47.2,8/29/2027,384,FALSE,FALSE,0.2,TRUE,proxy_synthetic
CL-0036,MED_RDT_MAL,42,13,22.6,11/5/2027,452,FALSE,FALSE,0.28,TRUE,proxy_synthetic
CL-0036,MED_DENGUE_SUP,31,7,31.0,11/10/2027,457,FALSE,FALSE,0.3,FALSE,proxy_synthetic
CL-0036,MED_RDT_DEN,57,8,49.9,12/25/2026,137,FALSE,TRUE,0.32,FALSE,proxy_synthetic
CL-0036,MED_ORS,89,31,20.1,6/28/2028,688,FALSE,FALSE,0.23,FALSE,proxy_synthetic
CL-0036,MED_CHOLERA_KIT,5,7,5.0,12/29/2027,506,TRUE,FALSE,0.62,FALSE,proxy_synthetic
CL-0036,VAC_OCV,57,12,33.2,8/18/2027,373,FALSE,FALSE,0.21,FALSE,proxy_synthetic
CL-0036,VAC_MEASLES,32,8,28.0,11/5/2027,452,FALSE,FALSE,0.33,TRUE,proxy_synthetic
CL-0036,VAC_OPV,52,10,36.4,1/2/2027,145,FALSE,TRUE,0.27,TRUE,proxy_synthetic
CL-0036,VAC_PENTA,15,5,21.0,1/18/2027,161,FALSE,TRUE,0.22,FALSE,proxy_synthetic
CL-0036,VAC_TT,34,4,59.5,4/19/2028,618,FALSE,FALSE,0.3,FALSE,proxy_synthetic
CL-0036,MED_ANTIVENOM,8,1,56.0,1/19/2027,162,FALSE,TRUE,0.21,FALSE,proxy_synthetic
CL-0036,MED_SNAKE_ANTIVENOM,22,3,51.3,7/14/2027,338,FALSE,FALSE,0.25,FALSE,proxy_synthetic
CL-0036,MED_SNAKE_WOUND,14,4,24.5,3/11/2027,213,FALSE,FALSE,0.35,TRUE,proxy_synthetic
CL-0036,MED_OXYTOCIN,8,3,18.7,11/3/2027,450,FALSE,FALSE,0.32,FALSE,proxy_synthetic
CL-0036,MED_METFORMIN,57,9,44.3,1/4/2027,147,FALSE,TRUE,0.3,FALSE,proxy_synthetic
CL-0036,MED_GLUCOSE,21,3,49.0,12/5/2026,117,FALSE,TRUE,0.37,FALSE,proxy_synthetic
CL-0036,MED_VIT_A,3,7,3.0,6/2/2028,662,TRUE,FALSE,0.78,FALSE,proxy_synthetic
CL-0036,MED_MUAC_KIT,17,3,39.7,5/25/2028,654,FALSE,FALSE,0.21,FALSE,proxy_synthetic
CL-0036,MED_ZINC_MAL,5,12,2.9,7/9/2028,699,TRUE,FALSE,0.72,FALSE,proxy_synthetic
CL-0037,MED_ACT,45,6,52.5,1/29/2027,172,FALSE,TRUE,0.22,FALSE,proxy_synthetic
CL-0037,MED_RDT_MAL,6,18,2.3,7/2/2027,326,TRUE,FALSE,0.81,TRUE,proxy_synthetic
CL-0037,MED_DENGUE_SUP,64,7,64.0,4/13/2027,246,FALSE,FALSE,0.27,FALSE,proxy_synthetic
CL-0037,MED_RDT_DEN,32,8,28.0,5/17/2027,280,FALSE,FALSE,0.25,TRUE,proxy_synthetic
CL-0037,MED_ORS,81,27,21.0,11/14/2027,461,FALSE,FALSE,0.28,TRUE,proxy_synthetic
CL-0037,MED_CHOLERA_KIT,43,7,43.0,1/12/2028,520,FALSE,FALSE,0.32,FALSE,proxy_synthetic
CL-0037,VAC_OCV,45,15,21.0,10/23/2027,439,FALSE,FALSE,0.21,FALSE,proxy_synthetic
CL-0037,VAC_MEASLES,17,5,23.8,2/19/2028,558,FALSE,FALSE,0.27,FALSE,proxy_synthetic
CL-0037,VAC_OPV,32,7,32.0,5/20/2027,283,FALSE,FALSE,0.22,FALSE,proxy_synthetic
CL-0037,VAC_PENTA,27,6,31.5,1/20/2027,163,FALSE,TRUE,0.28,TRUE,proxy_synthetic
CL-0037,VAC_TT,32,6,37.3,2/5/2028,544,FALSE,FALSE,0.25,FALSE,proxy_synthetic
CL-0037,MED_ANTIVENOM,11,2,38.5,5/16/2027,279,FALSE,FALSE,0.32,TRUE,proxy_synthetic
CL-0037,MED_SNAKE_ANTIVENOM,18,2,63.0,4/2/2027,235,FALSE,FALSE,0.25,FALSE,proxy_synthetic
CL-0037,MED_SNAKE_WOUND,22,3,51.3,7/23/2028,713,FALSE,FALSE,0.33,FALSE,proxy_synthetic
CL-0037,MED_OXYTOCIN,13,3,30.3,11/16/2026,98,FALSE,TRUE,0.45,TRUE,proxy_synthetic
CL-0037,MED_METFORMIN,3,9,2.3,9/17/2027,403,TRUE,FALSE,0.81,FALSE,proxy_synthetic
CL-0037,MED_GLUCOSE,26,3,60.7,11/21/2027,468,FALSE,FALSE,0.22,FALSE,proxy_synthetic
CL-0037,MED_VIT_A,3,5,4.2,8/26/2027,381,TRUE,FALSE,0.65,FALSE,proxy_synthetic
CL-0037,MED_MUAC_KIT,19,3,44.3,12/25/2027,502,FALSE,FALSE,0.34,FALSE,proxy_synthetic
CL-0037,MED_ZINC_MAL,112,13,60.3,12/18/2027,495,FALSE,FALSE,0.25,FALSE,proxy_synthetic
CL-0037,VAC_HEPB,10,3,23.3,12/24/2026,136,FALSE,TRUE,0.31,FALSE,proxy_synthetic
CL-0037,VAC_BCG,13,3,30.3,12/12/2026,124,FALSE,TRUE,0.34,TRUE,proxy_synthetic
CL-0037,VAC_MR,19,4,33.2,6/21/2028,681,FALSE,FALSE,0.34,FALSE,proxy_synthetic
CL-0037,MED_TETANUS,10,2,35.0,7/29/2027,353,FALSE,FALSE,0.25,FALSE,proxy_synthetic
CL-0037,MED_DIABETES_INSULIN,2,4,3.5,7/16/2028,706,TRUE,FALSE,0.72,FALSE,proxy_synthetic
CL-0037,MED_GLIBENCLAMIDE,45,5,63.0,6/13/2028,673,FALSE,FALSE,0.22,FALSE,proxy_synthetic
CL-0037,MED_GLUCAGON,6,1,42.0,7/13/2028,703,FALSE,FALSE,0.21,FALSE,proxy_synthetic
CL-0037,MED_RUTF,2,6,2.3,10/1/2027,417,TRUE,FALSE,0.77,FALSE,proxy_synthetic
CL-0037,MED_F75,5,1,35.0,3/30/2027,232,FALSE,FALSE,0.32,FALSE,proxy_synthetic
CL-0037,MED_F100,6,1,42.0,10/10/2026,61,FALSE,TRUE,0.53,TRUE,proxy_synthetic
CL-0037,MED_THERAPEUTIC_FEED,11,2,38.5,5/27/2028,656,FALSE,FALSE,0.26,FALSE,proxy_synthetic
CL-0038,MED_ACT,27,8,23.6,7/17/2028,707,FALSE,FALSE,0.21,FALSE,proxy_synthetic
CL-0038,MED_RDT_MAL,126,15,58.8,8/6/2027,361,FALSE,FALSE,0.3,TRUE,proxy_synthetic
CL-0038,MED_DENGUE_SUP,49,6,57.2,3/27/2027,229,FALSE,FALSE,0.25,FALSE,proxy_synthetic
CL-0038,MED_RDT_DEN,26,6,30.3,12/15/2027,492,FALSE,FALSE,0.25,FALSE,proxy_synthetic
CL-0038,MED_ORS,145,24,42.3,6/11/2027,305,FALSE,FALSE,0.21,FALSE,proxy_synthetic
CL-0038,MED_CHOLERA_KIT,49,6,57.2,8/6/2027,361,FALSE,FALSE,0.3,FALSE,proxy_synthetic
CL-0038,VAC_OCV,81,10,56.7,12/10/2026,122,FALSE,TRUE,0.35,FALSE,proxy_synthetic
CL-0038,VAC_MEASLES,1,7,1.0,6/11/2027,305,TRUE,FALSE,0.92,FALSE,proxy_synthetic
CL-0038,VAC_OPV,43,7,43.0,5/21/2027,284,FALSE,FALSE,0.31,TRUE,proxy_synthetic
CL-0038,VAC_PENTA,4,6,4.7,11/3/2027,450,TRUE,FALSE,0.62,FALSE,proxy_synthetic
CL-0038,VAC_TT,46,6,53.7,3/9/2028,577,FALSE,FALSE,0.2,FALSE,proxy_synthetic
CL-0038,MED_ANTIVENOM,4,1,28.0,5/12/2027,275,FALSE,FALSE,0.22,TRUE,proxy_synthetic
CL-0038,MED_SNAKE_ANTIVENOM,6,2,21.0,4/2/2028,601,FALSE,FALSE,0.21,TRUE,proxy_synthetic
CL-0038,MED_SNAKE_WOUND,9,3,21.0,11/8/2026,90,FALSE,TRUE,0.48,TRUE,proxy_synthetic
CL-0038,MED_OXYTOCIN,23,3,53.7,6/19/2027,313,FALSE,FALSE,0.34,TRUE,proxy_synthetic
CL-0038,MED_METFORMIN,6,8,5.2,7/10/2028,700,TRUE,FALSE,0.58,FALSE,proxy_synthetic
CL-0038,MED_GLUCOSE,26,4,45.5,12/17/2026,129,FALSE,TRUE,0.36,TRUE,proxy_synthetic
CL-0038,MED_VIT_A,22,5,30.8,12/11/2027,488,FALSE,FALSE,0.35,TRUE,proxy_synthetic
CL-0038,MED_MUAC_KIT,15,2,52.5,1/7/2028,515,FALSE,FALSE,0.27,FALSE,proxy_synthetic
CL-0038,MED_ZINC_MAL,51,10,35.7,7/4/2027,328,FALSE,FALSE,0.22,FALSE,proxy_synthetic
CL-0039,MED_ACT,1,5,1.4,2/23/2028,562,TRUE,FALSE,0.86,FALSE,proxy_synthetic
CL-0039,MED_RDT_MAL,59,9,45.9,1/12/2028,520,FALSE,FALSE,0.27,FALSE,proxy_synthetic
CL-0039,MED_DENGUE_SUP,15,4,26.2,1/17/2027,160,FALSE,TRUE,0.26,FALSE,proxy_synthetic
CL-0039,MED_RDT_DEN,56,6,65.3,4/10/2027,243,FALSE,FALSE,0.27,FALSE,proxy_synthetic
CL-0039,MED_ORS,6,15,2.8,4/30/2027,263,TRUE,FALSE,0.81,TRUE,proxy_synthetic
CL-0039,MED_CHOLERA_KIT,39,6,45.5,5/9/2027,272,FALSE,FALSE,0.33,FALSE,proxy_synthetic
CL-0039,VAC_OCV,58,9,45.1,4/5/2028,604,FALSE,FALSE,0.3,FALSE,proxy_synthetic
CL-0039,VAC_MEASLES,21,4,36.8,7/26/2027,350,FALSE,FALSE,0.32,TRUE,proxy_synthetic
CL-0039,VAC_OPV,34,5,47.6,10/21/2026,72,FALSE,TRUE,0.48,TRUE,proxy_synthetic
CL-0039,VAC_PENTA,27,3,63.0,2/10/2028,549,FALSE,FALSE,0.22,FALSE,proxy_synthetic
CL-0039,VAC_TT,2,3,4.7,4/21/2028,620,TRUE,FALSE,0.63,FALSE,proxy_synthetic
CL-0039,MED_ANTIVENOM,8,1,56.0,7/12/2028,702,FALSE,FALSE,0.2,FALSE,proxy_synthetic
CL-0039,MED_SNAKE_ANTIVENOM,9,2,31.5,11/1/2027,448,FALSE,FALSE,0.2,FALSE,proxy_synthetic
CL-0039,MED_SNAKE_WOUND,22,3,51.3,5/17/2027,280,FALSE,FALSE,0.31,FALSE,proxy_synthetic
CL-0039,MED_OXYTOCIN,14,2,49.0,12/19/2027,496,FALSE,FALSE,0.27,FALSE,proxy_synthetic
CL-0039,MED_METFORMIN,41,7,41.0,1/21/2028,529,FALSE,FALSE,0.25,FALSE,proxy_synthetic
CL-0039,MED_GLUCOSE,1,3,2.3,9/5/2027,391,TRUE,FALSE,0.83,FALSE,proxy_synthetic
CL-0039,MED_VIT_A,15,3,35.0,11/19/2026,101,FALSE,TRUE,0.42,FALSE,proxy_synthetic
CL-0039,MED_MUAC_KIT,13,2,45.5,4/11/2027,244,FALSE,FALSE,0.25,FALSE,proxy_synthetic
CL-0039,MED_ZINC_MAL,40,7,40.0,12/27/2027,504,FALSE,FALSE,0.34,TRUE,proxy_synthetic
CL-0040,MED_ACT,83,9,64.6,9/19/2027,405,FALSE,FALSE,0.29,FALSE,proxy_synthetic
CL-0040,MED_RDT_MAL,63,13,33.9,11/6/2027,453,FALSE,FALSE,0.25,FALSE,proxy_synthetic
CL-0040,MED_DENGUE_SUP,35,6,40.8,11/7/2027,454,FALSE,FALSE,0.33,FALSE,proxy_synthetic
CL-0040,MED_RDT_DEN,6,8,5.2,5/17/2027,280,TRUE,FALSE,0.6,FALSE,proxy_synthetic
CL-0040,MED_ORS,71,22,22.6,4/12/2027,245,FALSE,FALSE,0.32,FALSE,proxy_synthetic
CL-0040,MED_CHOLERA_KIT,42,6,49.0,4/13/2028,612,FALSE,FALSE,0.26,FALSE,proxy_synthetic
CL-0040,VAC_OCV,81,12,47.2,3/23/2028,591,FALSE,FALSE,0.23,TRUE,proxy_synthetic
CL-0040,VAC_MEASLES,45,7,45.0,7/1/2028,691,FALSE,FALSE,0.31,FALSE,proxy_synthetic
CL-0040,VAC_OPV,67,10,46.9,5/6/2027,269,FALSE,FALSE,0.28,FALSE,proxy_synthetic
CL-0040,VAC_PENTA,25,7,25.0,12/29/2026,141,FALSE,TRUE,0.31,FALSE,proxy_synthetic
CL-0040,VAC_TT,1,6,1.2,5/7/2028,636,TRUE,FALSE,0.91,FALSE,proxy_synthetic
CL-0040,MED_ANTIVENOM,5,1,35.0,11/1/2026,83,FALSE,TRUE,0.48,FALSE,proxy_synthetic
CL-0040,MED_SNAKE_ANTIVENOM,14,2,49.0,10/28/2026,79,FALSE,TRUE,0.53,TRUE,proxy_synthetic
CL-0040,MED_SNAKE_WOUND,21,3,49.0,5/21/2028,650,FALSE,FALSE,0.34,FALSE,proxy_synthetic
CL-0040,MED_OXYTOCIN,6,2,21.0,5/14/2028,643,FALSE,FALSE,0.34,FALSE,proxy_synthetic
CL-0040,MED_METFORMIN,29,9,22.6,3/16/2028,584,FALSE,FALSE,0.22,TRUE,proxy_synthetic
CL-0040,MED_GLUCOSE,30,5,42.0,7/11/2028,701,FALSE,FALSE,0.34,TRUE,proxy_synthetic
CL-0040,MED_VIT_A,27,8,23.6,8/25/2027,380,FALSE,FALSE,0.29,FALSE,proxy_synthetic
CL-0040,MED_MUAC_KIT,16,3,37.3,6/7/2027,301,FALSE,FALSE,0.35,FALSE,proxy_synthetic
CL-0040,MED_ZINC_MAL,70,12,40.8,7/10/2028,700,FALSE,FALSE,0.25,FALSE,proxy_synthetic
CL-0041,MED_ACT,59,7,59.0,9/6/2027,392,FALSE,FALSE,0.31,FALSE,proxy_synthetic
CL-0041,MED_RDT_MAL,66,10,46.2,10/4/2027,420,FALSE,FALSE,0.34,FALSE,proxy_synthetic
CL-0041,MED_DENGUE_SUP,38,6,44.3,12/30/2027,507,FALSE,FALSE,0.25,FALSE,proxy_synthetic
CL-0041,MED_RDT_DEN,50,6,58.3,12/15/2027,492,FALSE,FALSE,0.26,FALSE,proxy_synthetic
CL-0041,MED_ORS,14,20,4.9,6/25/2027,319,TRUE,FALSE,0.64,FALSE,proxy_synthetic
CL-0041,MED_CHOLERA_KIT,37,7,37.0,1/20/2027,163,FALSE,TRUE,0.23,FALSE,proxy_synthetic
CL-0041,VAC_OCV,80,15,37.3,2/29/2028,568,FALSE,FALSE,0.33,FALSE,proxy_synthetic
CL-0041,VAC_MEASLES,36,6,42.0,1/3/2028,511,FALSE,FALSE,0.32,FALSE,proxy_synthetic
CL-0041,VAC_OPV,1,7,1.0,6/1/2027,295,TRUE,FALSE,0.9,FALSE,proxy_synthetic
CL-0041,VAC_PENTA,19,6,22.2,12/9/2026,121,FALSE,TRUE,0.36,FALSE,proxy_synthetic
CL-0041,VAC_TT,41,5,57.4,4/21/2028,620,FALSE,FALSE,0.25,FALSE,proxy_synthetic
CL-0041,MED_ANTIVENOM,7,1,49.0,4/24/2028,623,FALSE,FALSE,0.23,FALSE,proxy_synthetic
CL-0041,MED_SNAKE_ANTIVENOM,18,2,63.0,7/2/2027,326,FALSE,FALSE,0.34,FALSE,proxy_synthetic
CL-0041,MED_SNAKE_WOUND,26,3,60.7,6/19/2027,313,FALSE,FALSE,0.31,TRUE,proxy_synthetic
CL-0041,MED_OXYTOCIN,13,3,30.3,11/22/2026,104,FALSE,TRUE,0.43,FALSE,proxy_synthetic
CL-0041,MED_METFORMIN,45,8,39.4,5/9/2027,272,FALSE,FALSE,0.31,TRUE,proxy_synthetic
CL-0041,MED_GLUCOSE,18,4,31.5,5/15/2027,278,FALSE,FALSE,0.33,FALSE,proxy_synthetic
CL-0041,MED_VIT_A,50,7,50.0,10/5/2027,421,FALSE,FALSE,0.22,FALSE,proxy_synthetic
CL-0041,MED_MUAC_KIT,17,2,59.5,2/25/2028,564,FALSE,FALSE,0.27,TRUE,proxy_synthetic
CL-0041,MED_ZINC_MAL,65,9,50.6,3/11/2028,579,FALSE,FALSE,0.31,FALSE,proxy_synthetic
CL-0042,MED_ACT,1,12,0.6,7/4/2027,328,TRUE,FALSE,0.93,FALSE,proxy_synthetic
CL-0042,MED_RDT_MAL,308,34,63.4,11/1/2027,448,FALSE,FALSE,0.21,TRUE,proxy_synthetic
CL-0042,MED_DENGUE_SUP,63,12,36.8,1/2/2028,510,FALSE,FALSE,0.28,FALSE,proxy_synthetic
CL-0042,MED_RDT_DEN,106,12,61.8,4/18/2027,251,FALSE,FALSE,0.25,FALSE,proxy_synthetic
CL-0042,MED_ORS,4,37,0.8,1/20/2027,163,TRUE,TRUE,1.0,FALSE,proxy_synthetic
CL-0042,MED_CHOLERA_KIT,108,14,54.0,8/12/2027,367,FALSE,FALSE,0.33,FALSE,proxy_synthetic
CL-0042,VAC_OCV,108,30,25.2,1/31/2028,539,FALSE,FALSE,0.32,TRUE,proxy_synthetic
CL-0042,VAC_MEASLES,25,9,19.4,2/24/2028,563,FALSE,FALSE,0.27,FALSE,proxy_synthetic
CL-0042,VAC_OPV,5,16,2.2,5/13/2027,276,TRUE,FALSE,0.77,FALSE,proxy_synthetic
CL-0042,VAC_PENTA,7,9,5.4,10/29/2026,80,TRUE,TRUE,0.68,FALSE,proxy_synthetic
CL-0042,VAC_TT,55,9,42.8,10/9/2027,425,FALSE,FALSE,0.21,FALSE,proxy_synthetic
CL-0042,MED_ANTIVENOM,8,3,18.7,2/23/2028,562,FALSE,FALSE,0.26,FALSE,proxy_synthetic
CL-0042,MED_SNAKE_ANTIVENOM,18,5,25.2,1/16/2027,159,FALSE,TRUE,0.27,FALSE,proxy_synthetic
CL-0042,MED_SNAKE_WOUND,39,6,45.5,2/1/2027,175,FALSE,TRUE,0.21,FALSE,proxy_synthetic
CL-0042,MED_OXYTOCIN,54,6,63.0,6/22/2027,316,FALSE,FALSE,0.21,FALSE,proxy_synthetic
CL-0042,MED_METFORMIN,2,15,0.9,9/21/2027,407,TRUE,FALSE,0.87,FALSE,proxy_synthetic
CL-0042,MED_GLUCOSE,50,6,58.3,1/18/2027,161,FALSE,TRUE,0.28,FALSE,proxy_synthetic
CL-0042,MED_VIT_A,41,12,23.9,10/18/2027,434,FALSE,FALSE,0.32,FALSE,proxy_synthetic
CL-0042,MED_MUAC_KIT,35,5,49.0,11/28/2027,475,FALSE,FALSE,0.27,FALSE,proxy_synthetic
CL-0042,MED_ZINC_MAL,119,22,37.9,4/30/2028,629,FALSE,FALSE,0.29,FALSE,proxy_synthetic
CL-0042,VAC_HEPB,2,5,2.8,6/28/2027,322,TRUE,FALSE,0.79,FALSE,proxy_synthetic
CL-0042,VAC_BCG,41,6,47.8,8/1/2027,356,FALSE,FALSE,0.27,FALSE,proxy_synthetic
CL-0042,VAC_MR,24,7,24.0,5/1/2028,630,FALSE,FALSE,0.28,FALSE,proxy_synthetic
CL-0042,MED_TETANUS,1,3,2.3,11/29/2026,111,TRUE,TRUE,0.92,TRUE,proxy_synthetic
CL-0042,MED_DIABETES_INSULIN,2,5,2.8,12/27/2026,139,TRUE,TRUE,0.85,TRUE,proxy_synthetic
CL-0042,MED_GLIBENCLAMIDE,85,13,45.8,2/17/2028,556,FALSE,FALSE,0.29,TRUE,proxy_synthetic
CL-0042,MED_GLUCAGON,4,1,28.0,3/15/2028,583,FALSE,FALSE,0.29,FALSE,proxy_synthetic
CL-0042,MED_RUTF,18,7,18.0,10/30/2026,81,FALSE,TRUE,0.45,FALSE,proxy_synthetic
CL-0042,MED_F75,18,3,42.0,7/6/2028,696,FALSE,FALSE,0.25,FALSE,proxy_synthetic
CL-0042,MED_F100,14,3,32.7,10/11/2026,62,FALSE,TRUE,0.54,TRUE,proxy_synthetic
CL-0042,MED_THERAPEUTIC_FEED,17,2,59.5,1/26/2028,534,FALSE,FALSE,0.3,FALSE,proxy_synthetic
CL-0043,MED_ACT,35,9,27.2,10/26/2027,442,FALSE,FALSE,0.27,TRUE,proxy_synthetic
CL-0043,MED_RDT_MAL,102,14,51.0,8/5/2027,360,FALSE,FALSE,0.33,FALSE,proxy_synthetic
CL-0043,MED_DENGUE_SUP,49,6,57.2,10/10/2026,61,FALSE,TRUE,0.52,FALSE,proxy_synthetic
CL-0043,MED_RDT_DEN,66,10,46.2,6/6/2027,300,FALSE,FALSE,0.27,FALSE,proxy_synthetic
CL-0043,MED_ORS,207,29,50.0,11/15/2027,462,FALSE,FALSE,0.31,FALSE,proxy_synthetic
CL-0043,MED_CHOLERA_KIT,21,7,21.0,10/3/2027,419,FALSE,FALSE,0.27,FALSE,proxy_synthetic
CL-0043,VAC_OCV,131,18,50.9,11/12/2026,94,FALSE,TRUE,0.42,TRUE,proxy_synthetic
CL-0043,VAC_MEASLES,24,6,28.0,8/25/2027,380,FALSE,FALSE,0.29,FALSE,proxy_synthetic
CL-0043,VAC_OPV,41,9,31.9,7/15/2027,339,FALSE,FALSE,0.32,FALSE,proxy_synthetic
CL-0043,VAC_PENTA,56,7,56.0,1/13/2028,521,FALSE,FALSE,0.24,FALSE,proxy_synthetic
CL-0043,VAC_TT,23,6,26.8,4/30/2027,263,FALSE,FALSE,0.26,FALSE,proxy_synthetic
CL-0043,MED_ANTIVENOM,3,1,21.0,1/21/2027,164,FALSE,TRUE,0.24,FALSE,proxy_synthetic
CL-0043,MED_SNAKE_ANTIVENOM,1,3,2.3,1/21/2028,529,TRUE,FALSE,0.81,TRUE,proxy_synthetic
CL-0043,MED_SNAKE_WOUND,15,3,35.0,4/2/2027,235,FALSE,FALSE,0.33,TRUE,proxy_synthetic
CL-0043,MED_OXYTOCIN,18,3,42.0,2/24/2028,563,FALSE,FALSE,0.34,FALSE,proxy_synthetic
CL-0043,MED_METFORMIN,33,10,23.1,12/21/2026,133,FALSE,TRUE,0.35,FALSE,proxy_synthetic
CL-0043,MED_GLUCOSE,2,3,4.7,6/21/2028,681,TRUE,FALSE,0.57,TRUE,proxy_synthetic
CL-0043,MED_VIT_A,36,6,42.0,4/29/2027,262,FALSE,FALSE,0.3,FALSE,proxy_synthetic
CL-0043,MED_MUAC_KIT,11,2,38.5,4/8/2028,607,FALSE,FALSE,0.24,FALSE,proxy_synthetic
CL-0043,MED_ZINC_MAL,41,13,22.1,4/1/2028,600,FALSE,FALSE,0.25,FALSE,proxy_synthetic
CL-0044,MED_ACT,27,5,37.8,4/12/2028,611,FALSE,FALSE,0.26,FALSE,proxy_synthetic
CL-0044,MED_RDT_MAL,95,12,55.4,3/18/2027,220,FALSE,FALSE,0.22,TRUE,proxy_synthetic
CL-0044,MED_DENGUE_SUP,19,6,22.2,1/6/2028,514,FALSE,FALSE,0.22,TRUE,proxy_synthetic
CL-0044,MED_RDT_DEN,48,7,48.0,3/26/2027,228,FALSE,FALSE,0.29,FALSE,proxy_synthetic
CL-0044,MED_ORS,100,22,31.8,2/23/2028,562,FALSE,FALSE,0.28,FALSE,proxy_synthetic
CL-0044,MED_CHOLERA_KIT,16,6,18.7,11/27/2027,474,FALSE,FALSE,0.34,FALSE,proxy_synthetic
CL-0044,VAC_OCV,5,11,3.2,1/28/2028,536,TRUE,FALSE,0.72,FALSE,proxy_synthetic
CL-0044,VAC_MEASLES,23,5,32.2,11/18/2026,100,FALSE,TRUE,0.39,FALSE,proxy_synthetic
CL-0044,VAC_OPV,65,7,65.0,3/21/2027,223,FALSE,FALSE,0.28,FALSE,proxy_synthetic
CL-0044,VAC_PENTA,14,5,19.6,12/29/2027,506,FALSE,FALSE,0.24,FALSE,proxy_synthetic
CL-0044,VAC_TT,13,4,22.8,11/23/2026,105,FALSE,TRUE,0.4,TRUE,proxy_synthetic
CL-0044,MED_ANTIVENOM,5,1,35.0,10/28/2027,444,FALSE,FALSE,0.35,FALSE,proxy_synthetic
CL-0044,MED_SNAKE_ANTIVENOM,17,2,59.5,12/9/2027,486,FALSE,FALSE,0.29,FALSE,proxy_synthetic
CL-0044,MED_SNAKE_WOUND,15,2,52.5,3/11/2028,579,FALSE,FALSE,0.28,TRUE,proxy_synthetic
CL-0044,MED_OXYTOCIN,16,2,56.0,4/26/2027,259,FALSE,FALSE,0.31,FALSE,proxy_synthetic
CL-0044,MED_METFORMIN,4,6,4.7,10/25/2027,441,TRUE,FALSE,0.61,FALSE,proxy_synthetic
CL-0044,MED_GLUCOSE,18,3,42.0,7/23/2027,347,FALSE,FALSE,0.27,FALSE,proxy_synthetic
CL-0044,MED_VIT_A,29,5,40.6,5/7/2028,636,FALSE,FALSE,0.22,TRUE,proxy_synthetic
CL-0044,MED_MUAC_KIT,15,2,52.5,5/8/2027,271,FALSE,FALSE,0.23,FALSE,proxy_synthetic
CL-0044,MED_ZINC_MAL,56,11,35.6,1/13/2028,521,FALSE,FALSE,0.26,TRUE,proxy_synthetic
CL-0045,MED_ACT,2,9,1.6,7/15/2028,705,TRUE,FALSE,0.85,FALSE,proxy_synthetic
CL-0045,MED_RDT_MAL,43,15,20.1,12/15/2027,492,FALSE,FALSE,0.23,FALSE,proxy_synthetic
CL-0045,MED_DENGUE_SUP,34,7,34.0,7/16/2027,340,FALSE,FALSE,0.29,FALSE,proxy_synthetic
CL-0045,MED_RDT_DEN,63,11,40.1,9/12/2027,398,FALSE,FALSE,0.31,FALSE,proxy_synthetic
CL-0045,MED_ORS,168,30,39.2,8/23/2027,378,FALSE,FALSE,0.32,FALSE,proxy_synthetic
CL-0045,MED_CHOLERA_KIT,37,7,37.0,6/29/2028,689,FALSE,FALSE,0.33,FALSE,proxy_synthetic
CL-0045,VAC_OCV,132,18,51.3,4/9/2028,608,FALSE,FALSE,0.31,FALSE,proxy_synthetic
CL-0045,VAC_MEASLES,23,6,26.8,12/21/2027,498,FALSE,FALSE,0.21,FALSE,proxy_synthetic
CL-0045,VAC_OPV,69,8,60.4,1/28/2027,171,FALSE,TRUE,0.25,TRUE,proxy_synthetic
CL-0045,VAC_PENTA,25,6,29.2,5/24/2028,653,FALSE,FALSE,0.27,FALSE,proxy_synthetic
CL-0045,VAC_TT,17,6,19.8,3/21/2027,223,FALSE,FALSE,0.27,FALSE,proxy_synthetic
CL-0045,MED_ANTIVENOM,9,2,31.5,10/21/2026,72,FALSE,TRUE,0.51,TRUE,proxy_synthetic
CL-0045,MED_SNAKE_ANTIVENOM,11,2,38.5,12/21/2026,133,FALSE,TRUE,0.35,FALSE,proxy_synthetic
CL-0045,MED_SNAKE_WOUND,1,3,2.3,10/8/2027,424,TRUE,FALSE,0.79,FALSE,proxy_synthetic
CL-0045,MED_OXYTOCIN,23,3,53.7,11/9/2027,456,FALSE,FALSE,0.31,FALSE,proxy_synthetic
CL-0045,MED_METFORMIN,4,9,3.1,11/13/2027,460,TRUE,FALSE,0.76,FALSE,proxy_synthetic
CL-0045,MED_GLUCOSE,18,4,31.5,2/20/2028,559,FALSE,FALSE,0.24,FALSE,proxy_synthetic
CL-0045,MED_VIT_A,42,8,36.8,12/24/2026,136,FALSE,TRUE,0.35,FALSE,proxy_synthetic
CL-0045,MED_MUAC_KIT,25,4,43.8,6/21/2028,681,FALSE,FALSE,0.27,TRUE,proxy_synthetic
CL-0045,MED_ZINC_MAL,68,15,31.7,3/9/2027,211,FALSE,FALSE,0.34,FALSE,proxy_synthetic
CL-0046,MED_ACT,46,9,35.8,1/18/2028,526,FALSE,FALSE,0.29,FALSE,proxy_synthetic
CL-0046,MED_RDT_MAL,89,14,44.5,7/12/2027,336,FALSE,FALSE,0.22,TRUE,proxy_synthetic
CL-0046,MED_DENGUE_SUP,38,7,38.0,12/29/2027,506,FALSE,FALSE,0.25,FALSE,proxy_synthetic
CL-0046,MED_RDT_DEN,61,8,53.4,5/23/2027,286,FALSE,FALSE,0.35,FALSE,proxy_synthetic
CL-0046,MED_ORS,78,29,18.8,2/5/2028,544,FALSE,FALSE,0.2,FALSE,proxy_synthetic
CL-0046,MED_CHOLERA_KIT,48,9,37.3,2/22/2028,561,FALSE,FALSE,0.31,FALSE,proxy_synthetic
CL-0046,VAC_OCV,56,18,21.8,1/16/2027,159,FALSE,TRUE,0.32,FALSE,proxy_synthetic
CL-0046,VAC_MEASLES,64,8,56.0,9/3/2027,389,FALSE,FALSE,0.23,FALSE,proxy_synthetic
CL-0046,VAC_OPV,4,10,2.8,5/7/2027,270,TRUE,FALSE,0.77,FALSE,proxy_synthetic
CL-0046,VAC_PENTA,29,9,22.6,8/7/2027,362,FALSE,FALSE,0.31,TRUE,proxy_synthetic
CL-0046,VAC_TT,27,6,31.5,3/7/2028,575,FALSE,FALSE,0.23,TRUE,proxy_synthetic
CL-0046,MED_ANTIVENOM,17,2,59.5,11/18/2027,465,FALSE,FALSE,0.28,FALSE,proxy_synthetic
CL-0046,MED_SNAKE_ANTIVENOM,19,3,44.3,10/25/2026,76,FALSE,TRUE,0.5,TRUE,proxy_synthetic
CL-0046,MED_SNAKE_WOUND,12,3,28.0,4/15/2028,614,FALSE,FALSE,0.23,FALSE,proxy_synthetic
CL-0046,MED_OXYTOCIN,25,4,43.8,12/13/2027,490,FALSE,FALSE,0.27,FALSE,proxy_synthetic
CL-0046,MED_METFORMIN,32,11,20.4,10/18/2027,434,FALSE,FALSE,0.35,FALSE,proxy_synthetic
CL-0046,MED_GLUCOSE,25,5,35.0,6/7/2028,667,FALSE,FALSE,0.23,FALSE,proxy_synthetic
CL-0046,MED_VIT_A,18,7,18.0,4/20/2027,253,FALSE,FALSE,0.29,TRUE,proxy_synthetic
CL-0046,MED_MUAC_KIT,16,3,37.3,11/8/2026,90,FALSE,TRUE,0.47,FALSE,proxy_synthetic
CL-0046,MED_ZINC_MAL,96,12,56.0,1/26/2028,534,FALSE,FALSE,0.25,TRUE,proxy_synthetic
CL-0047,MED_ACT,564,116,34.0,11/18/2026,100,FALSE,TRUE,0.45,FALSE,proxy_synthetic
CL-0047,MED_RDT_MAL,2369,352,47.1,9/23/2027,409,FALSE,FALSE,0.29,TRUE,proxy_synthetic
CL-0047,MED_DENGUE_SUP,28,90,2.2,3/29/2027,231,TRUE,FALSE,0.84,FALSE,proxy_synthetic
CL-0047,MED_RDT_DEN,392,130,21.1,8/28/2027,383,FALSE,FALSE,0.24,FALSE,proxy_synthetic
CL-0047,MED_ORS,1597,386,29.0,2/12/2028,551,FALSE,FALSE,0.2,FALSE,proxy_synthetic
CL-0047,MED_CHOLERA_KIT,935,139,47.1,6/18/2028,678,FALSE,FALSE,0.32,FALSE,proxy_synthetic
CL-0047,VAC_OCV,35,237,1.0,4/11/2027,244,TRUE,FALSE,0.93,FALSE,proxy_synthetic
CL-0047,VAC_MEASLES,671,98,47.9,10/5/2027,421,FALSE,FALSE,0.31,FALSE,proxy_synthetic
CL-0047,VAC_OPV,375,126,20.8,5/6/2027,269,FALSE,FALSE,0.34,FALSE,proxy_synthetic
CL-0047,VAC_PENTA,809,104,54.5,11/15/2026,97,FALSE,TRUE,0.43,TRUE,proxy_synthetic
CL-0047,VAC_TT,296,100,20.7,5/12/2028,641,FALSE,FALSE,0.33,FALSE,proxy_synthetic
CL-0047,MED_ANTIVENOM,199,23,60.6,9/1/2027,387,FALSE,FALSE,0.3,FALSE,proxy_synthetic
CL-0047,MED_SNAKE_ANTIVENOM,240,50,33.6,7/17/2028,707,FALSE,FALSE,0.29,FALSE,proxy_synthetic
CL-0047,MED_SNAKE_WOUND,409,52,55.1,11/4/2026,86,FALSE,TRUE,0.49,TRUE,proxy_synthetic
CL-0047,MED_OXYTOCIN,338,50,47.3,3/9/2028,577,FALSE,FALSE,0.34,FALSE,proxy_synthetic
CL-0047,MED_METFORMIN,739,194,26.7,9/12/2027,398,FALSE,FALSE,0.21,TRUE,proxy_synthetic
CL-0047,MED_GLUCOSE,240,62,27.1,4/7/2028,606,FALSE,FALSE,0.21,TRUE,proxy_synthetic
CL-0047,MED_VIT_A,835,98,59.6,8/31/2027,386,FALSE,FALSE,0.28,TRUE,proxy_synthetic
CL-0047,MED_MUAC_KIT,321,37,60.7,12/28/2026,140,FALSE,TRUE,0.29,TRUE,proxy_synthetic
CL-0047,MED_ZINC_MAL,1222,292,29.3,2/13/2028,552,FALSE,FALSE,0.34,FALSE,proxy_synthetic
CL-0047,VAC_HEPB,610,72,59.3,10/27/2026,78,FALSE,TRUE,0.52,FALSE,proxy_synthetic
CL-0047,VAC_BCG,450,88,35.8,1/2/2028,510,FALSE,FALSE,0.35,TRUE,proxy_synthetic
CL-0047,VAC_MR,227,59,26.9,4/6/2028,605,FALSE,FALSE,0.25,TRUE,proxy_synthetic
CL-0047,MED_TETANUS,365,44,58.1,5/24/2028,653,FALSE,FALSE,0.23,TRUE,proxy_synthetic
CL-0047,MED_DIABETES_INSULIN,171,57,21.0,3/17/2028,585,FALSE,FALSE,0.3,FALSE,proxy_synthetic
CL-0047,MED_GLIBENCLAMIDE,544,115,33.1,3/1/2028,569,FALSE,FALSE,0.31,FALSE,proxy_synthetic
CL-0047,MED_GLUCAGON,70,8,61.2,3/27/2027,229,FALSE,FALSE,0.23,TRUE,proxy_synthetic
CL-0047,MED_RUTF,523,113,32.4,12/19/2027,496,FALSE,FALSE,0.34,FALSE,proxy_synthetic
CL-0047,MED_F75,94,30,21.9,8/31/2027,386,FALSE,FALSE,0.29,FALSE,proxy_synthetic
CL-0047,MED_F100,177,31,40.0,4/13/2028,612,FALSE,FALSE,0.25,FALSE,proxy_synthetic
CL-0047,MED_THERAPEUTIC_FEED,166,24,48.4,4/19/2027,252,FALSE,FALSE,0.33,FALSE,proxy_synthetic
CL-0048,MED_ACT,53,6,61.8,10/18/2026,69,FALSE,TRUE,0.53,TRUE,proxy_synthetic
CL-0048,MED_RDT_MAL,89,11,56.6,6/4/2027,298,FALSE,FALSE,0.31,FALSE,proxy_synthetic
CL-0048,MED_DENGUE_SUP,45,6,52.5,3/11/2027,213,FALSE,FALSE,0.24,FALSE,proxy_synthetic
CL-0048,MED_RDT_DEN,37,7,37.0,9/27/2027,413,FALSE,FALSE,0.27,FALSE,proxy_synthetic
CL-0048,MED_ORS,8,22,2.5,3/29/2028,597,TRUE,FALSE,0.79,FALSE,proxy_synthetic
CL-0048,MED_CHOLERA_KIT,38,5,53.2,10/25/2027,441,FALSE,FALSE,0.32,FALSE,proxy_synthetic
CL-0048,VAC_OCV,65,9,50.6,10/19/2027,435,FALSE,FALSE,0.28,FALSE,proxy_synthetic
CL-0048,VAC_MEASLES,45,5,63.0,1/13/2027,156,FALSE,TRUE,0.28,FALSE,proxy_synthetic
CL-0048,VAC_OPV,47,6,54.8,4/21/2027,254,FALSE,FALSE,0.2,FALSE,proxy_synthetic
CL-0048,VAC_PENTA,54,6,63.0,1/17/2028,525,FALSE,FALSE,0.29,FALSE,proxy_synthetic
CL-0048,VAC_TT,20,5,28.0,12/9/2027,486,FALSE,FALSE,0.23,TRUE,proxy_synthetic
CL-0048,MED_ANTIVENOM,9,1,63.0,10/22/2026,73,FALSE,TRUE,0.49,FALSE,proxy_synthetic
CL-0048,MED_SNAKE_ANTIVENOM,6,1,42.0,10/18/2026,69,FALSE,TRUE,0.53,TRUE,proxy_synthetic
CL-0048,MED_SNAKE_WOUND,1,3,2.3,6/5/2027,299,TRUE,FALSE,0.8,FALSE,proxy_synthetic
CL-0048,MED_OXYTOCIN,7,2,24.5,11/2/2027,449,FALSE,FALSE,0.21,FALSE,proxy_synthetic
CL-0048,MED_METFORMIN,32,8,28.0,3/9/2028,577,FALSE,FALSE,0.27,FALSE,proxy_synthetic
CL-0048,MED_GLUCOSE,24,4,42.0,7/29/2027,353,FALSE,FALSE,0.2,TRUE,proxy_synthetic
CL-0048,MED_VIT_A,32,4,56.0,6/20/2028,680,FALSE,FALSE,0.33,FALSE,proxy_synthetic
CL-0048,MED_MUAC_KIT,9,2,31.5,10/30/2027,446,FALSE,FALSE,0.31,FALSE,proxy_synthetic
CL-0048,MED_ZINC_MAL,72,9,56.0,7/15/2027,339,FALSE,FALSE,0.33,FALSE,proxy_synthetic
CL-0049,MED_ACT,30,8,26.2,9/21/2027,407,FALSE,FALSE,0.34,TRUE,proxy_synthetic
CL-0049,MED_RDT_MAL,136,20,47.6,12/24/2027,501,FALSE,FALSE,0.3,FALSE,proxy_synthetic
CL-0049,MED_DENGUE_SUP,55,6,64.2,1/10/2028,518,FALSE,FALSE,0.21,TRUE,proxy_synthetic
CL-0049,MED_RDT_DEN,50,9,38.9,8/12/2027,367,FALSE,FALSE,0.27,TRUE,proxy_synthetic
CL-0049,MED_ORS,154,30,35.9,5/23/2028,652,FALSE,FALSE,0.26,TRUE,proxy_synthetic
CL-0049,MED_CHOLERA_KIT,29,6,33.8,11/5/2027,452,FALSE,FALSE,0.21,FALSE,proxy_synthetic
CL-0049,VAC_OCV,46,13,24.8,5/1/2028,630,FALSE,FALSE,0.23,TRUE,proxy_synthetic
CL-0049,VAC_MEASLES,31,5,43.4,4/16/2027,249,FALSE,FALSE,0.31,FALSE,proxy_synthetic
CL-0049,VAC_OPV,28,7,28.0,12/28/2026,140,FALSE,TRUE,0.33,FALSE,proxy_synthetic
CL-0049,VAC_PENTA,59,8,51.6,9/19/2027,405,FALSE,FALSE,0.25,TRUE,proxy_synthetic
CL-0049,VAC_TT,31,4,54.2,9/18/2027,404,FALSE,FALSE,0.24,TRUE,proxy_synthetic
CL-0049,MED_ANTIVENOM,5,1,35.0,12/27/2026,139,FALSE,TRUE,0.35,TRUE,proxy_synthetic
CL-0049,MED_SNAKE_ANTIVENOM,24,3,56.0,10/29/2026,80,FALSE,TRUE,0.48,FALSE,proxy_synthetic
CL-0049,MED_SNAKE_WOUND,16,4,28.0,7/5/2028,695,FALSE,FALSE,0.22,TRUE,proxy_synthetic
CL-0049,MED_OXYTOCIN,16,3,37.3,9/19/2027,405,FALSE,FALSE,0.27,TRUE,proxy_synthetic
CL-0049,MED_METFORMIN,56,11,35.6,11/4/2026,86,FALSE,TRUE,0.47,FALSE,proxy_synthetic
CL-0049,MED_GLUCOSE,16,5,22.4,8/1/2028,722,FALSE,FALSE,0.33,TRUE,proxy_synthetic
CL-0049,MED_VIT_A,73,8,63.9,2/21/2028,560,FALSE,FALSE,0.35,FALSE,proxy_synthetic
CL-0049,MED_MUAC_KIT,26,3,60.7,5/21/2028,650,FALSE,FALSE,0.27,FALSE,proxy_synthetic
CL-0049,MED_ZINC_MAL,72,14,36.0,7/6/2027,330,FALSE,FALSE,0.29,FALSE,proxy_synthetic
CL-0050,MED_ACT,34,4,59.5,3/11/2028,579,FALSE,FALSE,0.31,FALSE,proxy_synthetic
CL-0050,MED_RDT_MAL,37,8,32.4,5/12/2027,275,FALSE,FALSE,0.21,FALSE,proxy_synthetic
CL-0050,MED_DENGUE_SUP,30,4,52.5,6/2/2027,296,FALSE,FALSE,0.3,FALSE,proxy_synthetic
CL-0050,MED_RDT_DEN,35,5,49.0,3/16/2027,218,FALSE,FALSE,0.33,FALSE,proxy_synthetic
CL-0050,MED_ORS,130,15,60.7,7/15/2027,339,FALSE,FALSE,0.3,FALSE,proxy_synthetic
CL-0050,MED_CHOLERA_KIT,19,4,33.2,3/12/2027,214,FALSE,FALSE,0.33,TRUE,proxy_synthetic
CL-0050,VAC_OCV,28,8,24.5,4/23/2027,256,FALSE,FALSE,0.29,FALSE,proxy_synthetic
CL-0050,VAC_MEASLES,15,5,21.0,8/11/2027,366,FALSE,FALSE,0.31,TRUE,proxy_synthetic
CL-0050,VAC_OPV,18,4,31.5,6/2/2027,296,FALSE,FALSE,0.24,FALSE,proxy_synthetic
CL-0050,VAC_PENTA,16,3,37.3,12/1/2026,113,FALSE,TRUE,0.36,FALSE,proxy_synthetic
CL-0050,VAC_TT,11,4,19.2,5/22/2028,651,FALSE,FALSE,0.31,FALSE,proxy_synthetic
CL-0050,MED_ANTIVENOM,7,1,49.0,11/3/2027,450,FALSE,FALSE,0.27,FALSE,proxy_synthetic
CL-0050,MED_SNAKE_ANTIVENOM,1,2,3.5,5/27/2027,290,TRUE,FALSE,0.71,TRUE,proxy_synthetic
CL-0050,MED_SNAKE_WOUND,15,2,52.5,6/28/2028,688,FALSE,FALSE,0.34,FALSE,proxy_synthetic
CL-0050,MED_OXYTOCIN,14,2,49.0,9/28/2027,414,FALSE,FALSE,0.21,FALSE,proxy_synthetic
CL-0050,MED_METFORMIN,23,6,26.8,7/18/2027,342,FALSE,FALSE,0.34,FALSE,proxy_synthetic
CL-0050,MED_GLUCOSE,22,3,51.3,2/7/2028,546,FALSE,FALSE,0.34,FALSE,proxy_synthetic
CL-0050,MED_VIT_A,2,3,4.7,2/21/2028,560,TRUE,FALSE,0.61,TRUE,proxy_synthetic
CL-0050,MED_MUAC_KIT,9,2,31.5,7/12/2028,702,FALSE,FALSE,0.33,TRUE,proxy_synthetic
CL-0050,MED_ZINC_MAL,79,9,61.4,1/5/2028,513,FALSE,FALSE,0.34,FALSE,proxy_synthetic
CL-0051,MED_ACT,106,13,57.1,8/6/2027,361,FALSE,FALSE,0.35,FALSE,proxy_synthetic
CL-0051,MED_RDT_MAL,149,28,37.2,10/25/2027,441,FALSE,FALSE,0.21,FALSE,proxy_synthetic
CL-0051,MED_DENGUE_SUP,49,14,24.5,12/21/2027,498,FALSE,FALSE,0.26,FALSE,proxy_synthetic
CL-0051,MED_RDT_DEN,49,19,18.1,12/31/2026,143,FALSE,TRUE,0.28,FALSE,proxy_synthetic
CL-0051,MED_ORS,201,54,26.1,3/6/2028,574,FALSE,FALSE,0.23,TRUE,proxy_synthetic
CL-0051,MED_CHOLERA_KIT,121,15,56.5,4/7/2027,240,FALSE,FALSE,0.23,FALSE,proxy_synthetic
CL-0051,VAC_OCV,128,24,37.3,1/14/2028,522,FALSE,FALSE,0.33,TRUE,proxy_synthetic
CL-0051,VAC_MEASLES,49,11,31.2,12/26/2027,503,FALSE,FALSE,0.27,FALSE,proxy_synthetic
CL-0051,VAC_OPV,8,12,4.7,12/17/2026,129,TRUE,TRUE,0.72,TRUE,proxy_synthetic
CL-0051,VAC_PENTA,100,13,53.8,10/31/2027,447,FALSE,FALSE,0.25,FALSE,proxy_synthetic
CL-0051,VAC_TT,84,9,65.3,7/6/2028,696,FALSE,FALSE,0.3,FALSE,proxy_synthetic
CL-0051,MED_ANTIVENOM,10,2,35.0,12/2/2026,114,FALSE,TRUE,0.38,FALSE,proxy_synthetic
CL-0051,MED_SNAKE_ANTIVENOM,25,3,58.3,3/3/2028,571,FALSE,FALSE,0.32,FALSE,proxy_synthetic
CL-0051,MED_SNAKE_WOUND,40,7,40.0,6/13/2027,307,FALSE,FALSE,0.35,FALSE,proxy_synthetic
CL-0051,MED_OXYTOCIN,2,7,2.0,1/13/2027,156,TRUE,TRUE,0.89,FALSE,proxy_synthetic
CL-0051,MED_METFORMIN,8,19,2.9,7/1/2028,691,TRUE,FALSE,0.78,FALSE,proxy_synthetic
CL-0051,MED_GLUCOSE,68,9,52.9,6/17/2027,311,FALSE,FALSE,0.22,FALSE,proxy_synthetic
CL-0051,MED_VIT_A,72,12,42.0,1/12/2027,155,FALSE,TRUE,0.27,FALSE,proxy_synthetic
CL-0051,MED_MUAC_KIT,33,6,38.5,12/27/2026,139,FALSE,TRUE,0.35,TRUE,proxy_synthetic
CL-0051,MED_ZINC_MAL,147,21,49.0,11/30/2026,112,FALSE,TRUE,0.39,FALSE,proxy_synthetic
CL-0051,VAC_HEPB,28,7,28.0,11/1/2027,448,FALSE,FALSE,0.33,TRUE,proxy_synthetic
CL-0051,VAC_BCG,52,7,52.0,12/30/2026,142,FALSE,TRUE,0.3,FALSE,proxy_synthetic
CL-0051,VAC_MR,66,10,46.2,9/13/2027,399,FALSE,FALSE,0.31,FALSE,proxy_synthetic
CL-0051,MED_TETANUS,25,4,43.8,4/15/2028,614,FALSE,FALSE,0.23,TRUE,proxy_synthetic
CL-0051,MED_DIABETES_INSULIN,3,5,4.2,3/14/2028,582,TRUE,FALSE,0.67,FALSE,proxy_synthetic
CL-0051,MED_GLIBENCLAMIDE,39,15,18.2,12/12/2026,124,FALSE,TRUE,0.38,FALSE,proxy_synthetic
CL-0051,MED_GLUCAGON,5,1,35.0,4/9/2028,608,FALSE,FALSE,0.28,FALSE,proxy_synthetic
CL-0051,MED_RUTF,56,9,43.6,5/20/2027,283,FALSE,FALSE,0.34,FALSE,proxy_synthetic
CL-0051,MED_F75,20,3,46.7,2/4/2028,543,FALSE,FALSE,0.32,FALSE,proxy_synthetic
CL-0051,MED_F100,28,3,65.3,2/4/2027,178,FALSE,TRUE,0.21,FALSE,proxy_synthetic
CL-0051,MED_THERAPEUTIC_FEED,15,3,35.0,8/22/2027,377,FALSE,FALSE,0.32,TRUE,proxy_synthetic
CL-0052,MED_ACT,36,5,50.4,1/20/2027,163,FALSE,TRUE,0.23,TRUE,proxy_synthetic
CL-0052,MED_RDT_MAL,73,8,63.9,12/2/2027,479,FALSE,FALSE,0.35,FALSE,proxy_synthetic
CL-0052,MED_DENGUE_SUP,28,3,65.3,7/7/2027,331,FALSE,FALSE,0.28,FALSE,proxy_synthetic
CL-0052,MED_RDT_DEN,42,5,58.8,4/18/2027,251,FALSE,FALSE,0.31,FALSE,proxy_synthetic
CL-0052,MED_ORS,117,16,51.2,6/1/2027,295,FALSE,FALSE,0.22,FALSE,proxy_synthetic
CL-0052,MED_CHOLERA_KIT,1,3,2.3,3/9/2028,577,TRUE,FALSE,0.83,FALSE,proxy_synthetic
CL-0052,VAC_OCV,28,8,24.5,10/8/2027,424,FALSE,FALSE,0.33,FALSE,proxy_synthetic
CL-0052,VAC_MEASLES,11,3,25.7,2/2/2027,176,FALSE,TRUE,0.22,FALSE,proxy_synthetic
CL-0052,VAC_OPV,27,4,47.2,3/13/2027,215,FALSE,FALSE,0.24,FALSE,proxy_synthetic
CL-0052,VAC_PENTA,28,4,49.0,2/17/2028,556,FALSE,FALSE,0.32,FALSE,proxy_synthetic
CL-0052,VAC_TT,21,3,49.0,2/9/2028,548,FALSE,FALSE,0.26,TRUE,proxy_synthetic
CL-0052,MED_ANTIVENOM,7,1,49.0,3/20/2027,222,FALSE,FALSE,0.29,FALSE,proxy_synthetic
CL-0052,MED_SNAKE_ANTIVENOM,8,1,56.0,12/6/2026,118,FALSE,TRUE,0.37,FALSE,proxy_synthetic
CL-0052,MED_SNAKE_WOUND,1,2,3.5,6/12/2027,306,TRUE,FALSE,0.7,FALSE,proxy_synthetic
CL-0052,MED_OXYTOCIN,6,1,42.0,11/7/2027,454,FALSE,FALSE,0.28,FALSE,proxy_synthetic
CL-0052,MED_METFORMIN,20,6,23.3,7/19/2028,709,FALSE,FALSE,0.33,TRUE,proxy_synthetic
CL-0052,MED_GLUCOSE,13,2,45.5,5/11/2027,274,FALSE,FALSE,0.22,TRUE,proxy_synthetic
CL-0052,MED_VIT_A,25,3,58.3,2/2/2027,176,FALSE,TRUE,0.21,FALSE,proxy_synthetic
CL-0052,MED_MUAC_KIT,3,1,21.0,7/9/2028,699,FALSE,FALSE,0.28,FALSE,proxy_synthetic
CL-0052,MED_ZINC_MAL,52,8,45.5,12/3/2027,480,FALSE,FALSE,0.35,FALSE,proxy_synthetic
CL-0053,MED_ACT,29,9,22.6,7/5/2027,329,FALSE,FALSE,0.23,FALSE,proxy_synthetic
CL-0053,MED_RDT_MAL,139,21,46.3,6/30/2027,324,FALSE,FALSE,0.22,FALSE,proxy_synthetic
CL-0053,MED_DENGUE_SUP,31,6,36.2,7/10/2027,334,FALSE,FALSE,0.21,TRUE,proxy_synthetic
CL-0053,MED_RDT_DEN,56,9,43.6,1/4/2027,147,FALSE,TRUE,0.3,FALSE,proxy_synthetic
CL-0053,MED_ORS,12,33,2.5,5/5/2028,634,TRUE,FALSE,0.77,TRUE,proxy_synthetic
CL-0053,MED_CHOLERA_KIT,25,9,19.4,4/16/2027,249,FALSE,FALSE,0.22,TRUE,proxy_synthetic
CL-0053,VAC_OCV,9,16,3.9,8/22/2027,377,TRUE,FALSE,0.67,FALSE,proxy_synthetic
CL-0053,VAC_MEASLES,21,8,18.4,7/4/2028,694,FALSE,FALSE,0.26,TRUE,proxy_synthetic
CL-0053,VAC_OPV,82,11,52.2,6/27/2027,321,FALSE,FALSE,0.27,FALSE,proxy_synthetic
CL-0053,VAC_PENTA,50,8,43.8,5/29/2028,658,FALSE,FALSE,0.23,FALSE,proxy_synthetic
CL-0053,VAC_TT,45,6,52.5,12/8/2027,485,FALSE,FALSE,0.29,FALSE,proxy_synthetic
CL-0053,MED_ANTIVENOM,5,2,17.5,5/28/2027,291,FALSE,FALSE,0.22,FALSE,proxy_synthetic
CL-0053,MED_SNAKE_ANTIVENOM,2,3,4.7,3/8/2028,576,TRUE,FALSE,0.62,FALSE,proxy_synthetic
CL-0053,MED_SNAKE_WOUND,24,3,56.0,7/29/2027,353,FALSE,FALSE,0.26,FALSE,proxy_synthetic
CL-0053,MED_OXYTOCIN,18,4,31.5,6/23/2028,683,FALSE,FALSE,0.26,FALSE,proxy_synthetic
CL-0053,MED_METFORMIN,5,8,4.4,6/2/2027,296,TRUE,FALSE,0.67,TRUE,proxy_synthetic
CL-0053,MED_GLUCOSE,29,5,40.6,7/17/2028,707,FALSE,FALSE,0.26,FALSE,proxy_synthetic
CL-0053,MED_VIT_A,48,8,42.0,6/9/2028,669,FALSE,FALSE,0.3,FALSE,proxy_synthetic
CL-0053,MED_MUAC_KIT,23,3,53.7,3/5/2028,573,FALSE,FALSE,0.31,TRUE,proxy_synthetic
CL-0053,MED_ZINC_MAL,130,16,56.9,12/6/2027,483,FALSE,FALSE,0.29,FALSE,proxy_synthetic
CL-0054,MED_ACT,127,15,59.3,6/29/2027,323,FALSE,FALSE,0.21,FALSE,proxy_synthetic
CL-0054,MED_RDT_MAL,130,24,37.9,7/5/2027,329,FALSE,FALSE,0.22,FALSE,proxy_synthetic
CL-0054,MED_DENGUE_SUP,69,9,53.7,11/14/2026,96,FALSE,TRUE,0.44,FALSE,proxy_synthetic
CL-0054,MED_RDT_DEN,60,13,32.3,9/23/2027,409,FALSE,FALSE,0.32,TRUE,proxy_synthetic
CL-0054,MED_ORS,234,40,41.0,1/20/2028,528,FALSE,FALSE,0.25,FALSE,proxy_synthetic
CL-0054,MED_CHOLERA_KIT,31,8,27.1,4/28/2027,261,FALSE,FALSE,0.27,TRUE,proxy_synthetic
CL-0054,VAC_OCV,4,22,1.3,5/25/2027,288,TRUE,FALSE,0.89,FALSE,proxy_synthetic
CL-0054,VAC_MEASLES,37,8,32.4,6/7/2027,301,FALSE,FALSE,0.32,TRUE,proxy_synthetic
CL-0054,VAC_OPV,44,12,25.7,5/6/2027,269,FALSE,FALSE,0.25,FALSE,proxy_synthetic
CL-0054,VAC_PENTA,23,8,20.1,3/14/2028,582,FALSE,FALSE,0.34,TRUE,proxy_synthetic
CL-0054,VAC_TT,49,7,49.0,10/12/2027,428,FALSE,FALSE,0.28,FALSE,proxy_synthetic
CL-0054,MED_ANTIVENOM,23,3,53.7,11/22/2027,469,FALSE,FALSE,0.34,FALSE,proxy_synthetic
CL-0054,MED_SNAKE_ANTIVENOM,1,3,2.3,10/28/2026,79,TRUE,TRUE,0.83,FALSE,proxy_synthetic
CL-0054,MED_SNAKE_WOUND,38,5,53.2,8/5/2027,360,FALSE,FALSE,0.27,FALSE,proxy_synthetic
CL-0054,MED_OXYTOCIN,24,4,42.0,3/25/2028,593,FALSE,FALSE,0.33,FALSE,proxy_synthetic
CL-0054,MED_METFORMIN,51,13,27.5,4/29/2028,628,FALSE,FALSE,0.31,FALSE,proxy_synthetic
CL-0054,MED_GLUCOSE,33,5,46.2,7/5/2027,329,FALSE,FALSE,0.22,TRUE,proxy_synthetic
CL-0054,MED_VIT_A,65,12,37.9,4/24/2027,257,FALSE,FALSE,0.21,FALSE,proxy_synthetic
CL-0054,MED_MUAC_KIT,17,4,29.8,11/11/2027,458,FALSE,FALSE,0.28,FALSE,proxy_synthetic
CL-0054,MED_ZINC_MAL,80,18,31.1,10/10/2027,426,FALSE,FALSE,0.25,TRUE,proxy_synthetic
CL-0054,VAC_HEPB,3,4,5.2,10/30/2027,446,TRUE,FALSE,0.59,TRUE,proxy_synthetic
CL-0054,VAC_BCG,37,8,32.4,10/11/2026,62,FALSE,TRUE,0.53,FALSE,proxy_synthetic
CL-0054,VAC_MR,60,8,52.5,3/31/2028,599,FALSE,FALSE,0.28,FALSE,proxy_synthetic
CL-0054,MED_TETANUS,15,3,35.0,5/13/2027,276,FALSE,FALSE,0.31,TRUE,proxy_synthetic
CL-0054,MED_DIABETES_INSULIN,35,5,49.0,1/1/2027,144,FALSE,TRUE,0.31,FALSE,proxy_synthetic
CL-0054,MED_GLIBENCLAMIDE,83,9,64.6,3/14/2028,582,FALSE,FALSE,0.21,TRUE,proxy_synthetic
CL-0054,MED_GLUCAGON,8,1,56.0,6/3/2028,663,FALSE,FALSE,0.35,FALSE,proxy_synthetic
CL-0054,MED_RUTF,69,8,60.4,11/28/2026,110,FALSE,TRUE,0.4,FALSE,proxy_synthetic
CL-0054,MED_F75,1,2,3.5,5/12/2027,275,TRUE,FALSE,0.74,FALSE,proxy_synthetic
CL-0054,MED_F100,16,3,37.3,5/16/2028,645,FALSE,FALSE,0.35,TRUE,proxy_synthetic
CL-0054,MED_THERAPEUTIC_FEED,23,3,53.7,7/22/2027,346,FALSE,FALSE,0.23,TRUE,proxy_synthetic
CL-0055,MED_ACT,59,7,59.0,10/22/2027,438,FALSE,FALSE,0.31,FALSE,proxy_synthetic
CL-0055,MED_RDT_MAL,110,15,51.3,5/2/2027,265,FALSE,FALSE,0.21,TRUE,proxy_synthetic
CL-0055,MED_DENGUE_SUP,43,5,60.2,5/31/2027,294,FALSE,FALSE,0.32,FALSE,proxy_synthetic
CL-0055,MED_RDT_DEN,43,7,43.0,11/20/2026,102,FALSE,TRUE,0.43,FALSE,proxy_synthetic
CL-0055,MED_ORS,16,26,4.3,3/15/2028,583,TRUE,FALSE,0.63,FALSE,proxy_synthetic
CL-0055,MED_CHOLERA_KIT,41,5,57.4,7/2/2028,692,FALSE,FALSE,0.23,FALSE,proxy_synthetic
CL-0055,VAC_OCV,117,15,54.6,5/1/2027,264,FALSE,FALSE,0.31,FALSE,proxy_synthetic
CL-0055,VAC_MEASLES,48,7,48.0,4/19/2028,618,FALSE,FALSE,0.23,TRUE,proxy_synthetic
CL-0055,VAC_OPV,69,9,53.7,11/6/2026,88,FALSE,TRUE,0.48,FALSE,proxy_synthetic
CL-0055,VAC_PENTA,19,6,22.2,10/31/2026,82,FALSE,TRUE,0.49,FALSE,proxy_synthetic
CL-0055,VAC_TT,16,6,18.7,10/30/2026,81,FALSE,TRUE,0.47,FALSE,proxy_synthetic
CL-0055,MED_ANTIVENOM,1,2,3.5,6/20/2028,680,TRUE,FALSE,0.72,FALSE,proxy_synthetic
CL-0055,MED_SNAKE_ANTIVENOM,20,3,46.7,3/19/2027,221,FALSE,FALSE,0.32,FALSE,proxy_synthetic
CL-0055,MED_SNAKE_WOUND,1,4,1.8,10/26/2026,77,TRUE,TRUE,0.96,FALSE,proxy_synthetic
CL-0055,MED_OXYTOCIN,15,3,35.0,6/17/2027,311,FALSE,FALSE,0.27,FALSE,proxy_synthetic
CL-0055,MED_METFORMIN,48,10,33.6,4/6/2027,239,FALSE,FALSE,0.3,FALSE,proxy_synthetic
CL-0055,MED_GLUCOSE,13,4,22.8,11/27/2027,474,FALSE,FALSE,0.33,TRUE,proxy_synthetic
CL-0055,MED_VIT_A,3,8,2.6,2/10/2028,549,TRUE,FALSE,0.78,TRUE,proxy_synthetic
CL-0055,MED_MUAC_KIT,26,3,60.7,5/6/2027,269,FALSE,FALSE,0.23,TRUE,proxy_synthetic
CL-0055,MED_ZINC_MAL,55,11,35.0,5/9/2027,272,FALSE,FALSE,0.34,FALSE,proxy_synthetic
CL-0056,MED_ACT,41,11,26.1,1/2/2028,510,FALSE,FALSE,0.3,TRUE,proxy_synthetic
CL-0056,MED_RDT_MAL,153,19,56.4,4/10/2027,243,FALSE,FALSE,0.34,FALSE,proxy_synthetic
CL-0056,MED_DENGUE_SUP,66,9,51.3,10/10/2026,61,FALSE,TRUE,0.54,FALSE,proxy_synthetic
CL-0056,MED_RDT_DEN,59,8,51.6,8/3/2027,358,FALSE,FALSE,0.21,FALSE,proxy_synthetic
CL-0056,MED_ORS,114,36,22.2,6/10/2027,304,FALSE,FALSE,0.26,FALSE,proxy_synthetic
CL-0056,MED_CHOLERA_KIT,37,7,37.0,8/22/2027,377,FALSE,FALSE,0.32,FALSE,proxy_synthetic
CL-0056,VAC_OCV,83,14,41.5,11/29/2027,476,FALSE,FALSE,0.32,FALSE,proxy_synthetic
CL-0056,VAC_MEASLES,45,7,45.0,3/16/2028,584,FALSE,FALSE,0.31,TRUE,proxy_synthetic
CL-0056,VAC_OPV,19,7,19.0,7/15/2027,339,FALSE,FALSE,0.34,TRUE,proxy_synthetic
CL-0056,VAC_PENTA,59,7,59.0,8/3/2027,358,FALSE,FALSE,0.22,FALSE,proxy_synthetic
CL-0056,VAC_TT,29,7,29.0,4/6/2027,239,FALSE,FALSE,0.22,FALSE,proxy_synthetic
CL-0056,MED_ANTIVENOM,5,2,17.5,9/16/2027,402,FALSE,FALSE,0.31,FALSE,proxy_synthetic
CL-0056,MED_SNAKE_ANTIVENOM,17,2,59.5,11/22/2026,104,FALSE,TRUE,0.42,TRUE,proxy_synthetic
CL-0056,MED_SNAKE_WOUND,24,3,56.0,6/11/2027,305,FALSE,FALSE,0.31,FALSE,proxy_synthetic
CL-0056,MED_OXYTOCIN,21,4,36.8,4/1/2028,600,FALSE,FALSE,0.3,FALSE,proxy_synthetic
CL-0056,MED_METFORMIN,25,9,19.4,11/23/2027,470,FALSE,FALSE,0.2,FALSE,proxy_synthetic
CL-0056,MED_GLUCOSE,31,5,43.4,6/25/2028,685,FALSE,FALSE,0.28,FALSE,proxy_synthetic
CL-0056,MED_VIT_A,64,7,64.0,7/25/2028,715,FALSE,FALSE,0.22,TRUE,proxy_synthetic
CL-0056,MED_MUAC_KIT,11,3,25.7,12/22/2027,499,FALSE,FALSE,0.33,FALSE,proxy_synthetic
CL-0056,MED_ZINC_MAL,96,14,48.0,6/2/2027,296,FALSE,FALSE,0.32,FALSE,proxy_synthetic
CL-0057,MED_ACT,1,9,0.8,5/4/2028,633,TRUE,FALSE,0.93,FALSE,proxy_synthetic
CL-0057,MED_RDT_MAL,122,16,53.4,8/30/2027,385,FALSE,FALSE,0.3,TRUE,proxy_synthetic
CL-0057,MED_DENGUE_SUP,45,7,45.0,11/8/2027,455,FALSE,FALSE,0.21,FALSE,proxy_synthetic
CL-0057,MED_RDT_DEN,4,13,2.2,7/10/2027,334,TRUE,FALSE,0.81,TRUE,proxy_synthetic
CL-0057,MED_ORS,355,39,63.7,4/28/2027,261,FALSE,FALSE,0.26,FALSE,proxy_synthetic
CL-0057,MED_CHOLERA_KIT,25,7,25.0,9/15/2027,401,FALSE,FALSE,0.29,FALSE,proxy_synthetic
CL-0057,VAC_OCV,7,17,2.9,4/24/2027,257,TRUE,FALSE,0.75,FALSE,proxy_synthetic
CL-0057,VAC_MEASLES,33,9,25.7,11/21/2027,468,FALSE,FALSE,0.31,FALSE,proxy_synthetic
CL-0057,VAC_OPV,102,13,54.9,4/26/2027,259,FALSE,FALSE,0.33,FALSE,proxy_synthetic
CL-0057,VAC_PENTA,52,10,36.4,1/7/2028,515,FALSE,FALSE,0.21,TRUE,proxy_synthetic
CL-0057,VAC_TT,56,7,56.0,1/20/2027,163,FALSE,TRUE,0.21,FALSE,proxy_synthetic
CL-0057,MED_ANTIVENOM,6,2,21.0,11/16/2026,98,FALSE,TRUE,0.45,FALSE,proxy_synthetic
CL-0057,MED_SNAKE_ANTIVENOM,1,3,2.3,7/20/2027,344,TRUE,FALSE,0.8,FALSE,proxy_synthetic
CL-0057,MED_SNAKE_WOUND,28,4,49.0,5/11/2027,274,FALSE,FALSE,0.29,TRUE,proxy_synthetic
CL-0057,MED_OXYTOCIN,42,5,58.8,5/12/2027,275,FALSE,FALSE,0.26,FALSE,proxy_synthetic
CL-0057,MED_METFORMIN,107,15,49.9,7/22/2027,346,FALSE,FALSE,0.33,FALSE,proxy_synthetic
CL-0057,MED_GLUCOSE,45,6,52.5,5/5/2028,634,FALSE,FALSE,0.2,FALSE,proxy_synthetic
CL-0057,MED_VIT_A,37,7,37.0,11/24/2026,106,FALSE,TRUE,0.41,FALSE,proxy_synthetic
CL-0057,MED_MUAC_KIT,23,4,40.2,1/4/2027,147,FALSE,TRUE,0.3,FALSE,proxy_synthetic
CL-0057,MED_ZINC_MAL,82,21,27.3,8/19/2027,374,FALSE,FALSE,0.35,FALSE,proxy_synthetic
CL-0057,VAC_HEPB,22,5,30.8,10/28/2026,79,FALSE,TRUE,0.46,FALSE,proxy_synthetic
CL-0057,VAC_BCG,20,4,35.0,9/5/2027,391,FALSE,FALSE,0.26,FALSE,proxy_synthetic
CL-0057,VAC_MR,36,4,63.0,7/21/2027,345,FALSE,FALSE,0.3,TRUE,proxy_synthetic
CL-0057,MED_TETANUS,9,2,31.5,5/16/2028,645,FALSE,FALSE,0.28,FALSE,proxy_synthetic
CL-0057,MED_DIABETES_INSULIN,13,4,22.8,8/26/2027,381,FALSE,FALSE,0.31,TRUE,proxy_synthetic
CL-0057,MED_GLIBENCLAMIDE,46,8,40.2,5/30/2027,293,FALSE,FALSE,0.3,FALSE,proxy_synthetic
CL-0057,MED_GLUCAGON,3,1,21.0,12/31/2027,508,FALSE,FALSE,0.21,FALSE,proxy_synthetic
CL-0057,MED_RUTF,64,7,64.0,3/13/2028,581,FALSE,FALSE,0.31,FALSE,proxy_synthetic
CL-0057,MED_F75,7,2,24.5,5/4/2027,267,FALSE,FALSE,0.35,FALSE,proxy_synthetic
CL-0057,MED_F100,1,2,3.5,5/10/2027,273,TRUE,FALSE,0.72,FALSE,proxy_synthetic
CL-0057,MED_THERAPEUTIC_FEED,1,3,2.3,10/4/2027,420,TRUE,FALSE,0.79,FALSE,proxy_synthetic
CL-0058,MED_ACT,64,7,64.0,3/16/2027,218,FALSE,FALSE,0.32,TRUE,proxy_synthetic
CL-0058,MED_RDT_MAL,151,18,58.7,9/30/2027,416,FALSE,FALSE,0.27,FALSE,proxy_synthetic
CL-0058,MED_DENGUE_SUP,37,6,43.2,4/13/2027,246,FALSE,FALSE,0.23,FALSE,proxy_synthetic
CL-0058,MED_RDT_DEN,37,6,43.2,11/25/2027,472,FALSE,FALSE,0.3,FALSE,proxy_synthetic
CL-0058,MED_ORS,202,23,61.5,8/3/2028,724,FALSE,FALSE,0.32,TRUE,proxy_synthetic
CL-0058,MED_CHOLERA_KIT,37,7,37.0,3/18/2028,586,FALSE,FALSE,0.34,TRUE,proxy_synthetic
CL-0058,VAC_OCV,36,13,19.4,10/4/2027,420,FALSE,FALSE,0.23,FALSE,proxy_synthetic
CL-0058,VAC_MEASLES,34,6,39.7,2/1/2027,175,FALSE,TRUE,0.22,FALSE,proxy_synthetic
CL-0058,VAC_OPV,51,7,51.0,3/10/2027,212,FALSE,FALSE,0.26,TRUE,proxy_synthetic
CL-0058,VAC_PENTA,22,5,30.8,4/8/2028,607,FALSE,FALSE,0.26,TRUE,proxy_synthetic
CL-0058,VAC_TT,16,6,18.7,11/23/2026,105,FALSE,TRUE,0.43,FALSE,proxy_synthetic
CL-0058,MED_ANTIVENOM,9,1,63.0,7/23/2028,713,FALSE,FALSE,0.23,FALSE,proxy_synthetic
CL-0058,MED_SNAKE_ANTIVENOM,13,2,45.5,12/24/2026,136,FALSE,TRUE,0.3,FALSE,proxy_synthetic
CL-0058,MED_SNAKE_WOUND,18,3,42.0,4/29/2027,262,FALSE,FALSE,0.32,FALSE,proxy_synthetic
CL-0058,MED_OXYTOCIN,25,3,58.3,7/16/2027,340,FALSE,FALSE,0.28,FALSE,proxy_synthetic
CL-0058,MED_METFORMIN,3,8,2.6,1/9/2028,517,TRUE,FALSE,0.81,FALSE,proxy_synthetic
CL-0058,MED_GLUCOSE,23,3,53.7,10/29/2027,445,FALSE,FALSE,0.29,FALSE,proxy_synthetic
CL-0058,MED_VIT_A,23,5,32.2,7/13/2027,337,FALSE,FALSE,0.32,FALSE,proxy_synthetic
CL-0058,MED_MUAC_KIT,13,3,30.3,1/26/2028,534,FALSE,FALSE,0.3,FALSE,proxy_synthetic
CL-0058,MED_ZINC_MAL,66,10,46.2,11/12/2026,94,FALSE,TRUE,0.45,FALSE,proxy_synthetic
CL-0059,MED_ACT,20,4,35.0,9/20/2027,406,FALSE,FALSE,0.27,TRUE,proxy_synthetic
CL-0059,MED_RDT_MAL,25,8,21.9,7/5/2027,329,FALSE,FALSE,0.25,FALSE,proxy_synthetic
CL-0059,MED_DENGUE_SUP,13,5,18.2,8/31/2027,386,FALSE,FALSE,0.29,TRUE,proxy_synthetic
CL-0059,MED_RDT_DEN,35,6,40.8,8/24/2027,379,FALSE,FALSE,0.22,FALSE,proxy_synthetic
CL-0059,MED_ORS,2,20,0.7,12/9/2026,121,TRUE,TRUE,1.0,TRUE,proxy_synthetic
CL-0059,MED_CHOLERA_KIT,2,4,3.5,7/20/2027,344,TRUE,FALSE,0.66,FALSE,proxy_synthetic
CL-0059,VAC_OCV,68,9,52.9,11/19/2027,466,FALSE,FALSE,0.26,TRUE,proxy_synthetic
CL-0059,VAC_MEASLES,26,3,60.7,9/21/2027,407,FALSE,FALSE,0.29,FALSE,proxy_synthetic
CL-0059,VAC_OPV,45,5,63.0,7/5/2027,329,FALSE,FALSE,0.26,FALSE,proxy_synthetic
CL-0059,VAC_PENTA,33,5,46.2,12/17/2027,494,FALSE,FALSE,0.26,FALSE,proxy_synthetic
CL-0059,VAC_TT,8,3,18.7,1/5/2028,513,FALSE,FALSE,0.24,FALSE,proxy_synthetic
CL-0059,MED_ANTIVENOM,5,1,35.0,10/31/2026,82,FALSE,TRUE,0.49,FALSE,proxy_synthetic
CL-0059,MED_SNAKE_ANTIVENOM,6,2,21.0,9/16/2027,402,FALSE,FALSE,0.32,TRUE,proxy_synthetic
CL-0059,MED_SNAKE_WOUND,1,2,3.5,4/22/2028,621,TRUE,FALSE,0.73,FALSE,proxy_synthetic
CL-0059,MED_OXYTOCIN,7,2,24.5,1/6/2028,514,FALSE,FALSE,0.33,FALSE,proxy_synthetic
CL-0059,MED_METFORMIN,27,5,37.8,8/19/2027,374,FALSE,FALSE,0.25,TRUE,proxy_synthetic
CL-0059,MED_GLUCOSE,28,3,65.3,5/12/2027,275,FALSE,FALSE,0.23,FALSE,proxy_synthetic
CL-0059,MED_VIT_A,18,4,31.5,5/23/2028,652,FALSE,FALSE,0.35,FALSE,proxy_synthetic
CL-0059,MED_MUAC_KIT,5,1,35.0,6/24/2028,684,FALSE,FALSE,0.21,FALSE,proxy_synthetic
CL-0059,MED_ZINC_MAL,5,7,5.0,7/28/2027,352,TRUE,FALSE,0.58,FALSE,proxy_synthetic
CL-0060,MED_ACT,61,13,32.8,9/21/2027,407,FALSE,FALSE,0.3,FALSE,proxy_synthetic
CL-0060,MED_RDT_MAL,108,32,23.6,9/20/2027,406,FALSE,FALSE,0.2,TRUE,proxy_synthetic
CL-0060,MED_DENGUE_SUP,3,8,2.6,7/21/2027,345,TRUE,FALSE,0.79,FALSE,proxy_synthetic
CL-0060,MED_RDT_DEN,120,13,64.6,12/2/2027,479,FALSE,FALSE,0.24,FALSE,proxy_synthetic
CL-0060,MED_ORS,114,37,21.6,1/19/2028,527,FALSE,FALSE,0.32,TRUE,proxy_synthetic
CL-0060,MED_CHOLERA_KIT,4,10,2.8,1/19/2027,162,TRUE,TRUE,0.89,FALSE,proxy_synthetic
CL-0060,VAC_OCV,11,24,3.2,2/1/2028,540,TRUE,FALSE,0.69,FALSE,proxy_synthetic
CL-0060,VAC_MEASLES,41,10,28.7,8/3/2027,358,FALSE,FALSE,0.21,FALSE,proxy_synthetic
CL-0060,VAC_OPV,120,16,52.5,3/19/2027,221,FALSE,FALSE,0.35,TRUE,proxy_synthetic
CL-0060,VAC_PENTA,65,8,56.9,10/22/2026,73,FALSE,TRUE,0.51,FALSE,proxy_synthetic
CL-0060,VAC_TT,51,11,32.5,5/27/2027,290,FALSE,FALSE,0.28,FALSE,proxy_synthetic
CL-0060,MED_ANTIVENOM,18,2,63.0,11/28/2027,475,FALSE,FALSE,0.32,TRUE,proxy_synthetic
CL-0060,MED_SNAKE_ANTIVENOM,14,3,32.7,2/6/2028,545,FALSE,FALSE,0.22,FALSE,proxy_synthetic
CL-0060,MED_SNAKE_WOUND,60,7,60.0,3/23/2027,225,FALSE,FALSE,0.3,FALSE,proxy_synthetic
CL-0060,MED_OXYTOCIN,16,5,22.4,5/23/2027,286,FALSE,FALSE,0.28,FALSE,proxy_synthetic
CL-0060,MED_METFORMIN,42,13,22.6,3/20/2028,588,FALSE,FALSE,0.26,FALSE,proxy_synthetic
CL-0060,MED_GLUCOSE,43,7,43.0,10/18/2027,434,FALSE,FALSE,0.3,FALSE,proxy_synthetic
CL-0060,MED_VIT_A,38,13,20.5,11/10/2026,92,FALSE,TRUE,0.48,TRUE,proxy_synthetic
CL-0060,MED_MUAC_KIT,27,4,47.2,9/27/2027,413,FALSE,FALSE,0.22,FALSE,proxy_synthetic
CL-0060,MED_ZINC_MAL,107,27,27.7,9/4/2027,390,FALSE,FALSE,0.24,FALSE,proxy_synthetic
CL-0060,VAC_HEPB,3,6,3.5,11/1/2027,448,TRUE,FALSE,0.7,TRUE,proxy_synthetic
CL-0060,VAC_BCG,1,7,1.0,5/18/2027,281,TRUE,FALSE,0.94,TRUE,proxy_synthetic
CL-0060,VAC_MR,26,7,26.0,4/16/2027,249,FALSE,FALSE,0.3,FALSE,proxy_synthetic
CL-0060,MED_TETANUS,26,4,45.5,7/10/2027,334,FALSE,FALSE,0.22,FALSE,proxy_synthetic
CL-0060,MED_DIABETES_INSULIN,49,6,57.2,5/31/2027,294,FALSE,FALSE,0.22,TRUE,proxy_synthetic
CL-0060,MED_GLIBENCLAMIDE,56,10,39.2,7/31/2028,721,FALSE,FALSE,0.24,FALSE,proxy_synthetic
CL-0060,MED_GLUCAGON,1,2,3.5,5/26/2028,655,TRUE,FALSE,0.72,FALSE,proxy_synthetic
CL-0060,MED_RUTF,5,9,3.9,3/19/2027,221,TRUE,FALSE,0.64,FALSE,proxy_synthetic
CL-0060,MED_F75,11,3,25.7,7/8/2027,332,FALSE,FALSE,0.31,FALSE,proxy_synthetic
CL-0060,MED_F100,12,3,28.0,1/21/2028,529,FALSE,FALSE,0.34,FALSE,proxy_synthetic
CL-0060,MED_THERAPEUTIC_FEED,17,3,39.7,11/26/2027,473,FALSE,FALSE,0.24,FALSE,proxy_synthetic
CL-0061,MED_ACT,54,10,37.8,8/10/2027,365,FALSE,FALSE,0.21,FALSE,proxy_synthetic
CL-0061,MED_RDT_MAL,82,15,38.3,1/9/2028,517,FALSE,FALSE,0.32,FALSE,proxy_synthetic
CL-0061,MED_DENGUE_SUP,57,8,49.9,4/24/2027,257,FALSE,FALSE,0.35,FALSE,proxy_synthetic
CL-0061,MED_RDT_DEN,41,9,31.9,3/13/2027,215,FALSE,FALSE,0.21,FALSE,proxy_synthetic
CL-0061,MED_ORS,9,29,2.2,2/12/2028,551,TRUE,FALSE,0.83,FALSE,proxy_synthetic
CL-0061,MED_CHOLERA_KIT,42,6,49.0,5/25/2027,288,FALSE,FALSE,0.21,FALSE,proxy_synthetic
CL-0061,VAC_OCV,9,18,3.5,11/4/2026,86,TRUE,TRUE,0.82,FALSE,proxy_synthetic
CL-0061,VAC_MEASLES,19,6,22.2,8/6/2027,361,FALSE,FALSE,0.25,FALSE,proxy_synthetic
CL-0061,VAC_OPV,58,9,45.1,4/4/2027,237,FALSE,FALSE,0.22,FALSE,proxy_synthetic
CL-0061,VAC_PENTA,3,6,3.5,12/6/2027,483,TRUE,FALSE,0.72,FALSE,proxy_synthetic
CL-0061,VAC_TT,21,6,24.5,8/17/2027,372,FALSE,FALSE,0.34,FALSE,proxy_synthetic
CL-0061,MED_ANTIVENOM,5,1,35.0,3/23/2027,225,FALSE,FALSE,0.28,FALSE,proxy_synthetic
CL-0061,MED_SNAKE_ANTIVENOM,13,2,45.5,7/12/2027,336,FALSE,FALSE,0.28,TRUE,proxy_synthetic
CL-0061,MED_SNAKE_WOUND,18,4,31.5,9/27/2027,413,FALSE,FALSE,0.26,TRUE,proxy_synthetic
CL-0061,MED_OXYTOCIN,23,4,40.2,10/16/2026,67,FALSE,TRUE,0.54,FALSE,proxy_synthetic
CL-0061,MED_METFORMIN,46,8,40.2,4/9/2027,242,FALSE,FALSE,0.31,FALSE,proxy_synthetic
CL-0061,MED_GLUCOSE,1,5,1.4,3/25/2028,593,TRUE,FALSE,0.84,FALSE,proxy_synthetic
CL-0061,MED_VIT_A,50,6,58.3,8/16/2027,371,FALSE,FALSE,0.35,TRUE,proxy_synthetic
CL-0061,MED_MUAC_KIT,10,3,23.3,12/20/2026,132,FALSE,TRUE,0.35,TRUE,proxy_synthetic
CL-0061,MED_ZINC_MAL,72,13,38.8,10/24/2026,75,FALSE,TRUE,0.51,FALSE,proxy_synthetic
CL-0062,MED_ACT,74,9,57.6,4/22/2028,621,FALSE,FALSE,0.3,FALSE,proxy_synthetic
CL-0062,MED_RDT_MAL,103,15,48.1,11/23/2027,470,FALSE,FALSE,0.3,TRUE,proxy_synthetic
CL-0062,MED_DENGUE_SUP,35,6,40.8,10/1/2027,417,FALSE,FALSE,0.34,FALSE,proxy_synthetic
CL-0062,MED_RDT_DEN,58,8,50.8,11/28/2026,110,FALSE,TRUE,0.4,FALSE,proxy_synthetic
CL-0062,MED_ORS,7,24,2.0,6/11/2028,671,TRUE,FALSE,0.83,FALSE,proxy_synthetic
CL-0062,MED_CHOLERA_KIT,45,5,63.0,3/3/2028,571,FALSE,FALSE,0.24,FALSE,proxy_synthetic
CL-0062,VAC_OCV,71,12,41.4,2/24/2028,563,FALSE,FALSE,0.26,TRUE,proxy_synthetic
CL-0062,VAC_MEASLES,44,6,51.3,2/28/2028,567,FALSE,FALSE,0.32,FALSE,proxy_synthetic
CL-0062,VAC_OPV,42,8,36.8,6/3/2027,297,FALSE,FALSE,0.26,FALSE,proxy_synthetic
CL-0062,VAC_PENTA,53,6,61.8,11/26/2027,473,FALSE,FALSE,0.22,FALSE,proxy_synthetic
CL-0062,VAC_TT,40,6,46.7,4/1/2027,234,FALSE,FALSE,0.33,TRUE,proxy_synthetic
CL-0062,MED_ANTIVENOM,1,2,3.5,4/4/2028,603,TRUE,FALSE,0.75,FALSE,proxy_synthetic
CL-0062,MED_SNAKE_ANTIVENOM,7,2,24.5,4/1/2028,600,FALSE,FALSE,0.26,TRUE,proxy_synthetic
CL-0062,MED_SNAKE_WOUND,2,3,4.7,1/8/2027,151,TRUE,TRUE,0.73,FALSE,proxy_synthetic
CL-0062,MED_OXYTOCIN,28,3,65.3,6/16/2027,310,FALSE,FALSE,0.24,FALSE,proxy_synthetic
CL-0062,MED_METFORMIN,26,7,26.0,4/29/2028,628,FALSE,FALSE,0.23,FALSE,proxy_synthetic
CL-0062,MED_GLUCOSE,16,4,28.0,6/11/2028,671,FALSE,FALSE,0.25,FALSE,proxy_synthetic
CL-0062,MED_VIT_A,1,6,1.2,6/21/2028,681,TRUE,FALSE,0.86,FALSE,proxy_synthetic
CL-0062,MED_MUAC_KIT,13,2,45.5,9/6/2027,392,FALSE,FALSE,0.29,FALSE,proxy_synthetic
CL-0062,MED_ZINC_MAL,4,10,2.8,4/14/2027,247,TRUE,FALSE,0.8,FALSE,proxy_synthetic
CL-0063,MED_ACT,59,9,45.9,6/28/2027,322,FALSE,FALSE,0.34,FALSE,proxy_synthetic
CL-0063,MED_RDT_MAL,61,20,21.4,1/9/2028,517,FALSE,FALSE,0.21,FALSE,proxy_synthetic
CL-0063,MED_DENGUE_SUP,65,11,41.4,3/26/2027,228,FALSE,FALSE,0.3,TRUE,proxy_synthetic
CL-0063,MED_RDT_DEN,48,11,30.5,11/18/2026,100,FALSE,TRUE,0.45,TRUE,proxy_synthetic
CL-0063,MED_ORS,123,35,24.6,3/21/2028,589,FALSE,FALSE,0.34,FALSE,proxy_synthetic
CL-0063,MED_CHOLERA_KIT,34,11,21.6,6/2/2028,662,FALSE,FALSE,0.31,FALSE,proxy_synthetic
CL-0063,VAC_OCV,143,16,62.6,1/8/2028,516,FALSE,FALSE,0.21,FALSE,proxy_synthetic
CL-0063,VAC_MEASLES,31,11,19.7,12/8/2026,120,FALSE,TRUE,0.36,FALSE,proxy_synthetic
CL-0063,VAC_OPV,35,13,18.8,1/9/2027,152,FALSE,TRUE,0.27,FALSE,proxy_synthetic
CL-0063,VAC_PENTA,64,9,49.8,12/9/2027,486,FALSE,FALSE,0.21,FALSE,proxy_synthetic
CL-0063,VAC_TT,43,8,37.6,11/30/2026,112,FALSE,TRUE,0.44,FALSE,proxy_synthetic
CL-0063,MED_ANTIVENOM,6,2,21.0,1/6/2028,514,FALSE,FALSE,0.23,FALSE,proxy_synthetic
CL-0063,MED_SNAKE_ANTIVENOM,26,4,45.5,3/16/2027,218,FALSE,FALSE,0.31,FALSE,proxy_synthetic
CL-0063,MED_SNAKE_WOUND,15,4,26.2,11/20/2026,102,FALSE,TRUE,0.39,FALSE,proxy_synthetic
CL-0063,MED_OXYTOCIN,27,4,47.2,5/9/2027,272,FALSE,FALSE,0.21,TRUE,proxy_synthetic
CL-0063,MED_METFORMIN,105,14,52.5,6/23/2028,683,FALSE,FALSE,0.23,FALSE,proxy_synthetic
CL-0063,MED_GLUCOSE,32,7,32.0,12/5/2027,482,FALSE,FALSE,0.24,FALSE,proxy_synthetic
CL-0063,MED_VIT_A,7,9,5.4,1/23/2028,531,TRUE,FALSE,0.57,TRUE,proxy_synthetic
CL-0063,MED_MUAC_KIT,38,5,53.2,9/17/2027,403,FALSE,FALSE,0.32,TRUE,proxy_synthetic
CL-0063,MED_ZINC_MAL,160,23,48.7,5/6/2027,269,FALSE,FALSE,0.27,TRUE,proxy_synthetic
CL-0063,VAC_HEPB,33,4,57.8,11/11/2026,93,FALSE,TRUE,0.46,FALSE,proxy_synthetic
CL-0063,VAC_BCG,31,6,36.2,11/3/2026,85,FALSE,TRUE,0.48,TRUE,proxy_synthetic
CL-0063,VAC_MR,25,5,35.0,12/20/2026,132,FALSE,TRUE,0.36,FALSE,proxy_synthetic
CL-0063,MED_TETANUS,32,4,56.0,3/20/2028,588,FALSE,FALSE,0.25,FALSE,proxy_synthetic
CL-0063,MED_DIABETES_INSULIN,30,4,52.5,4/6/2027,239,FALSE,FALSE,0.22,FALSE,proxy_synthetic
CL-0063,MED_GLIBENCLAMIDE,83,10,58.1,11/3/2027,450,FALSE,FALSE,0.29,FALSE,proxy_synthetic
CL-0063,MED_GLUCAGON,5,1,35.0,6/12/2028,672,FALSE,FALSE,0.22,TRUE,proxy_synthetic
CL-0063,MED_RUTF,28,9,21.8,12/4/2027,481,FALSE,FALSE,0.25,FALSE,proxy_synthetic
CL-0063,MED_F75,14,2,49.0,4/16/2028,615,FALSE,FALSE,0.29,TRUE,proxy_synthetic
CL-0063,MED_F100,9,2,31.5,10/25/2027,441,FALSE,FALSE,0.27,FALSE,proxy_synthetic
CL-0063,MED_THERAPEUTIC_FEED,25,3,58.3,4/7/2027,240,FALSE,FALSE,0.34,FALSE,proxy_synthetic
CL-0064,MED_ACT,27,9,21.0,3/25/2028,593,FALSE,FALSE,0.24,FALSE,proxy_synthetic
CL-0064,MED_RDT_MAL,50,14,25.0,3/24/2027,226,FALSE,FALSE,0.22,TRUE,proxy_synthetic
CL-0064,MED_DENGUE_SUP,52,8,45.5,1/2/2027,145,FALSE,TRUE,0.33,TRUE,proxy_synthetic
CL-0064,MED_RDT_DEN,67,8,58.6,10/16/2027,432,FALSE,FALSE,0.29,FALSE,proxy_synthetic
CL-0064,MED_ORS,138,23,42.0,8/24/2027,379,FALSE,FALSE,0.26,FALSE,proxy_synthetic
CL-0064,MED_CHOLERA_KIT,59,7,59.0,8/18/2027,373,FALSE,FALSE,0.32,FALSE,proxy_synthetic
CL-0064,VAC_OCV,86,15,40.1,1/13/2028,521,FALSE,FALSE,0.22,TRUE,proxy_synthetic
CL-0064,VAC_MEASLES,22,8,19.2,4/15/2028,614,FALSE,FALSE,0.28,FALSE,proxy_synthetic
CL-0064,VAC_OPV,44,9,34.2,6/28/2027,322,FALSE,FALSE,0.2,FALSE,proxy_synthetic
CL-0064,VAC_PENTA,22,7,22.0,1/28/2027,171,FALSE,TRUE,0.24,TRUE,proxy_synthetic
CL-0064,VAC_TT,38,6,44.3,3/21/2028,589,FALSE,FALSE,0.33,FALSE,proxy_synthetic
CL-0064,MED_ANTIVENOM,6,1,42.0,7/25/2027,349,FALSE,FALSE,0.33,FALSE,proxy_synthetic
CL-0064,MED_SNAKE_ANTIVENOM,15,2,52.5,10/30/2027,446,FALSE,FALSE,0.31,TRUE,proxy_synthetic
CL-0064,MED_SNAKE_WOUND,25,3,58.3,9/6/2027,392,FALSE,FALSE,0.28,FALSE,proxy_synthetic
CL-0064,MED_OXYTOCIN,22,4,38.5,12/18/2027,495,FALSE,FALSE,0.32,TRUE,proxy_synthetic
CL-0064,MED_METFORMIN,58,11,36.9,5/19/2027,282,FALSE,FALSE,0.24,FALSE,proxy_synthetic
CL-0064,MED_GLUCOSE,2,4,3.5,12/31/2027,508,TRUE,FALSE,0.69,FALSE,proxy_synthetic
CL-0064,MED_VIT_A,1,8,0.9,12/20/2027,497,TRUE,FALSE,0.88,FALSE,proxy_synthetic
CL-0064,MED_MUAC_KIT,8,3,18.7,2/28/2028,567,FALSE,FALSE,0.35,TRUE,proxy_synthetic
CL-0064,MED_ZINC_MAL,147,17,60.5,10/2/2027,418,FALSE,FALSE,0.28,FALSE,proxy_synthetic
CL-0065,MED_ACT,52,6,60.7,1/10/2028,518,FALSE,FALSE,0.35,TRUE,proxy_synthetic
CL-0065,MED_RDT_MAL,101,18,39.3,7/29/2027,353,FALSE,FALSE,0.33,FALSE,proxy_synthetic
CL-0065,MED_DENGUE_SUP,23,6,26.8,12/17/2027,494,FALSE,FALSE,0.34,TRUE,proxy_synthetic
CL-0065,MED_RDT_DEN,51,10,35.7,7/4/2027,328,FALSE,FALSE,0.27,FALSE,proxy_synthetic
CL-0065,MED_ORS,90,28,22.5,9/1/2027,387,FALSE,FALSE,0.28,FALSE,proxy_synthetic
CL-0065,MED_CHOLERA_KIT,38,7,38.0,8/14/2027,369,FALSE,FALSE,0.23,TRUE,proxy_synthetic
CL-0065,VAC_OCV,157,17,64.6,11/23/2027,470,FALSE,FALSE,0.29,FALSE,proxy_synthetic
CL-0065,VAC_MEASLES,17,5,23.8,10/14/2027,430,FALSE,FALSE,0.33,FALSE,proxy_synthetic
CL-0065,VAC_OPV,76,10,53.2,6/6/2027,300,FALSE,FALSE,0.22,TRUE,proxy_synthetic
CL-0065,VAC_PENTA,19,7,19.0,6/29/2028,689,FALSE,FALSE,0.28,FALSE,proxy_synthetic
CL-0065,VAC_TT,11,4,19.2,7/6/2028,696,FALSE,FALSE,0.29,FALSE,proxy_synthetic
CL-0065,MED_ANTIVENOM,5,1,35.0,1/1/2027,144,FALSE,TRUE,0.32,FALSE,proxy_synthetic
CL-0065,MED_SNAKE_ANTIVENOM,18,2,63.0,5/8/2027,271,FALSE,FALSE,0.25,TRUE,proxy_synthetic
CL-0065,MED_SNAKE_WOUND,19,4,33.2,7/29/2027,353,FALSE,FALSE,0.29,FALSE,proxy_synthetic
CL-0065,MED_OXYTOCIN,19,4,33.2,10/11/2027,427,FALSE,FALSE,0.34,FALSE,proxy_synthetic
CL-0065,MED_METFORMIN,63,9,49.0,3/27/2027,229,FALSE,FALSE,0.3,TRUE,proxy_synthetic
CL-0065,MED_GLUCOSE,27,3,63.0,7/23/2027,347,FALSE,FALSE,0.22,FALSE,proxy_synthetic
CL-0065,MED_VIT_A,27,7,27.0,7/11/2028,701,FALSE,FALSE,0.33,FALSE,proxy_synthetic
CL-0065,MED_MUAC_KIT,1,2,3.5,6/8/2027,302,TRUE,FALSE,0.69,FALSE,proxy_synthetic
CL-0065,MED_ZINC_MAL,78,12,45.5,11/13/2027,460,FALSE,FALSE,0.3,TRUE,proxy_synthetic
CL-0066,MED_ACT,32,7,32.0,4/9/2028,608,FALSE,FALSE,0.26,FALSE,proxy_synthetic
CL-0066,MED_RDT_MAL,2,15,0.9,11/3/2027,450,TRUE,FALSE,0.9,FALSE,proxy_synthetic
CL-0066,MED_DENGUE_SUP,3,6,3.5,4/13/2027,246,TRUE,FALSE,0.76,FALSE,proxy_synthetic
CL-0066,MED_RDT_DEN,47,8,41.1,8/7/2027,362,FALSE,FALSE,0.26,TRUE,proxy_synthetic
CL-0066,MED_ORS,188,22,59.8,4/9/2027,242,FALSE,FALSE,0.32,TRUE,proxy_synthetic
CL-0066,MED_CHOLERA_KIT,33,6,38.5,6/6/2028,666,FALSE,FALSE,0.24,FALSE,proxy_synthetic
CL-0066,VAC_OCV,56,12,32.7,12/19/2027,496,FALSE,FALSE,0.22,TRUE,proxy_synthetic
CL-0066,VAC_MEASLES,40,6,46.7,1/4/2028,512,FALSE,FALSE,0.2,FALSE,proxy_synthetic
CL-0066,VAC_OPV,5,9,3.9,6/19/2027,313,TRUE,FALSE,0.65,FALSE,proxy_synthetic
CL-0066,VAC_PENTA,22,6,25.7,5/11/2028,640,FALSE,FALSE,0.23,FALSE,proxy_synthetic
CL-0066,VAC_TT,24,6,28.0,7/6/2028,696,FALSE,FALSE,0.21,TRUE,proxy_synthetic
CL-0066,MED_ANTIVENOM,1,2,3.5,5/28/2027,291,TRUE,FALSE,0.7,FALSE,proxy_synthetic
CL-0066,MED_SNAKE_ANTIVENOM,8,2,28.0,5/11/2027,274,FALSE,FALSE,0.32,FALSE,proxy_synthetic
CL-0066,MED_SNAKE_WOUND,13,3,30.3,10/18/2026,69,FALSE,TRUE,0.51,FALSE,proxy_synthetic
CL-0066,MED_OXYTOCIN,13,2,45.5,1/4/2027,147,FALSE,TRUE,0.27,FALSE,proxy_synthetic
CL-0066,MED_METFORMIN,37,8,32.4,11/28/2027,475,FALSE,FALSE,0.2,FALSE,proxy_synthetic
CL-0066,MED_GLUCOSE,21,3,49.0,8/6/2027,361,FALSE,FALSE,0.21,FALSE,proxy_synthetic
CL-0066,MED_VIT_A,52,6,60.7,7/13/2027,337,FALSE,FALSE,0.2,FALSE,proxy_synthetic
CL-0066,MED_MUAC_KIT,12,2,42.0,11/5/2026,87,FALSE,TRUE,0.49,TRUE,proxy_synthetic
CL-0066,MED_ZINC_MAL,83,12,48.4,4/29/2028,628,FALSE,FALSE,0.35,TRUE,proxy_synthetic
CL-0067,MED_ACT,53,9,41.2,5/18/2027,281,FALSE,FALSE,0.29,FALSE,proxy_synthetic
CL-0067,MED_RDT_MAL,103,25,28.8,5/27/2027,290,FALSE,FALSE,0.25,FALSE,proxy_synthetic
CL-0067,MED_DENGUE_SUP,45,7,45.0,3/10/2027,212,FALSE,FALSE,0.3,FALSE,proxy_synthetic
CL-0067,MED_RDT_DEN,61,13,32.8,6/16/2027,310,FALSE,FALSE,0.31,FALSE,proxy_synthetic
CL-0067,MED_ORS,140,45,21.8,12/31/2026,143,FALSE,TRUE,0.31,FALSE,proxy_synthetic
CL-0067,MED_CHOLERA_KIT,7,11,4.5,10/13/2027,429,TRUE,FALSE,0.64,FALSE,proxy_synthetic
CL-0067,VAC_OCV,99,17,40.8,12/6/2027,483,FALSE,FALSE,0.26,FALSE,proxy_synthetic
CL-0067,VAC_MEASLES,79,9,61.4,11/24/2027,471,FALSE,FALSE,0.29,FALSE,proxy_synthetic
CL-0067,VAC_OPV,73,12,42.6,5/30/2027,293,FALSE,FALSE,0.31,FALSE,proxy_synthetic
CL-0067,VAC_PENTA,71,8,62.1,3/2/2028,570,FALSE,FALSE,0.33,TRUE,proxy_synthetic
CL-0067,VAC_TT,21,8,18.4,5/25/2027,288,FALSE,FALSE,0.21,FALSE,proxy_synthetic
CL-0067,MED_ANTIVENOM,14,2,49.0,8/26/2027,381,FALSE,FALSE,0.21,FALSE,proxy_synthetic
CL-0067,MED_SNAKE_ANTIVENOM,19,3,44.3,1/27/2028,535,FALSE,FALSE,0.34,FALSE,proxy_synthetic
CL-0067,MED_SNAKE_WOUND,39,6,45.5,1/25/2028,533,FALSE,FALSE,0.26,TRUE,proxy_synthetic
CL-0067,MED_OXYTOCIN,15,5,21.0,1/4/2027,147,FALSE,TRUE,0.3,FALSE,proxy_synthetic
CL-0067,MED_METFORMIN,8,12,4.7,4/7/2028,606,TRUE,FALSE,0.61,FALSE,proxy_synthetic
CL-0067,MED_GLUCOSE,42,5,58.8,11/8/2027,455,FALSE,FALSE,0.23,FALSE,proxy_synthetic
CL-0067,MED_VIT_A,7,11,4.5,6/2/2027,296,TRUE,FALSE,0.67,FALSE,proxy_synthetic
CL-0067,MED_MUAC_KIT,9,3,21.0,10/21/2027,437,FALSE,FALSE,0.3,FALSE,proxy_synthetic
CL-0067,MED_ZINC_MAL,9,19,3.3,9/23/2027,409,TRUE,FALSE,0.71,FALSE,proxy_synthetic
CL-0067,VAC_HEPB,41,5,57.4,6/22/2028,682,FALSE,FALSE,0.33,FALSE,proxy_synthetic
CL-0067,VAC_BCG,41,7,41.0,2/13/2028,552,FALSE,FALSE,0.28,FALSE,proxy_synthetic
CL-0067,VAC_MR,2,6,2.3,2/6/2028,545,TRUE,FALSE,0.81,FALSE,proxy_synthetic
CL-0067,MED_TETANUS,28,3,65.3,9/15/2027,401,FALSE,FALSE,0.23,FALSE,proxy_synthetic
CL-0067,MED_DIABETES_INSULIN,18,3,42.0,11/15/2026,97,FALSE,TRUE,0.46,TRUE,proxy_synthetic
CL-0067,MED_GLIBENCLAMIDE,31,11,19.7,11/11/2027,458,FALSE,FALSE,0.21,FALSE,proxy_synthetic
CL-0067,MED_GLUCAGON,9,1,63.0,5/12/2028,641,FALSE,FALSE,0.34,FALSE,proxy_synthetic
CL-0067,MED_RUTF,46,8,40.2,3/17/2028,585,FALSE,FALSE,0.32,TRUE,proxy_synthetic
CL-0067,MED_F75,7,2,24.5,5/16/2028,645,FALSE,FALSE,0.22,FALSE,proxy_synthetic
CL-0067,MED_F100,2,3,4.7,10/21/2026,72,TRUE,TRUE,0.7,FALSE,proxy_synthetic
CL-0067,MED_THERAPEUTIC_FEED,17,2,59.5,2/25/2028,564,FALSE,FALSE,0.34,FALSE,proxy_synthetic
CL-0068,MED_ACT,62,7,62.0,4/30/2028,629,FALSE,FALSE,0.3,TRUE,proxy_synthetic
CL-0068,MED_RDT_MAL,105,14,52.5,12/1/2026,113,FALSE,TRUE,0.38,FALSE,proxy_synthetic
CL-0068,MED_DENGUE_SUP,15,4,26.2,11/22/2027,469,FALSE,FALSE,0.2,FALSE,proxy_synthetic
CL-0068,MED_RDT_DEN,38,6,44.3,8/30/2027,385,FALSE,FALSE,0.27,TRUE,proxy_synthetic
CL-0068,MED_ORS,61,16,26.7,7/19/2028,709,FALSE,FALSE,0.32,FALSE,proxy_synthetic
CL-0068,MED_CHOLERA_KIT,12,4,21.0,7/10/2027,334,FALSE,FALSE,0.33,FALSE,proxy_synthetic
CL-0068,VAC_OCV,8,13,4.3,10/16/2026,67,TRUE,TRUE,0.71,FALSE,proxy_synthetic
CL-0068,VAC_MEASLES,34,4,59.5,11/13/2026,95,FALSE,TRUE,0.44,FALSE,proxy_synthetic
CL-0068,VAC_OPV,41,6,47.8,6/1/2027,295,FALSE,FALSE,0.32,TRUE,proxy_synthetic
CL-0068,VAC_PENTA,37,6,43.2,2/22/2028,561,FALSE,FALSE,0.25,FALSE,proxy_synthetic
CL-0068,VAC_TT,36,5,50.4,5/10/2028,639,FALSE,FALSE,0.32,TRUE,proxy_synthetic
CL-0068,MED_ANTIVENOM,6,1,42.0,10/23/2026,74,FALSE,TRUE,0.49,FALSE,proxy_synthetic
CL-0068,MED_SNAKE_ANTIVENOM,7,1,49.0,9/20/2027,406,FALSE,FALSE,0.29,TRUE,proxy_synthetic
CL-0068,MED_SNAKE_WOUND,25,3,58.3,11/28/2026,110,FALSE,TRUE,0.39,TRUE,proxy_synthetic
CL-0068,MED_OXYTOCIN,17,3,39.7,10/12/2026,63,FALSE,TRUE,0.54,FALSE,proxy_synthetic
CL-0068,MED_METFORMIN,38,7,38.0,5/12/2028,641,FALSE,FALSE,0.24,FALSE,proxy_synthetic
CL-0068,MED_GLUCOSE,14,3,32.7,6/3/2028,663,FALSE,FALSE,0.31,FALSE,proxy_synthetic
CL-0068,MED_VIT_A,39,5,54.6,10/1/2027,417,FALSE,FALSE,0.2,FALSE,proxy_synthetic
CL-0068,MED_MUAC_KIT,18,2,63.0,6/19/2027,313,FALSE,FALSE,0.35,FALSE,proxy_synthetic
CL-0068,MED_ZINC_MAL,72,8,63.0,8/15/2027,370,FALSE,FALSE,0.31,FALSE,proxy_synthetic
CL-0069,MED_ACT,10,4,17.5,5/22/2028,651,FALSE,FALSE,0.25,TRUE,proxy_synthetic
CL-0069,MED_RDT_MAL,25,8,21.9,10/12/2027,428,FALSE,FALSE,0.33,FALSE,proxy_synthetic
CL-0069,MED_DENGUE_SUP,17,3,39.7,10/10/2027,426,FALSE,FALSE,0.34,FALSE,proxy_synthetic
CL-0069,MED_RDT_DEN,38,5,53.2,10/25/2026,76,FALSE,TRUE,0.5,FALSE,proxy_synthetic
CL-0069,MED_ORS,127,17,52.3,9/28/2027,414,FALSE,FALSE,0.21,FALSE,proxy_synthetic
CL-0069,MED_CHOLERA_KIT,16,4,28.0,3/26/2028,594,FALSE,FALSE,0.26,FALSE,proxy_synthetic
CL-0069,VAC_OCV,69,9,53.7,1/25/2028,533,FALSE,FALSE,0.22,TRUE,proxy_synthetic
CL-0069,VAC_MEASLES,15,3,35.0,10/7/2027,423,FALSE,FALSE,0.24,FALSE,proxy_synthetic
CL-0069,VAC_OPV,4,5,5.6,3/30/2027,232,TRUE,FALSE,0.54,FALSE,proxy_synthetic
CL-0069,VAC_PENTA,13,4,22.8,4/28/2027,261,FALSE,FALSE,0.33,FALSE,proxy_synthetic
CL-0069,VAC_TT,13,2,45.5,10/29/2027,445,FALSE,FALSE,0.27,FALSE,proxy_synthetic
CL-0069,MED_ANTIVENOM,5,1,35.0,1/30/2028,538,FALSE,FALSE,0.29,FALSE,proxy_synthetic
CL-0069,MED_SNAKE_ANTIVENOM,6,1,42.0,12/10/2027,487,FALSE,FALSE,0.25,FALSE,proxy_synthetic
CL-0069,MED_SNAKE_WOUND,10,2,35.0,5/25/2027,288,FALSE,FALSE,0.25,FALSE,proxy_synthetic
CL-0069,MED_OXYTOCIN,16,2,56.0,10/22/2027,438,FALSE,FALSE,0.21,FALSE,proxy_synthetic
CL-0069,MED_METFORMIN,20,4,35.0,2/26/2028,565,FALSE,FALSE,0.24,FALSE,proxy_synthetic
CL-0069,MED_GLUCOSE,12,2,42.0,9/9/2027,395,FALSE,FALSE,0.2,FALSE,proxy_synthetic
CL-0069,MED_VIT_A,20,4,35.0,1/5/2027,148,FALSE,TRUE,0.3,TRUE,proxy_synthetic
CL-0069,MED_MUAC_KIT,11,2,38.5,7/22/2028,712,FALSE,FALSE,0.3,TRUE,proxy_synthetic
CL-0069,MED_ZINC_MAL,60,8,52.5,10/31/2027,447,FALSE,FALSE,0.21,FALSE,proxy_synthetic
CL-0070,MED_ACT,41,6,47.8,9/15/2027,401,FALSE,FALSE,0.35,TRUE,proxy_synthetic
CL-0070,MED_RDT_MAL,87,16,38.1,1/30/2027,173,FALSE,TRUE,0.24,TRUE,proxy_synthetic
CL-0070,MED_DENGUE_SUP,49,6,57.2,4/13/2027,246,FALSE,FALSE,0.23,TRUE,proxy_synthetic
CL-0070,MED_RDT_DEN,50,6,58.3,11/10/2027,457,FALSE,FALSE,0.26,FALSE,proxy_synthetic
CL-0070,MED_ORS,197,26,53.0,7/29/2027,353,FALSE,FALSE,0.3,FALSE,proxy_synthetic
CL-0070,MED_CHOLERA_KIT,31,7,31.0,3/18/2027,220,FALSE,FALSE,0.26,TRUE,proxy_synthetic
CL-0070,VAC_OCV,100,11,63.6,6/27/2027,321,FALSE,FALSE,0.2,FALSE,proxy_synthetic
CL-0070,VAC_MEASLES,29,4,50.8,12/27/2027,504,FALSE,FALSE,0.3,FALSE,proxy_synthetic
CL-0070,VAC_OPV,16,6,18.7,4/24/2027,257,FALSE,FALSE,0.27,FALSE,proxy_synthetic
CL-0070,VAC_PENTA,44,6,51.3,7/14/2027,338,FALSE,FALSE,0.2,FALSE,proxy_synthetic
CL-0070,VAC_TT,38,6,44.3,6/24/2027,318,FALSE,FALSE,0.35,FALSE,proxy_synthetic
CL-0070,MED_ANTIVENOM,7,1,49.0,12/22/2026,134,FALSE,TRUE,0.35,FALSE,proxy_synthetic
CL-0070,MED_SNAKE_ANTIVENOM,2,3,4.7,11/17/2027,464,TRUE,FALSE,0.64,TRUE,proxy_synthetic
CL-0070,MED_SNAKE_WOUND,27,4,47.2,4/28/2027,261,FALSE,FALSE,0.23,FALSE,proxy_synthetic
CL-0070,MED_OXYTOCIN,11,3,25.7,3/9/2028,577,FALSE,FALSE,0.26,FALSE,proxy_synthetic
CL-0070,MED_METFORMIN,59,9,45.9,9/12/2027,398,FALSE,FALSE,0.22,FALSE,proxy_synthetic
CL-0070,MED_GLUCOSE,19,4,33.2,9/27/2027,413,FALSE,FALSE,0.33,FALSE,proxy_synthetic
CL-0070,MED_VIT_A,28,5,39.2,6/8/2027,302,FALSE,FALSE,0.24,FALSE,proxy_synthetic
CL-0070,MED_MUAC_KIT,7,2,24.5,9/22/2027,408,FALSE,FALSE,0.3,FALSE,proxy_synthetic
CL-0070,MED_ZINC_MAL,74,11,47.1,1/22/2028,530,FALSE,FALSE,0.35,FALSE,proxy_synthetic
CL-0071,MED_ACT,43,9,33.4,12/18/2027,495,FALSE,FALSE,0.27,TRUE,proxy_synthetic
CL-0071,MED_RDT_MAL,128,15,59.7,8/31/2027,386,FALSE,FALSE,0.33,FALSE,proxy_synthetic
CL-0071,MED_DENGUE_SUP,42,5,58.8,12/23/2027,500,FALSE,FALSE,0.34,FALSE,proxy_synthetic
CL-0071,MED_RDT_DEN,28,7,28.0,5/23/2027,286,FALSE,FALSE,0.29,FALSE,proxy_synthetic
CL-0071,MED_ORS,190,32,41.6,12/20/2026,132,FALSE,TRUE,0.32,TRUE,proxy_synthetic
CL-0071,MED_CHOLERA_KIT,18,7,18.0,12/28/2026,140,FALSE,TRUE,0.36,FALSE,proxy_synthetic
CL-0071,VAC_OCV,55,18,21.4,7/16/2027,340,FALSE,FALSE,0.31,TRUE,proxy_synthetic
CL-0071,VAC_MEASLES,43,7,43.0,12/5/2026,117,FALSE,TRUE,0.38,FALSE,proxy_synthetic
CL-0071,VAC_OPV,45,9,35.0,5/16/2027,279,FALSE,FALSE,0.3,FALSE,proxy_synthetic
CL-0071,VAC_PENTA,22,5,30.8,3/19/2028,587,FALSE,FALSE,0.22,TRUE,proxy_synthetic
CL-0071,VAC_TT,44,5,61.6,6/25/2027,319,FALSE,FALSE,0.21,FALSE,proxy_synthetic
CL-0071,MED_ANTIVENOM,6,1,42.0,7/21/2027,345,FALSE,FALSE,0.24,FALSE,proxy_synthetic
CL-0071,MED_SNAKE_ANTIVENOM,19,3,44.3,4/4/2028,603,FALSE,FALSE,0.22,FALSE,proxy_synthetic
CL-0071,MED_SNAKE_WOUND,15,3,35.0,7/8/2028,698,FALSE,FALSE,0.22,FALSE,proxy_synthetic
CL-0071,MED_OXYTOCIN,14,3,32.7,2/18/2028,557,FALSE,FALSE,0.22,FALSE,proxy_synthetic
CL-0071,MED_METFORMIN,25,9,19.4,8/12/2027,367,FALSE,FALSE,0.29,TRUE,proxy_synthetic
CL-0071,MED_GLUCOSE,46,5,64.4,1/22/2028,530,FALSE,FALSE,0.23,FALSE,proxy_synthetic
CL-0071,MED_VIT_A,23,5,32.2,5/28/2028,657,FALSE,FALSE,0.27,TRUE,proxy_synthetic
CL-0071,MED_MUAC_KIT,26,3,60.7,1/29/2027,172,FALSE,TRUE,0.21,FALSE,proxy_synthetic
CL-0071,MED_ZINC_MAL,53,12,30.9,4/19/2028,618,FALSE,FALSE,0.3,FALSE,proxy_synthetic
CL-0071,VAC_HEPB,26,3,60.7,5/4/2028,633,FALSE,FALSE,0.32,FALSE,proxy_synthetic
CL-0071,VAC_BCG,28,4,49.0,4/27/2027,260,FALSE,FALSE,0.25,TRUE,proxy_synthetic
CL-0071,VAC_MR,30,4,52.5,7/5/2028,695,FALSE,FALSE,0.21,FALSE,proxy_synthetic
CL-0071,MED_TETANUS,15,2,52.5,1/27/2028,535,FALSE,FALSE,0.24,FALSE,proxy_synthetic
CL-0071,MED_DIABETES_INSULIN,2,3,4.7,4/23/2027,256,TRUE,FALSE,0.64,TRUE,proxy_synthetic
CL-0071,MED_GLIBENCLAMIDE,24,8,21.0,1/5/2028,513,FALSE,FALSE,0.29,FALSE,proxy_synthetic
CL-0071,MED_GLUCAGON,5,1,35.0,6/15/2027,309,FALSE,FALSE,0.22,TRUE,proxy_synthetic
CL-0071,MED_RUTF,20,5,28.0,12/18/2027,495,FALSE,FALSE,0.29,FALSE,proxy_synthetic
CL-0071,MED_F75,8,1,56.0,4/14/2028,613,FALSE,FALSE,0.29,FALSE,proxy_synthetic
CL-0071,MED_F100,7,1,49.0,6/5/2027,299,FALSE,FALSE,0.28,FALSE,proxy_synthetic
CL-0071,MED_THERAPEUTIC_FEED,17,2,59.5,7/24/2027,348,FALSE,FALSE,0.28,FALSE,proxy_synthetic
CL-0072,MED_ACT,54,6,63.0,8/15/2027,370,FALSE,FALSE,0.35,FALSE,proxy_synthetic
CL-0072,MED_RDT_MAL,4,11,2.5,12/27/2027,504,TRUE,FALSE,0.82,FALSE,proxy_synthetic
CL-0072,MED_DENGUE_SUP,23,6,26.8,10/30/2027,446,FALSE,FALSE,0.23,FALSE,proxy_synthetic
CL-0072,MED_RDT_DEN,20,6,23.3,9/13/2027,399,FALSE,FALSE,0.29,TRUE,proxy_synthetic
CL-0072,MED_ORS,141,18,54.8,1/17/2028,525,FALSE,FALSE,0.22,FALSE,proxy_synthetic
CL-0072,MED_CHOLERA_KIT,55,7,55.0,7/21/2027,345,FALSE,FALSE,0.34,FALSE,proxy_synthetic
CL-0072,VAC_OCV,50,14,25.0,9/1/2027,387,FALSE,FALSE,0.31,FALSE,proxy_synthetic
CL-0072,VAC_MEASLES,27,5,37.8,9/26/2027,412,FALSE,FALSE,0.35,FALSE,proxy_synthetic
CL-0072,VAC_OPV,62,8,54.2,1/1/2027,144,FALSE,TRUE,0.32,FALSE,proxy_synthetic
CL-0072,VAC_PENTA,39,5,54.6,12/13/2027,490,FALSE,FALSE,0.23,TRUE,proxy_synthetic
CL-0072,VAC_TT,13,4,22.8,8/23/2027,378,FALSE,FALSE,0.27,FALSE,proxy_synthetic
CL-0072,MED_ANTIVENOM,3,1,21.0,2/26/2028,565,FALSE,FALSE,0.34,FALSE,proxy_synthetic
CL-0072,MED_SNAKE_ANTIVENOM,10,2,35.0,12/24/2026,136,FALSE,TRUE,0.36,FALSE,proxy_synthetic
CL-0072,MED_SNAKE_WOUND,10,3,23.3,3/29/2028,597,FALSE,FALSE,0.25,FALSE,proxy_synthetic
CL-0072,MED_OXYTOCIN,11,3,25.7,6/16/2027,310,FALSE,FALSE,0.21,TRUE,proxy_synthetic
CL-0072,MED_METFORMIN,35,8,30.6,8/6/2027,361,FALSE,FALSE,0.2,FALSE,proxy_synthetic
CL-0072,MED_GLUCOSE,22,3,51.3,5/22/2028,651,FALSE,FALSE,0.34,FALSE,proxy_synthetic
CL-0072,MED_VIT_A,34,6,39.7,8/27/2027,382,FALSE,FALSE,0.3,FALSE,proxy_synthetic
CL-0072,MED_MUAC_KIT,5,2,17.5,11/27/2026,109,FALSE,TRUE,0.39,TRUE,proxy_synthetic
CL-0072,MED_ZINC_MAL,66,11,42.0,11/30/2026,112,FALSE,TRUE,0.41,TRUE,proxy_synthetic
CL-0073,MED_ACT,71,9,55.2,12/20/2027,497,FALSE,FALSE,0.3,FALSE,proxy_synthetic
CL-0073,MED_RDT_MAL,148,19,54.5,11/17/2027,464,FALSE,FALSE,0.33,TRUE,proxy_synthetic
CL-0073,MED_DENGUE_SUP,83,9,64.6,11/1/2027,448,FALSE,FALSE,0.26,FALSE,proxy_synthetic
CL-0073,MED_RDT_DEN,68,9,52.9,3/31/2027,233,FALSE,FALSE,0.3,FALSE,proxy_synthetic
CL-0073,MED_ORS,250,31,56.5,3/20/2027,222,FALSE,FALSE,0.29,TRUE,proxy_synthetic
CL-0073,MED_CHOLERA_KIT,2,9,1.6,7/16/2027,340,TRUE,FALSE,0.86,FALSE,proxy_synthetic
CL-0073,VAC_OCV,124,16,54.2,9/1/2027,387,FALSE,FALSE,0.33,FALSE,proxy_synthetic
CL-0073,VAC_MEASLES,24,6,28.0,10/13/2026,64,FALSE,TRUE,0.54,FALSE,proxy_synthetic
CL-0073,VAC_OPV,68,11,43.3,4/21/2027,254,FALSE,FALSE,0.25,TRUE,proxy_synthetic
CL-0073,VAC_PENTA,33,6,38.5,6/18/2028,678,FALSE,FALSE,0.23,FALSE,proxy_synthetic
CL-0073,VAC_TT,28,5,39.2,9/18/2027,404,FALSE,FALSE,0.27,FALSE,proxy_synthetic
CL-0073,MED_ANTIVENOM,11,2,38.5,6/23/2027,317,FALSE,FALSE,0.26,FALSE,proxy_synthetic
CL-0073,MED_SNAKE_ANTIVENOM,17,2,59.5,5/10/2027,273,FALSE,FALSE,0.31,TRUE,proxy_synthetic
CL-0073,MED_SNAKE_WOUND,30,4,52.5,6/15/2027,309,FALSE,FALSE,0.35,FALSE,proxy_synthetic
CL-0073,MED_OXYTOCIN,10,3,23.3,3/12/2027,214,FALSE,FALSE,0.32,FALSE,proxy_synthetic
CL-0073,MED_METFORMIN,116,13,62.5,10/19/2027,435,FALSE,FALSE,0.33,FALSE,proxy_synthetic
CL-0073,MED_GLUCOSE,3,6,3.5,11/7/2027,454,TRUE,FALSE,0.73,FALSE,proxy_synthetic
CL-0073,MED_VIT_A,30,7,30.0,5/14/2027,277,FALSE,FALSE,0.22,FALSE,proxy_synthetic
CL-0073,MED_MUAC_KIT,2,3,4.7,2/13/2028,552,TRUE,FALSE,0.62,FALSE,proxy_synthetic
CL-0073,MED_ZINC_MAL,56,15,26.1,7/19/2028,709,FALSE,FALSE,0.31,FALSE,proxy_synthetic
CL-0074,MED_ACT,79,24,23.0,11/12/2027,459,FALSE,FALSE,0.25,FALSE,proxy_synthetic
CL-0074,MED_RDT_MAL,331,70,33.1,6/22/2027,316,FALSE,FALSE,0.33,TRUE,proxy_synthetic
CL-0074,MED_DENGUE_SUP,81,28,20.2,9/9/2027,395,FALSE,FALSE,0.28,TRUE,proxy_synthetic
CL-0074,MED_RDT_DEN,70,22,22.3,4/12/2027,245,FALSE,FALSE,0.27,FALSE,proxy_synthetic
CL-0074,MED_ORS,399,115,24.3,1/31/2028,539,FALSE,FALSE,0.25,FALSE,proxy_synthetic
CL-0074,MED_CHOLERA_KIT,16,29,3.9,1/9/2028,517,TRUE,FALSE,0.68,FALSE,proxy_synthetic
CL-0074,VAC_OCV,15,62,1.7,1/29/2027,172,TRUE,TRUE,0.88,FALSE,proxy_synthetic
CL-0074,VAC_MEASLES,7,28,1.8,12/26/2026,138,TRUE,TRUE,0.94,FALSE,proxy_synthetic
CL-0074,VAC_OPV,230,30,53.7,11/28/2026,110,FALSE,TRUE,0.45,FALSE,proxy_synthetic
CL-0074,VAC_PENTA,67,24,19.5,9/17/2027,403,FALSE,FALSE,0.21,TRUE,proxy_synthetic
CL-0074,VAC_TT,45,16,19.7,5/31/2027,294,FALSE,FALSE,0.25,FALSE,proxy_synthetic
CL-0074,MED_ANTIVENOM,34,5,47.6,12/31/2027,508,FALSE,FALSE,0.27,TRUE,proxy_synthetic
CL-0074,MED_SNAKE_ANTIVENOM,30,9,23.3,4/8/2028,607,FALSE,FALSE,0.34,FALSE,proxy_synthetic
CL-0074,MED_SNAKE_WOUND,120,15,56.0,12/17/2027,494,FALSE,FALSE,0.3,FALSE,proxy_synthetic
CL-0074,MED_OXYTOCIN,33,11,21.0,1/23/2028,531,FALSE,FALSE,0.34,TRUE,proxy_synthetic
CL-0074,MED_METFORMIN,100,30,23.3,8/8/2027,363,FALSE,FALSE,0.33,FALSE,proxy_synthetic
CL-0074,MED_GLUCOSE,47,15,21.9,11/24/2027,471,FALSE,FALSE,0.26,FALSE,proxy_synthetic
CL-0074,MED_VIT_A,238,29,57.4,3/17/2027,219,FALSE,FALSE,0.31,FALSE,proxy_synthetic
CL-0074,MED_MUAC_KIT,83,10,58.1,4/24/2028,623,FALSE,FALSE,0.25,TRUE,proxy_synthetic
CL-0074,MED_ZINC_MAL,300,59,35.6,10/29/2026,80,FALSE,TRUE,0.47,FALSE,proxy_synthetic
CL-0074,VAC_HEPB,116,13,62.5,5/10/2028,639,FALSE,FALSE,0.24,FALSE,proxy_synthetic
CL-0074,VAC_BCG,164,19,60.4,5/27/2028,656,FALSE,FALSE,0.27,TRUE,proxy_synthetic
CL-0074,VAC_MR,5,19,1.8,8/11/2027,366,TRUE,FALSE,0.82,FALSE,proxy_synthetic
CL-0074,MED_TETANUS,24,8,21.0,5/19/2027,282,FALSE,FALSE,0.32,FALSE,proxy_synthetic
CL-0074,MED_DIABETES_INSULIN,55,13,29.6,1/25/2028,533,FALSE,FALSE,0.26,TRUE,proxy_synthetic
CL-0074,MED_GLIBENCLAMIDE,22,27,5.7,6/11/2028,671,TRUE,FALSE,0.57,FALSE,proxy_synthetic
CL-0074,MED_GLUCAGON,14,2,49.0,3/14/2027,216,FALSE,FALSE,0.22,FALSE,proxy_synthetic
CL-0074,MED_RUTF,92,16,40.2,8/5/2027,360,FALSE,FALSE,0.22,FALSE,proxy_synthetic
CL-0074,MED_F75,5,6,5.8,8/26/2027,381,TRUE,FALSE,0.56,FALSE,proxy_synthetic
CL-0074,MED_F100,60,7,60.0,12/4/2026,116,FALSE,TRUE,0.35,FALSE,proxy_synthetic
CL-0074,MED_THERAPEUTIC_FEED,29,7,29.0,2/4/2027,178,FALSE,TRUE,0.21,FALSE,proxy_synthetic
CL-0075,MED_ACT,42,5,58.8,4/29/2028,628,FALSE,FALSE,0.34,FALSE,proxy_synthetic
CL-0075,MED_RDT_MAL,45,10,31.5,6/4/2027,298,FALSE,FALSE,0.24,FALSE,proxy_synthetic
CL-0075,MED_DENGUE_SUP,28,3,65.3,10/21/2026,72,FALSE,TRUE,0.51,FALSE,proxy_synthetic
CL-0075,MED_RDT_DEN,16,5,22.4,10/13/2027,429,FALSE,FALSE,0.28,FALSE,proxy_synthetic
CL-0075,MED_ORS,123,14,61.5,1/13/2028,521,FALSE,FALSE,0.29,FALSE,proxy_synthetic
CL-0075,MED_CHOLERA_KIT,17,5,23.8,9/4/2027,390,FALSE,FALSE,0.3,FALSE,proxy_synthetic
CL-0075,VAC_OCV,61,8,53.4,4/5/2028,604,FALSE,FALSE,0.33,FALSE,proxy_synthetic
CL-0075,VAC_MEASLES,32,4,56.0,3/31/2028,599,FALSE,FALSE,0.3,TRUE,proxy_synthetic
CL-0075,VAC_OPV,4,5,5.6,1/26/2027,169,TRUE,TRUE,0.65,TRUE,proxy_synthetic
CL-0075,VAC_PENTA,36,4,63.0,10/17/2027,433,FALSE,FALSE,0.21,FALSE,proxy_synthetic
CL-0075,VAC_TT,32,4,56.0,4/9/2028,608,FALSE,FALSE,0.28,FALSE,proxy_synthetic
CL-0075,MED_ANTIVENOM,8,1,56.0,5/24/2028,653,FALSE,FALSE,0.25,FALSE,proxy_synthetic
CL-0075,MED_SNAKE_ANTIVENOM,4,1,28.0,4/30/2027,263,FALSE,FALSE,0.31,FALSE,proxy_synthetic
CL-0075,MED_SNAKE_WOUND,8,2,28.0,7/23/2027,347,FALSE,FALSE,0.31,FALSE,proxy_synthetic
CL-0075,MED_OXYTOCIN,15,2,52.5,8/17/2027,372,FALSE,FALSE,0.22,FALSE,proxy_synthetic
CL-0075,MED_METFORMIN,44,7,44.0,12/11/2027,488,FALSE,FALSE,0.26,FALSE,proxy_synthetic
CL-0075,MED_GLUCOSE,1,2,3.5,10/3/2027,419,TRUE,FALSE,0.68,TRUE,proxy_synthetic
CL-0075,MED_VIT_A,21,4,36.8,5/1/2027,264,FALSE,FALSE,0.34,FALSE,proxy_synthetic
CL-0075,MED_MUAC_KIT,13,2,45.5,2/4/2027,178,FALSE,TRUE,0.21,FALSE,proxy_synthetic
CL-0075,MED_ZINC_MAL,47,8,41.1,7/28/2028,718,FALSE,FALSE,0.24,TRUE,proxy_synthetic
CL-0076,MED_ACT,16,6,18.7,3/19/2027,221,FALSE,FALSE,0.29,FALSE,proxy_synthetic
CL-0076,MED_RDT_MAL,70,11,44.5,12/2/2027,479,FALSE,FALSE,0.29,FALSE,proxy_synthetic
CL-0076,MED_DENGUE_SUP,46,6,53.7,1/6/2028,514,FALSE,FALSE,0.32,TRUE,proxy_synthetic
CL-0076,MED_RDT_DEN,44,5,61.6,6/27/2027,321,FALSE,FALSE,0.34,TRUE,proxy_synthetic
CL-0076,MED_ORS,97,23,29.5,5/14/2027,277,FALSE,FALSE,0.35,FALSE,proxy_synthetic
CL-0076,MED_CHOLERA_KIT,23,5,32.2,1/4/2028,512,FALSE,FALSE,0.31,FALSE,proxy_synthetic
CL-0076,VAC_OCV,101,11,64.3,12/20/2027,497,FALSE,FALSE,0.21,FALSE,proxy_synthetic
CL-0076,VAC_MEASLES,45,5,63.0,12/15/2026,127,FALSE,TRUE,0.36,FALSE,proxy_synthetic
CL-0076,VAC_OPV,42,5,58.8,12/29/2026,141,FALSE,TRUE,0.35,FALSE,proxy_synthetic
CL-0076,VAC_PENTA,44,6,51.3,2/23/2028,562,FALSE,FALSE,0.34,FALSE,proxy_synthetic
CL-0076,VAC_TT,19,3,44.3,8/26/2027,381,FALSE,FALSE,0.29,FALSE,proxy_synthetic
CL-0076,MED_ANTIVENOM,6,1,42.0,8/18/2027,373,FALSE,FALSE,0.2,FALSE,proxy_synthetic
CL-0076,MED_SNAKE_ANTIVENOM,7,2,24.5,1/19/2028,527,FALSE,FALSE,0.28,FALSE,proxy_synthetic
CL-0076,MED_SNAKE_WOUND,20,3,46.7,6/9/2027,303,FALSE,FALSE,0.23,FALSE,proxy_synthetic
CL-0076,MED_OXYTOCIN,1,2,3.5,12/20/2027,497,TRUE,FALSE,0.73,FALSE,proxy_synthetic
CL-0076,MED_METFORMIN,51,7,51.0,9/2/2027,388,FALSE,FALSE,0.21,FALSE,proxy_synthetic
CL-0076,MED_GLUCOSE,18,3,42.0,10/2/2027,418,FALSE,FALSE,0.23,FALSE,proxy_synthetic
CL-0076,MED_VIT_A,38,5,53.2,3/19/2027,221,FALSE,FALSE,0.29,FALSE,proxy_synthetic
CL-0076,MED_MUAC_KIT,7,2,24.5,12/7/2027,484,FALSE,FALSE,0.2,FALSE,proxy_synthetic
CL-0076,MED_ZINC_MAL,44,7,44.0,7/14/2028,704,FALSE,FALSE,0.23,FALSE,proxy_synthetic
CL-0077,MED_ACT,24,5,33.6,6/6/2028,666,FALSE,FALSE,0.29,FALSE,proxy_synthetic
CL-0077,MED_RDT_MAL,119,14,59.5,4/25/2027,258,FALSE,FALSE,0.32,TRUE,proxy_synthetic
CL-0077,MED_DENGUE_SUP,36,4,63.0,11/13/2027,460,FALSE,FALSE,0.25,FALSE,proxy_synthetic
CL-0077,MED_RDT_DEN,30,5,42.0,8/9/2027,364,FALSE,FALSE,0.29,FALSE,proxy_synthetic
CL-0077,MED_ORS,211,24,61.5,9/25/2027,411,FALSE,FALSE,0.27,TRUE,proxy_synthetic
CL-0077,MED_CHOLERA_KIT,25,5,35.0,4/19/2028,618,FALSE,FALSE,0.23,FALSE,proxy_synthetic
CL-0077,VAC_OCV,88,10,61.6,6/4/2028,664,FALSE,FALSE,0.31,FALSE,proxy_synthetic
CL-0077,VAC_MEASLES,28,4,49.0,11/27/2027,474,FALSE,FALSE,0.29,FALSE,proxy_synthetic
CL-0077,VAC_OPV,24,6,28.0,5/8/2027,271,FALSE,FALSE,0.23,FALSE,proxy_synthetic
CL-0077,VAC_PENTA,16,5,22.4,10/22/2026,73,FALSE,TRUE,0.48,FALSE,proxy_synthetic
CL-0077,VAC_TT,39,5,54.6,12/6/2027,483,FALSE,FALSE,0.21,FALSE,proxy_synthetic
CL-0077,MED_ANTIVENOM,9,1,63.0,2/2/2028,541,FALSE,FALSE,0.31,FALSE,proxy_synthetic
CL-0077,MED_SNAKE_ANTIVENOM,4,1,28.0,4/5/2027,238,FALSE,FALSE,0.32,FALSE,proxy_synthetic
CL-0077,MED_SNAKE_WOUND,11,3,25.7,3/3/2028,571,FALSE,FALSE,0.34,TRUE,proxy_synthetic
CL-0077,MED_OXYTOCIN,22,3,51.3,11/3/2026,85,FALSE,TRUE,0.46,TRUE,proxy_synthetic
CL-0077,MED_METFORMIN,6,8,5.2,2/27/2028,566,TRUE,FALSE,0.59,TRUE,proxy_synthetic
CL-0077,MED_GLUCOSE,37,4,64.8,5/8/2028,637,FALSE,FALSE,0.26,FALSE,proxy_synthetic
CL-0077,MED_VIT_A,17,4,29.8,6/6/2028,666,FALSE,FALSE,0.26,FALSE,proxy_synthetic
CL-0077,MED_MUAC_KIT,8,2,28.0,3/23/2028,591,FALSE,FALSE,0.24,FALSE,proxy_synthetic
CL-0077,MED_ZINC_MAL,40,9,31.1,5/3/2028,632,FALSE,FALSE,0.27,FALSE,proxy_synthetic
CL-0078,MED_ACT,65,9,50.6,2/2/2028,541,FALSE,FALSE,0.23,FALSE,proxy_synthetic
CL-0078,MED_RDT_MAL,76,13,40.9,6/20/2027,314,FALSE,FALSE,0.34,TRUE,proxy_synthetic
CL-0078,MED_DENGUE_SUP,37,7,37.0,6/4/2027,298,FALSE,FALSE,0.29,TRUE,proxy_synthetic
CL-0078,MED_RDT_DEN,60,7,60.0,8/27/2027,382,FALSE,FALSE,0.27,TRUE,proxy_synthetic
CL-0078,MED_ORS,112,34,23.1,5/11/2028,640,FALSE,FALSE,0.23,FALSE,proxy_synthetic
CL-0078,MED_CHOLERA_KIT,54,8,47.2,5/19/2027,282,FALSE,FALSE,0.29,TRUE,proxy_synthetic
CL-0078,VAC_OCV,69,18,26.8,8/14/2027,369,FALSE,FALSE,0.29,FALSE,proxy_synthetic
CL-0078,VAC_MEASLES,53,6,61.8,6/17/2027,311,FALSE,FALSE,0.3,FALSE,proxy_synthetic
CL-0078,VAC_OPV,21,7,21.0,11/1/2026,83,FALSE,TRUE,0.48,FALSE,proxy_synthetic
CL-0078,VAC_PENTA,18,6,21.0,11/27/2027,474,FALSE,FALSE,0.28,TRUE,proxy_synthetic
CL-0078,VAC_TT,4,7,4.0,12/9/2027,486,TRUE,FALSE,0.67,FALSE,proxy_synthetic
CL-0078,MED_ANTIVENOM,3,1,21.0,9/21/2027,407,FALSE,FALSE,0.28,FALSE,proxy_synthetic
CL-0078,MED_SNAKE_ANTIVENOM,1,3,2.3,12/24/2027,501,TRUE,FALSE,0.79,TRUE,proxy_synthetic
CL-0078,MED_SNAKE_WOUND,35,4,61.2,8/1/2027,356,FALSE,FALSE,0.29,FALSE,proxy_synthetic
CL-0078,MED_OXYTOCIN,27,4,47.2,7/14/2028,704,FALSE,FALSE,0.27,FALSE,proxy_synthetic
CL-0078,MED_METFORMIN,40,8,35.0,1/31/2028,539,FALSE,FALSE,0.23,FALSE,proxy_synthetic
CL-0078,MED_GLUCOSE,25,5,35.0,1/13/2027,156,FALSE,TRUE,0.29,FALSE,proxy_synthetic
CL-0078,MED_VIT_A,37,7,37.0,9/7/2027,393,FALSE,FALSE,0.34,FALSE,proxy_synthetic
CL-0078,MED_MUAC_KIT,17,3,39.7,9/12/2027,398,FALSE,FALSE,0.25,FALSE,proxy_synthetic
CL-0078,MED_ZINC_MAL,60,15,28.0,6/17/2027,311,FALSE,FALSE,0.33,FALSE,proxy_synthetic
CL-0079,MED_ACT,50,8,43.8,9/28/2027,414,FALSE,FALSE,0.3,TRUE,proxy_synthetic
CL-0079,MED_RDT_MAL,7,12,4.1,11/28/2027,475,TRUE,FALSE,0.68,FALSE,proxy_synthetic
CL-0079,MED_DENGUE_SUP,1,6,1.2,4/26/2027,259,TRUE,FALSE,0.87,TRUE,proxy_synthetic
CL-0079,MED_RDT_DEN,36,7,36.0,6/1/2027,295,FALSE,FALSE,0.31,FALSE,proxy_synthetic
CL-0079,MED_ORS,164,21,54.7,10/7/2027,423,FALSE,FALSE,0.27,FALSE,proxy_synthetic
CL-0079,MED_CHOLERA_KIT,23,5,32.2,1/8/2028,516,FALSE,FALSE,0.31,FALSE,proxy_synthetic
CL-0079,VAC_OCV,47,15,21.9,1/19/2027,162,FALSE,TRUE,0.27,TRUE,proxy_synthetic
CL-0079,VAC_MEASLES,60,7,60.0,5/23/2027,286,FALSE,FALSE,0.23,FALSE,proxy_synthetic
CL-0079,VAC_OPV,45,7,45.0,5/11/2027,274,FALSE,FALSE,0.31,FALSE,proxy_synthetic
CL-0079,VAC_PENTA,43,5,60.2,11/27/2026,109,FALSE,TRUE,0.38,TRUE,proxy_synthetic
CL-0079,VAC_TT,46,5,64.4,6/17/2028,677,FALSE,FALSE,0.35,FALSE,proxy_synthetic
CL-0079,MED_ANTIVENOM,8,1,56.0,11/23/2026,105,FALSE,TRUE,0.41,FALSE,proxy_synthetic
CL-0079,MED_SNAKE_ANTIVENOM,1,2,3.5,7/1/2028,691,TRUE,FALSE,0.7,FALSE,proxy_synthetic
CL-0079,MED_SNAKE_WOUND,26,4,45.5,7/30/2028,720,FALSE,FALSE,0.33,TRUE,proxy_synthetic
CL-0079,MED_OXYTOCIN,10,2,35.0,2/4/2027,178,FALSE,TRUE,0.21,FALSE,proxy_synthetic
CL-0079,MED_METFORMIN,47,10,32.9,7/10/2028,700,FALSE,FALSE,0.21,FALSE,proxy_synthetic
CL-0079,MED_GLUCOSE,4,5,5.6,6/4/2027,298,TRUE,FALSE,0.56,FALSE,proxy_synthetic
CL-0079,MED_VIT_A,35,6,40.8,4/4/2027,237,FALSE,FALSE,0.24,FALSE,proxy_synthetic
CL-0079,MED_MUAC_KIT,6,2,21.0,4/4/2028,603,FALSE,FALSE,0.27,TRUE,proxy_synthetic
CL-0079,MED_ZINC_MAL,119,13,64.1,3/22/2028,590,FALSE,FALSE,0.2,FALSE,proxy_synthetic
CL-0080,MED_ACT,45,16,19.7,2/19/2028,558,FALSE,FALSE,0.25,FALSE,proxy_synthetic
CL-0080,MED_RDT_MAL,164,31,37.0,1/1/2028,509,FALSE,FALSE,0.31,FALSE,proxy_synthetic
CL-0080,MED_DENGUE_SUP,87,10,60.9,4/4/2027,237,FALSE,FALSE,0.3,FALSE,proxy_synthetic
CL-0080,MED_RDT_DEN,9,13,4.8,4/11/2027,244,TRUE,FALSE,0.6,TRUE,proxy_synthetic
CL-0080,MED_ORS,28,41,4.8,5/27/2028,656,TRUE,FALSE,0.62,FALSE,proxy_synthetic
CL-0080,MED_CHOLERA_KIT,47,13,25.3,5/16/2028,645,FALSE,FALSE,0.27,FALSE,proxy_synthetic
CL-0080,VAC_OCV,4,27,1.0,6/16/2027,310,TRUE,FALSE,0.9,FALSE,proxy_synthetic
CL-0080,VAC_MEASLES,6,8,5.2,1/11/2027,154,TRUE,TRUE,0.64,FALSE,proxy_synthetic
CL-0080,VAC_OPV,51,13,27.5,5/29/2027,292,FALSE,FALSE,0.23,FALSE,proxy_synthetic
CL-0080,VAC_PENTA,33,11,21.0,10/10/2026,61,FALSE,TRUE,0.54,TRUE,proxy_synthetic
CL-0080,VAC_TT,65,9,50.6,4/17/2027,250,FALSE,FALSE,0.23,FALSE,proxy_synthetic
CL-0080,MED_ANTIVENOM,21,3,49.0,1/13/2028,521,FALSE,FALSE,0.28,FALSE,proxy_synthetic
CL-0080,MED_SNAKE_ANTIVENOM,30,4,52.5,2/9/2028,548,FALSE,FALSE,0.35,TRUE,proxy_synthetic
CL-0080,MED_SNAKE_WOUND,1,6,1.2,3/21/2028,589,TRUE,FALSE,0.9,FALSE,proxy_synthetic
CL-0080,MED_OXYTOCIN,4,6,4.7,3/14/2027,216,TRUE,FALSE,0.62,FALSE,proxy_synthetic
CL-0080,MED_METFORMIN,136,19,50.1,4/11/2027,244,FALSE,FALSE,0.24,FALSE,proxy_synthetic
CL-0080,MED_GLUCOSE,41,7,41.0,4/5/2028,604,FALSE,FALSE,0.25,FALSE,proxy_synthetic
CL-0080,MED_VIT_A,26,9,20.2,11/3/2027,450,FALSE,FALSE,0.27,FALSE,proxy_synthetic
CL-0080,MED_MUAC_KIT,28,5,39.2,10/28/2027,444,FALSE,FALSE,0.22,FALSE,proxy_synthetic
CL-0080,MED_ZINC_MAL,4,21,1.3,7/31/2028,721,TRUE,FALSE,0.87,FALSE,proxy_synthetic
CL-0080,VAC_HEPB,3,5,4.2,6/3/2027,297,TRUE,FALSE,0.65,TRUE,proxy_synthetic
CL-0080,VAC_BCG,34,7,34.0,11/25/2026,107,FALSE,TRUE,0.4,FALSE,proxy_synthetic
CL-0080,VAC_MR,37,9,28.8,3/4/2028,572,FALSE,FALSE,0.26,FALSE,proxy_synthetic
CL-0080,MED_TETANUS,9,3,21.0,4/11/2027,244,FALSE,FALSE,0.25,FALSE,proxy_synthetic
CL-0080,MED_DIABETES_INSULIN,45,5,63.0,10/2/2027,418,FALSE,FALSE,0.2,FALSE,proxy_synthetic
CL-0080,MED_GLIBENCLAMIDE,64,9,49.8,5/10/2027,273,FALSE,FALSE,0.22,FALSE,proxy_synthetic
CL-0080,MED_GLUCAGON,8,1,56.0,7/5/2028,695,FALSE,FALSE,0.21,FALSE,proxy_synthetic
CL-0080,MED_RUTF,38,8,33.2,5/17/2028,646,FALSE,FALSE,0.25,FALSE,proxy_synthetic
CL-0080,MED_F75,19,3,44.3,8/21/2027,376,FALSE,FALSE,0.23,TRUE,proxy_synthetic
CL-0080,MED_F100,18,2,63.0,12/29/2027,506,FALSE,FALSE,0.24,FALSE,proxy_synthetic
CL-0080,MED_THERAPEUTIC_FEED,8,3,18.7,4/25/2027,258,FALSE,FALSE,0.31,FALSE,proxy_synthetic
CL-0081,MED_ACT,40,6,46.7,6/29/2028,689,FALSE,FALSE,0.24,FALSE,proxy_synthetic
CL-0081,MED_RDT_MAL,84,19,30.9,12/2/2027,479,FALSE,FALSE,0.21,TRUE,proxy_synthetic
CL-0081,MED_DENGUE_SUP,57,7,57.0,4/23/2027,256,FALSE,FALSE,0.24,FALSE,proxy_synthetic
CL-0081,MED_RDT_DEN,62,10,43.4,9/24/2027,410,FALSE,FALSE,0.34,FALSE,proxy_synthetic
CL-0081,MED_ORS,165,22,52.5,4/24/2028,623,FALSE,FALSE,0.24,FALSE,proxy_synthetic
CL-0081,MED_CHOLERA_KIT,19,7,19.0,5/19/2027,282,FALSE,FALSE,0.2,FALSE,proxy_synthetic
CL-0081,VAC_OCV,7,17,2.9,5/21/2027,284,TRUE,FALSE,0.74,FALSE,proxy_synthetic
CL-0081,VAC_MEASLES,2,7,2.0,2/24/2028,563,TRUE,FALSE,0.81,FALSE,proxy_synthetic
CL-0081,VAC_OPV,63,7,63.0,1/20/2027,163,FALSE,TRUE,0.24,FALSE,proxy_synthetic
CL-0081,VAC_PENTA,48,7,48.0,9/22/2027,408,FALSE,FALSE,0.25,FALSE,proxy_synthetic
CL-0081,VAC_TT,25,4,43.8,6/6/2028,666,FALSE,FALSE,0.21,FALSE,proxy_synthetic
CL-0081,MED_ANTIVENOM,1,2,3.5,12/10/2026,122,TRUE,TRUE,0.81,FALSE,proxy_synthetic
CL-0081,MED_SNAKE_ANTIVENOM,15,2,52.5,12/15/2027,492,FALSE,FALSE,0.28,FALSE,proxy_synthetic
CL-0081,MED_SNAKE_WOUND,24,3,56.0,10/26/2027,442,FALSE,FALSE,0.22,FALSE,proxy_synthetic
CL-0081,MED_OXYTOCIN,21,3,49.0,4/4/2027,237,FALSE,FALSE,0.33,TRUE,proxy_synthetic
CL-0081,MED_METFORMIN,33,8,28.9,5/31/2028,660,FALSE,FALSE,0.28,FALSE,proxy_synthetic
CL-0081,MED_GLUCOSE,14,5,19.6,11/17/2027,464,FALSE,FALSE,0.3,FALSE,proxy_synthetic
CL-0081,MED_VIT_A,4,7,4.0,1/3/2028,511,TRUE,FALSE,0.67,TRUE,proxy_synthetic
CL-0081,MED_MUAC_KIT,15,3,35.0,6/1/2027,295,FALSE,FALSE,0.23,FALSE,proxy_synthetic
CL-0081,MED_ZINC_MAL,71,16,31.1,11/27/2027,474,FALSE,FALSE,0.22,TRUE,proxy_synthetic
CL-0082,MED_ACT,33,7,33.0,5/7/2027,270,FALSE,FALSE,0.24,TRUE,proxy_synthetic
CL-0082,MED_RDT_MAL,78,13,42.0,5/6/2027,269,FALSE,FALSE,0.21,FALSE,proxy_synthetic
CL-0082,MED_DENGUE_SUP,23,6,26.8,10/25/2027,441,FALSE,FALSE,0.32,FALSE,proxy_synthetic
CL-0082,MED_RDT_DEN,35,7,35.0,12/22/2026,134,FALSE,TRUE,0.3,TRUE,proxy_synthetic
CL-0082,MED_ORS,85,21,28.3,8/28/2027,383,FALSE,FALSE,0.27,FALSE,proxy_synthetic
CL-0082,MED_CHOLERA_KIT,31,6,36.2,6/10/2028,670,FALSE,FALSE,0.27,FALSE,proxy_synthetic
CL-0082,VAC_OCV,115,13,61.9,10/22/2026,73,FALSE,TRUE,0.49,TRUE,proxy_synthetic
CL-0082,VAC_MEASLES,1,4,1.8,3/9/2027,211,TRUE,FALSE,0.81,FALSE,proxy_synthetic
CL-0082,VAC_OPV,35,5,49.0,6/16/2027,310,FALSE,FALSE,0.26,FALSE,proxy_synthetic
CL-0082,VAC_PENTA,14,5,19.6,10/26/2026,77,FALSE,TRUE,0.51,FALSE,proxy_synthetic
CL-0082,VAC_TT,44,5,61.6,12/24/2026,136,FALSE,TRUE,0.36,FALSE,proxy_synthetic
CL-0082,MED_ANTIVENOM,3,1,21.0,10/29/2027,445,FALSE,FALSE,0.33,FALSE,proxy_synthetic
CL-0082,MED_SNAKE_ANTIVENOM,1,2,3.5,12/30/2026,142,TRUE,TRUE,0.78,TRUE,proxy_synthetic
CL-0082,MED_SNAKE_WOUND,11,3,25.7,1/23/2027,166,FALSE,TRUE,0.27,FALSE,proxy_synthetic
CL-0082,MED_OXYTOCIN,22,3,51.3,6/18/2027,312,FALSE,FALSE,0.24,FALSE,proxy_synthetic
CL-0082,MED_METFORMIN,65,9,50.6,8/3/2028,724,FALSE,FALSE,0.21,FALSE,proxy_synthetic
CL-0082,MED_GLUCOSE,29,4,50.8,3/12/2028,580,FALSE,FALSE,0.31,FALSE,proxy_synthetic
CL-0082,MED_VIT_A,32,4,56.0,9/17/2027,403,FALSE,FALSE,0.34,FALSE,proxy_synthetic
CL-0082,MED_MUAC_KIT,14,2,49.0,1/2/2028,510,FALSE,FALSE,0.26,FALSE,proxy_synthetic
CL-0082,MED_ZINC_MAL,85,12,49.6,2/20/2028,559,FALSE,FALSE,0.26,FALSE,proxy_synthetic
CL-0083,MED_ACT,70,20,24.5,1/25/2028,533,FALSE,FALSE,0.27,FALSE,proxy_synthetic
CL-0083,MED_RDT_MAL,268,55,34.1,1/14/2028,522,FALSE,FALSE,0.22,FALSE,proxy_synthetic
CL-0083,MED_DENGUE_SUP,174,21,58.0,1/4/2028,512,FALSE,FALSE,0.32,FALSE,proxy_synthetic
CL-0083,MED_RDT_DEN,204,24,59.5,8/24/2027,379,FALSE,FALSE,0.28,FALSE,proxy_synthetic
CL-0083,MED_ORS,658,74,62.2,2/24/2028,563,FALSE,FALSE,0.32,FALSE,proxy_synthetic
CL-0083,MED_CHOLERA_KIT,96,19,35.4,11/25/2027,472,FALSE,FALSE,0.32,TRUE,proxy_synthetic
CL-0083,VAC_OCV,320,42,53.3,12/24/2026,136,FALSE,TRUE,0.29,FALSE,proxy_synthetic
CL-0083,VAC_MEASLES,11,17,4.5,5/1/2027,264,TRUE,FALSE,0.65,TRUE,proxy_synthetic
CL-0083,VAC_OPV,84,20,29.4,6/27/2027,321,FALSE,FALSE,0.28,TRUE,proxy_synthetic
CL-0083,VAC_PENTA,2,23,0.6,10/31/2026,82,TRUE,TRUE,1.0,FALSE,proxy_synthetic
CL-0083,VAC_TT,84,16,36.8,8/10/2027,365,FALSE,FALSE,0.26,TRUE,proxy_synthetic
CL-0083,MED_ANTIVENOM,29,5,40.6,3/30/2027,232,FALSE,FALSE,0.27,TRUE,proxy_synthetic
CL-0083,MED_SNAKE_ANTIVENOM,4,6,4.7,9/23/2027,409,TRUE,FALSE,0.61,FALSE,proxy_synthetic
CL-0083,MED_SNAKE_WOUND,109,12,63.6,3/23/2027,225,FALSE,FALSE,0.21,FALSE,proxy_synthetic
CL-0083,MED_OXYTOCIN,75,12,43.8,1/3/2027,146,FALSE,TRUE,0.3,FALSE,proxy_synthetic
CL-0083,MED_METFORMIN,274,36,53.3,7/28/2028,718,FALSE,FALSE,0.21,FALSE,proxy_synthetic
CL-0083,MED_GLUCOSE,60,15,28.0,3/14/2027,216,FALSE,FALSE,0.22,FALSE,proxy_synthetic
CL-0083,MED_VIT_A,128,23,39.0,11/3/2027,450,FALSE,FALSE,0.3,FALSE,proxy_synthetic
CL-0083,MED_MUAC_KIT,29,10,20.3,3/3/2028,571,FALSE,FALSE,0.27,FALSE,proxy_synthetic
CL-0083,MED_ZINC_MAL,167,37,31.6,5/4/2027,267,FALSE,FALSE,0.22,FALSE,proxy_synthetic
CL-0083,VAC_HEPB,23,9,17.9,4/14/2028,613,FALSE,FALSE,0.34,FALSE,proxy_synthetic
CL-0083,VAC_BCG,49,10,34.3,5/3/2028,632,FALSE,FALSE,0.23,FALSE,proxy_synthetic
CL-0083,VAC_MR,49,15,22.9,1/5/2027,148,FALSE,TRUE,0.32,FALSE,proxy_synthetic
CL-0083,MED_TETANUS,16,6,18.7,2/18/2028,557,FALSE,FALSE,0.3,TRUE,proxy_synthetic
CL-0083,MED_DIABETES_INSULIN,63,10,44.1,4/10/2027,243,FALSE,FALSE,0.24,FALSE,proxy_synthetic
CL-0083,MED_GLIBENCLAMIDE,166,19,61.2,6/2/2028,662,FALSE,FALSE,0.22,TRUE,proxy_synthetic
CL-0083,MED_GLUCAGON,11,2,38.5,9/11/2027,397,FALSE,FALSE,0.24,TRUE,proxy_synthetic
CL-0083,MED_RUTF,102,19,37.6,7/2/2027,326,FALSE,FALSE,0.22,TRUE,proxy_synthetic
CL-0083,MED_F75,1,6,1.2,5/4/2027,267,TRUE,FALSE,0.88,FALSE,proxy_synthetic
CL-0083,MED_F100,4,5,5.6,6/10/2028,670,TRUE,FALSE,0.58,TRUE,proxy_synthetic
CL-0083,MED_THERAPEUTIC_FEED,16,5,22.4,1/19/2028,527,FALSE,FALSE,0.28,FALSE,proxy_synthetic
CL-0084,MED_ACT,24,4,42.0,4/11/2027,244,FALSE,FALSE,0.28,FALSE,proxy_synthetic
CL-0084,MED_RDT_MAL,84,11,53.5,7/1/2027,325,FALSE,FALSE,0.23,TRUE,proxy_synthetic
CL-0084,MED_DENGUE_SUP,25,3,58.3,3/17/2027,219,FALSE,FALSE,0.3,FALSE,proxy_synthetic
CL-0084,MED_RDT_DEN,42,5,58.8,4/17/2027,250,FALSE,FALSE,0.29,FALSE,proxy_synthetic
CL-0084,MED_ORS,161,21,53.7,1/12/2028,520,FALSE,FALSE,0.24,FALSE,proxy_synthetic
CL-0084,MED_CHOLERA_KIT,1,4,1.8,1/23/2027,166,TRUE,TRUE,0.89,FALSE,proxy_synthetic
CL-0084,VAC_OCV,79,9,61.4,12/1/2027,478,FALSE,FALSE,0.25,FALSE,proxy_synthetic
CL-0084,VAC_MEASLES,26,5,36.4,2/15/2028,554,FALSE,FALSE,0.3,FALSE,proxy_synthetic
CL-0084,VAC_OPV,32,5,44.8,3/21/2027,223,FALSE,FALSE,0.27,FALSE,proxy_synthetic
CL-0084,VAC_PENTA,17,4,29.8,7/22/2027,346,FALSE,FALSE,0.24,FALSE,proxy_synthetic
CL-0084,VAC_TT,26,3,60.7,9/4/2027,390,FALSE,FALSE,0.25,FALSE,proxy_synthetic
CL-0084,MED_ANTIVENOM,4,1,28.0,2/12/2028,551,FALSE,FALSE,0.32,FALSE,proxy_synthetic
CL-0084,MED_SNAKE_ANTIVENOM,5,1,35.0,9/11/2027,397,FALSE,FALSE,0.28,FALSE,proxy_synthetic
CL-0084,MED_SNAKE_WOUND,11,3,25.7,6/3/2028,663,FALSE,FALSE,0.3,TRUE,proxy_synthetic
CL-0084,MED_OXYTOCIN,8,2,28.0,11/11/2027,458,FALSE,FALSE,0.24,FALSE,proxy_synthetic
CL-0084,MED_METFORMIN,37,6,43.2,1/15/2028,523,FALSE,FALSE,0.24,FALSE,proxy_synthetic
CL-0084,MED_GLUCOSE,8,3,18.7,7/3/2028,693,FALSE,FALSE,0.34,FALSE,proxy_synthetic
CL-0084,MED_VIT_A,22,5,30.8,6/19/2027,313,FALSE,FALSE,0.21,FALSE,proxy_synthetic
CL-0084,MED_MUAC_KIT,12,2,42.0,5/9/2027,272,FALSE,FALSE,0.23,FALSE,proxy_synthetic
CL-0084,MED_ZINC_MAL,7,10,4.9,12/17/2027,494,TRUE,FALSE,0.63,TRUE,proxy_synthetic
CL-0085,MED_ACT,50,7,50.0,5/26/2028,655,FALSE,FALSE,0.28,TRUE,proxy_synthetic
CL-0085,MED_RDT_MAL,53,12,30.9,5/21/2027,284,FALSE,FALSE,0.29,FALSE,proxy_synthetic
CL-0085,MED_DENGUE_SUP,41,5,57.4,8/27/2027,382,FALSE,FALSE,0.25,TRUE,proxy_synthetic
CL-0085,MED_RDT_DEN,28,7,28.0,12/28/2027,505,FALSE,FALSE,0.21,FALSE,proxy_synthetic
CL-0085,MED_ORS,158,27,41.0,1/17/2027,160,FALSE,TRUE,0.27,TRUE,proxy_synthetic
CL-0085,MED_CHOLERA_KIT,16,5,22.4,8/9/2027,364,FALSE,FALSE,0.29,FALSE,proxy_synthetic
CL-0085,VAC_OCV,2,11,1.3,1/2/2027,145,TRUE,TRUE,0.98,FALSE,proxy_synthetic
CL-0085,VAC_MEASLES,22,5,30.8,11/9/2027,456,FALSE,FALSE,0.32,FALSE,proxy_synthetic
CL-0085,VAC_OPV,40,6,46.7,5/29/2027,292,FALSE,FALSE,0.26,FALSE,proxy_synthetic
CL-0085,VAC_PENTA,26,5,36.4,6/20/2027,314,FALSE,FALSE,0.25,FALSE,proxy_synthetic
CL-0085,VAC_TT,16,4,28.0,11/6/2027,453,FALSE,FALSE,0.2,FALSE,proxy_synthetic
CL-0085,MED_ANTIVENOM,6,1,42.0,9/25/2027,411,FALSE,FALSE,0.25,FALSE,proxy_synthetic
CL-0085,MED_SNAKE_ANTIVENOM,17,2,59.5,11/9/2026,91,FALSE,TRUE,0.47,TRUE,proxy_synthetic
CL-0085,MED_SNAKE_WOUND,17,3,39.7,5/22/2028,651,FALSE,FALSE,0.3,FALSE,proxy_synthetic
CL-0085,MED_OXYTOCIN,27,3,63.0,3/22/2028,590,FALSE,FALSE,0.21,FALSE,proxy_synthetic
CL-0085,MED_METFORMIN,17,6,19.8,1/27/2027,170,FALSE,TRUE,0.22,FALSE,proxy_synthetic
CL-0085,MED_GLUCOSE,12,3,28.0,12/2/2027,479,FALSE,FALSE,0.23,TRUE,proxy_synthetic
CL-0085,MED_VIT_A,31,4,54.2,7/6/2028,696,FALSE,FALSE,0.23,FALSE,proxy_synthetic
CL-0085,MED_MUAC_KIT,12,3,28.0,6/17/2027,311,FALSE,FALSE,0.31,TRUE,proxy_synthetic
CL-0085,MED_ZINC_MAL,34,9,26.4,12/3/2026,115,FALSE,TRUE,0.39,FALSE,proxy_synthetic
CL-0086,MED_ACT,44,5,61.6,3/13/2027,215,FALSE,FALSE,0.33,FALSE,proxy_synthetic
CL-0086,MED_RDT_MAL,4,9,3.1,10/25/2026,76,TRUE,TRUE,0.81,FALSE,proxy_synthetic
CL-0086,MED_DENGUE_SUP,18,4,31.5,5/2/2027,265,FALSE,FALSE,0.22,TRUE,proxy_synthetic
CL-0086,MED_RDT_DEN,15,5,21.0,3/9/2027,211,FALSE,FALSE,0.27,FALSE,proxy_synthetic
CL-0086,MED_ORS,106,17,43.6,12/4/2027,481,FALSE,FALSE,0.34,FALSE,proxy_synthetic
CL-0086,MED_CHOLERA_KIT,30,4,52.5,3/18/2028,586,FALSE,FALSE,0.28,FALSE,proxy_synthetic
CL-0086,VAC_OCV,64,8,56.0,1/2/2028,510,FALSE,FALSE,0.26,FALSE,proxy_synthetic
CL-0086,VAC_MEASLES,20,4,35.0,8/12/2027,367,FALSE,FALSE,0.23,TRUE,proxy_synthetic
CL-0086,VAC_OPV,18,5,25.2,6/22/2027,316,FALSE,FALSE,0.31,FALSE,proxy_synthetic
CL-0086,VAC_PENTA,8,3,18.7,10/14/2027,430,FALSE,FALSE,0.27,FALSE,proxy_synthetic
CL-0086,VAC_TT,17,3,39.7,4/4/2027,237,FALSE,FALSE,0.34,FALSE,proxy_synthetic
CL-0086,MED_ANTIVENOM,3,1,21.0,9/24/2027,410,FALSE,FALSE,0.3,FALSE,proxy_synthetic
CL-0086,MED_SNAKE_ANTIVENOM,6,1,42.0,7/2/2028,692,FALSE,FALSE,0.33,FALSE,proxy_synthetic
CL-0086,MED_SNAKE_WOUND,18,2,63.0,8/1/2028,722,FALSE,FALSE,0.22,FALSE,proxy_synthetic
CL-0086,MED_OXYTOCIN,1,2,3.5,3/21/2027,223,TRUE,FALSE,0.68,FALSE,proxy_synthetic
CL-0086,MED_METFORMIN,17,6,19.8,5/11/2027,274,FALSE,FALSE,0.27,FALSE,proxy_synthetic
CL-0086,MED_GLUCOSE,2,3,4.7,12/26/2027,503,TRUE,FALSE,0.64,TRUE,proxy_synthetic
CL-0086,MED_VIT_A,26,5,36.4,10/21/2027,437,FALSE,FALSE,0.31,TRUE,proxy_synthetic
CL-0086,MED_MUAC_KIT,3,1,21.0,9/28/2027,414,FALSE,FALSE,0.21,FALSE,proxy_synthetic
CL-0086,MED_ZINC_MAL,64,10,44.8,5/8/2028,637,FALSE,FALSE,0.22,FALSE,proxy_synthetic
CL-0087,MED_ACT,18,7,18.0,1/19/2027,162,FALSE,TRUE,0.26,TRUE,proxy_synthetic
CL-0087,MED_RDT_MAL,149,17,61.4,4/3/2027,236,FALSE,FALSE,0.27,FALSE,proxy_synthetic
CL-0087,MED_DENGUE_SUP,58,7,58.0,5/27/2027,290,FALSE,FALSE,0.28,FALSE,proxy_synthetic
CL-0087,MED_RDT_DEN,70,10,49.0,10/1/2027,417,FALSE,FALSE,0.33,FALSE,proxy_synthetic
CL-0087,MED_ORS,242,31,54.6,5/2/2028,631,FALSE,FALSE,0.27,FALSE,proxy_synthetic
CL-0087,MED_CHOLERA_KIT,82,9,63.8,4/3/2027,236,FALSE,FALSE,0.29,FALSE,proxy_synthetic
CL-0087,VAC_OCV,82,13,44.2,6/26/2027,320,FALSE,FALSE,0.34,FALSE,proxy_synthetic
CL-0087,VAC_MEASLES,3,6,3.5,3/13/2028,581,TRUE,FALSE,0.74,FALSE,proxy_synthetic
CL-0087,VAC_OPV,2,8,1.8,7/11/2027,335,TRUE,FALSE,0.86,FALSE,proxy_synthetic
CL-0087,VAC_PENTA,25,7,25.0,3/24/2027,226,FALSE,FALSE,0.34,TRUE,proxy_synthetic
CL-0087,VAC_TT,29,5,40.6,1/6/2028,514,FALSE,FALSE,0.26,FALSE,proxy_synthetic
CL-0087,MED_ANTIVENOM,4,1,28.0,11/17/2026,99,FALSE,TRUE,0.44,FALSE,proxy_synthetic
CL-0087,MED_SNAKE_ANTIVENOM,1,2,3.5,12/12/2026,124,TRUE,TRUE,0.82,FALSE,proxy_synthetic
CL-0087,MED_SNAKE_WOUND,10,4,17.5,5/16/2027,279,FALSE,FALSE,0.35,FALSE,proxy_synthetic
CL-0087,MED_OXYTOCIN,20,4,35.0,3/29/2027,231,FALSE,FALSE,0.33,FALSE,proxy_synthetic
CL-0087,MED_METFORMIN,74,8,64.8,5/5/2028,634,FALSE,FALSE,0.23,TRUE,proxy_synthetic
CL-0087,MED_GLUCOSE,13,4,22.8,1/20/2028,528,FALSE,FALSE,0.28,FALSE,proxy_synthetic
CL-0087,MED_VIT_A,3,6,3.5,2/4/2028,543,TRUE,FALSE,0.71,FALSE,proxy_synthetic
CL-0087,MED_MUAC_KIT,2,3,4.7,3/1/2028,569,TRUE,FALSE,0.61,FALSE,proxy_synthetic
CL-0087,MED_ZINC_MAL,59,13,31.8,10/1/2027,417,FALSE,FALSE,0.32,TRUE,proxy_synthetic
CL-0088,MED_ACT,43,9,33.4,5/22/2027,285,FALSE,FALSE,0.22,TRUE,proxy_synthetic
CL-0088,MED_RDT_MAL,2,14,1.0,4/25/2027,258,TRUE,FALSE,0.93,FALSE,proxy_synthetic
CL-0088,MED_DENGUE_SUP,33,6,38.5,12/25/2026,137,FALSE,TRUE,0.34,FALSE,proxy_synthetic
CL-0088,MED_RDT_DEN,62,7,62.0,8/2/2027,357,FALSE,FALSE,0.21,TRUE,proxy_synthetic
CL-0088,MED_ORS,2,20,0.7,7/17/2027,341,TRUE,FALSE,0.93,FALSE,proxy_synthetic
CL-0088,MED_CHOLERA_KIT,28,6,32.7,8/19/2027,374,FALSE,FALSE,0.35,FALSE,proxy_synthetic
CL-0088,VAC_OCV,70,11,44.5,3/12/2027,214,FALSE,FALSE,0.32,FALSE,proxy_synthetic
CL-0088,VAC_MEASLES,46,5,64.4,1/22/2027,165,FALSE,TRUE,0.27,TRUE,proxy_synthetic
CL-0088,VAC_OPV,61,7,61.0,5/3/2027,266,FALSE,FALSE,0.32,FALSE,proxy_synthetic
CL-0088,VAC_PENTA,30,6,35.0,12/5/2026,117,FALSE,TRUE,0.39,TRUE,proxy_synthetic
CL-0088,VAC_TT,30,4,52.5,12/7/2027,484,FALSE,FALSE,0.33,FALSE,proxy_synthetic
CL-0088,MED_ANTIVENOM,5,1,35.0,4/24/2028,623,FALSE,FALSE,0.27,FALSE,proxy_synthetic
CL-0088,MED_SNAKE_ANTIVENOM,15,2,52.5,11/18/2026,100,FALSE,TRUE,0.41,FALSE,proxy_synthetic
CL-0088,MED_SNAKE_WOUND,17,3,39.7,6/30/2028,690,FALSE,FALSE,0.34,FALSE,proxy_synthetic
CL-0088,MED_OXYTOCIN,13,2,45.5,8/5/2027,360,FALSE,FALSE,0.3,TRUE,proxy_synthetic
CL-0088,MED_METFORMIN,30,7,30.0,12/7/2027,484,FALSE,FALSE,0.21,FALSE,proxy_synthetic
CL-0088,MED_GLUCOSE,22,4,38.5,4/26/2028,625,FALSE,FALSE,0.24,FALSE,proxy_synthetic
CL-0088,MED_VIT_A,36,6,42.0,4/22/2028,621,FALSE,FALSE,0.3,FALSE,proxy_synthetic
CL-0088,MED_MUAC_KIT,2,3,4.7,2/13/2028,552,TRUE,FALSE,0.62,TRUE,proxy_synthetic
CL-0088,MED_ZINC_MAL,67,14,33.5,6/20/2027,314,FALSE,FALSE,0.3,TRUE,proxy_synthetic
CL-0089,MED_ACT,22,8,19.2,1/6/2027,149,FALSE,TRUE,0.3,TRUE,proxy_synthetic
CL-0089,MED_RDT_MAL,91,17,37.5,5/12/2027,275,FALSE,FALSE,0.22,TRUE,proxy_synthetic
CL-0089,MED_DENGUE_SUP,43,7,43.0,3/30/2027,232,FALSE,FALSE,0.35,FALSE,proxy_synthetic
CL-0089,MED_RDT_DEN,2,9,1.6,11/9/2027,456,TRUE,FALSE,0.9,TRUE,proxy_synthetic
CL-0089,MED_ORS,16,25,4.5,11/4/2027,451,TRUE,FALSE,0.62,TRUE,proxy_synthetic
CL-0089,MED_CHOLERA_KIT,22,7,22.0,9/1/2027,387,FALSE,FALSE,0.26,TRUE,proxy_synthetic
CL-0089,VAC_OCV,148,17,60.9,7/4/2028,694,FALSE,FALSE,0.31,FALSE,proxy_synthetic
CL-0089,VAC_MEASLES,30,5,42.0,6/13/2027,307,FALSE,FALSE,0.35,FALSE,proxy_synthetic
CL-0089,VAC_OPV,36,7,36.0,3/22/2027,224,FALSE,FALSE,0.28,FALSE,proxy_synthetic
CL-0089,VAC_PENTA,34,5,47.6,3/16/2028,584,FALSE,FALSE,0.21,FALSE,proxy_synthetic
CL-0089,VAC_TT,35,4,61.2,4/9/2028,608,FALSE,FALSE,0.26,FALSE,proxy_synthetic
CL-0089,MED_ANTIVENOM,1,2,3.5,11/20/2026,102,TRUE,TRUE,0.85,FALSE,proxy_synthetic
CL-0089,MED_SNAKE_ANTIVENOM,25,3,58.3,1/17/2027,160,FALSE,TRUE,0.24,TRUE,proxy_synthetic
CL-0089,MED_SNAKE_WOUND,28,3,65.3,8/31/2027,386,FALSE,FALSE,0.29,TRUE,proxy_synthetic
CL-0089,MED_OXYTOCIN,19,4,33.2,8/2/2027,357,FALSE,FALSE,0.33,TRUE,proxy_synthetic
CL-0089,MED_METFORMIN,28,8,24.5,9/20/2027,406,FALSE,FALSE,0.22,FALSE,proxy_synthetic
CL-0089,MED_GLUCOSE,2,4,3.5,11/15/2026,97,TRUE,TRUE,0.82,FALSE,proxy_synthetic
CL-0089,MED_VIT_A,62,7,62.0,5/21/2028,650,FALSE,FALSE,0.25,TRUE,proxy_synthetic
CL-0089,MED_MUAC_KIT,17,2,59.5,6/26/2027,320,FALSE,FALSE,0.32,TRUE,proxy_synthetic
CL-0089,MED_ZINC_MAL,69,11,43.9,5/25/2028,654,FALSE,FALSE,0.32,FALSE,proxy_synthetic
CL-0089,VAC_HEPB,14,3,32.7,8/4/2027,359,FALSE,FALSE,0.33,FALSE,proxy_synthetic
CL-0089,VAC_BCG,16,3,37.3,7/21/2027,345,FALSE,FALSE,0.21,TRUE,proxy_synthetic
CL-0089,VAC_MR,16,5,22.4,10/29/2027,445,FALSE,FALSE,0.25,FALSE,proxy_synthetic
CL-0089,MED_TETANUS,13,2,45.5,4/18/2027,251,FALSE,FALSE,0.23,FALSE,proxy_synthetic
CL-0089,MED_DIABETES_INSULIN,20,3,46.7,11/4/2026,86,FALSE,TRUE,0.47,FALSE,proxy_synthetic
CL-0089,MED_GLIBENCLAMIDE,42,5,58.8,7/31/2028,721,FALSE,FALSE,0.2,FALSE,proxy_synthetic
CL-0089,MED_GLUCAGON,8,1,56.0,12/7/2027,484,FALSE,FALSE,0.21,TRUE,proxy_synthetic
CL-0089,MED_RUTF,37,6,43.2,9/26/2027,412,FALSE,FALSE,0.29,FALSE,proxy_synthetic
CL-0089,MED_F75,8,1,56.0,11/28/2026,110,FALSE,TRUE,0.39,FALSE,proxy_synthetic
CL-0089,MED_F100,4,1,28.0,10/31/2026,82,FALSE,TRUE,0.46,FALSE,proxy_synthetic
CL-0089,MED_THERAPEUTIC_FEED,3,1,21.0,2/4/2027,178,FALSE,TRUE,0.21,FALSE,proxy_synthetic
CL-0090,MED_ACT,54,6,63.0,1/28/2028,536,FALSE,FALSE,0.31,FALSE,proxy_synthetic
CL-0090,MED_RDT_MAL,3,11,1.9,10/24/2027,440,TRUE,FALSE,0.8,FALSE,proxy_synthetic
CL-0090,MED_DENGUE_SUP,37,7,37.0,10/5/2027,421,FALSE,FALSE,0.27,TRUE,proxy_synthetic
CL-0090,MED_RDT_DEN,40,8,35.0,11/29/2027,476,FALSE,FALSE,0.3,FALSE,proxy_synthetic
CL-0090,MED_ORS,124,29,29.9,5/29/2027,292,FALSE,FALSE,0.32,FALSE,proxy_synthetic
CL-0090,MED_CHOLERA_KIT,28,7,28.0,11/12/2026,94,FALSE,TRUE,0.45,FALSE,proxy_synthetic
CL-0090,VAC_OCV,39,13,21.0,8/7/2027,362,FALSE,FALSE,0.23,TRUE,proxy_synthetic
CL-0090,VAC_MEASLES,63,7,63.0,11/3/2027,450,FALSE,FALSE,0.27,TRUE,proxy_synthetic
CL-0090,VAC_OPV,41,8,35.9,5/21/2027,284,FALSE,FALSE,0.3,TRUE,proxy_synthetic
CL-0090,VAC_PENTA,21,5,29.4,1/19/2027,162,FALSE,TRUE,0.27,FALSE,proxy_synthetic
CL-0090,VAC_TT,12,4,21.0,5/3/2027,266,FALSE,FALSE,0.33,TRUE,proxy_synthetic
CL-0090,MED_ANTIVENOM,9,1,63.0,12/30/2027,507,FALSE,FALSE,0.34,FALSE,proxy_synthetic
CL-0090,MED_SNAKE_ANTIVENOM,5,2,17.5,8/24/2027,379,FALSE,FALSE,0.3,FALSE,proxy_synthetic
CL-0090,MED_SNAKE_WOUND,1,3,2.3,11/15/2026,97,TRUE,TRUE,0.91,FALSE,proxy_synthetic
CL-0090,MED_OXYTOCIN,27,3,63.0,9/3/2027,389,FALSE,FALSE,0.26,FALSE,proxy_synthetic
CL-0090,MED_METFORMIN,83,10,58.1,4/3/2028,602,FALSE,FALSE,0.28,FALSE,proxy_synthetic
CL-0090,MED_GLUCOSE,29,4,50.8,1/23/2027,166,FALSE,TRUE,0.25,TRUE,proxy_synthetic
CL-0090,MED_VIT_A,15,5,21.0,7/24/2028,714,FALSE,FALSE,0.27,TRUE,proxy_synthetic
CL-0090,MED_MUAC_KIT,10,3,23.3,6/24/2028,684,FALSE,FALSE,0.26,FALSE,proxy_synthetic
CL-0090,MED_ZINC_MAL,111,13,59.8,1/26/2027,169,FALSE,TRUE,0.28,FALSE,proxy_synthetic
CL-0091,MED_ACT,26,4,45.5,6/19/2028,679,FALSE,FALSE,0.24,FALSE,proxy_synthetic
CL-0091,MED_RDT_MAL,69,9,53.7,12/27/2027,504,FALSE,FALSE,0.27,FALSE,proxy_synthetic
CL-0091,MED_DENGUE_SUP,16,5,22.4,5/18/2027,281,FALSE,FALSE,0.29,TRUE,proxy_synthetic
CL-0091,MED_RDT_DEN,46,6,53.7,4/28/2027,261,FALSE,FALSE,0.31,FALSE,proxy_synthetic
CL-0091,MED_ORS,70,18,27.2,7/7/2027,331,FALSE,FALSE,0.21,TRUE,proxy_synthetic
CL-0091,MED_CHOLERA_KIT,1,5,1.4,12/2/2026,114,TRUE,TRUE,0.97,FALSE,proxy_synthetic
CL-0091,VAC_OCV,69,9,53.7,10/10/2027,426,FALSE,FALSE,0.3,FALSE,proxy_synthetic
CL-0091,VAC_MEASLES,11,3,25.7,10/30/2026,81,FALSE,TRUE,0.5,TRUE,proxy_synthetic
CL-0091,VAC_OPV,2,4,3.5,6/10/2027,304,TRUE,FALSE,0.7,TRUE,proxy_synthetic
CL-0091,VAC_PENTA,43,5,60.2,5/31/2028,660,FALSE,FALSE,0.29,FALSE,proxy_synthetic
CL-0091,VAC_TT,22,4,38.5,1/9/2028,517,FALSE,FALSE,0.3,TRUE,proxy_synthetic
CL-0091,MED_ANTIVENOM,8,1,56.0,8/18/2027,373,FALSE,FALSE,0.29,FALSE,proxy_synthetic
CL-0091,MED_SNAKE_ANTIVENOM,8,2,28.0,4/10/2028,609,FALSE,FALSE,0.27,TRUE,proxy_synthetic
CL-0091,MED_SNAKE_WOUND,7,2,24.5,1/4/2027,147,FALSE,TRUE,0.26,FALSE,proxy_synthetic
CL-0091,MED_OXYTOCIN,15,2,52.5,4/4/2027,237,FALSE,FALSE,0.23,FALSE,proxy_synthetic
CL-0091,MED_METFORMIN,20,7,20.0,12/14/2027,491,FALSE,FALSE,0.21,FALSE,proxy_synthetic
CL-0091,MED_GLUCOSE,6,2,21.0,12/17/2027,494,FALSE,FALSE,0.32,TRUE,proxy_synthetic
CL-0091,MED_VIT_A,14,4,24.5,3/3/2028,571,FALSE,FALSE,0.21,TRUE,proxy_synthetic
CL-0091,MED_MUAC_KIT,14,2,49.0,1/7/2027,150,FALSE,TRUE,0.28,FALSE,proxy_synthetic
CL-0091,MED_ZINC_MAL,44,9,34.2,10/11/2026,62,FALSE,TRUE,0.54,TRUE,proxy_synthetic
CL-0092,MED_ACT,9,27,2.3,4/15/2028,614,TRUE,FALSE,0.81,FALSE,proxy_synthetic
CL-0092,MED_RDT_MAL,332,37,62.8,1/10/2027,153,FALSE,TRUE,0.26,FALSE,proxy_synthetic
CL-0092,MED_DENGUE_SUP,155,21,51.7,6/13/2027,307,FALSE,FALSE,0.3,FALSE,proxy_synthetic
CL-0092,MED_RDT_DEN,104,23,31.7,8/24/2027,379,FALSE,FALSE,0.22,FALSE,proxy_synthetic
CL-0092,MED_ORS,480,79,42.5,5/25/2027,288,FALSE,FALSE,0.32,FALSE,proxy_synthetic
CL-0092,MED_CHOLERA_KIT,8,21,2.7,11/30/2026,112,TRUE,TRUE,0.82,TRUE,proxy_synthetic
CL-0092,VAC_OCV,175,36,34.0,11/21/2027,468,FALSE,FALSE,0.28,FALSE,proxy_synthetic
CL-0092,VAC_MEASLES,68,19,25.1,6/30/2027,324,FALSE,FALSE,0.25,FALSE,proxy_synthetic
CL-0092,VAC_OPV,173,22,55.0,3/14/2027,216,FALSE,FALSE,0.31,FALSE,proxy_synthetic
CL-0092,VAC_PENTA,75,14,37.5,12/12/2027,489,FALSE,FALSE,0.29,FALSE,proxy_synthetic
CL-0092,VAC_TT,82,12,47.8,6/28/2028,688,FALSE,FALSE,0.23,TRUE,proxy_synthetic
CL-0092,MED_ANTIVENOM,1,4,1.8,5/12/2028,641,TRUE,FALSE,0.84,TRUE,proxy_synthetic
CL-0092,MED_SNAKE_ANTIVENOM,18,7,18.0,7/20/2027,344,FALSE,FALSE,0.33,TRUE,proxy_synthetic
CL-0092,MED_SNAKE_WOUND,106,12,61.8,9/20/2027,406,FALSE,FALSE,0.31,FALSE,proxy_synthetic
CL-0092,MED_OXYTOCIN,25,7,25.0,12/31/2026,143,FALSE,TRUE,0.3,TRUE,proxy_synthetic
CL-0092,MED_METFORMIN,217,29,52.4,5/29/2027,292,FALSE,FALSE,0.24,FALSE,proxy_synthetic
CL-0092,MED_GLUCOSE,104,14,52.0,6/27/2027,321,FALSE,FALSE,0.25,FALSE,proxy_synthetic
CL-0092,MED_VIT_A,121,15,56.5,7/27/2028,717,FALSE,FALSE,0.26,FALSE,proxy_synthetic
CL-0092,MED_MUAC_KIT,75,9,58.3,11/26/2026,108,FALSE,TRUE,0.4,TRUE,proxy_synthetic
CL-0092,MED_ZINC_MAL,301,42,50.2,7/15/2028,705,FALSE,FALSE,0.34,TRUE,proxy_synthetic
CL-0092,VAC_HEPB,37,7,37.0,8/1/2027,356,FALSE,FALSE,0.29,FALSE,proxy_synthetic
CL-0092,VAC_BCG,93,12,54.2,9/8/2027,394,FALSE,FALSE,0.28,FALSE,proxy_synthetic
CL-0092,VAC_MR,48,10,33.6,10/27/2027,443,FALSE,FALSE,0.32,TRUE,proxy_synthetic
CL-0092,MED_TETANUS,4,7,4.0,1/18/2027,161,TRUE,TRUE,0.74,FALSE,proxy_synthetic
CL-0092,MED_DIABETES_INSULIN,39,9,30.3,2/25/2028,564,FALSE,FALSE,0.26,TRUE,proxy_synthetic
CL-0092,MED_GLIBENCLAMIDE,2,15,0.9,12/5/2027,482,TRUE,FALSE,0.9,FALSE,proxy_synthetic
CL-0092,MED_GLUCAGON,13,2,45.5,6/15/2027,309,FALSE,FALSE,0.23,FALSE,proxy_synthetic
CL-0092,MED_RUTF,119,14,59.5,3/3/2028,571,FALSE,FALSE,0.34,FALSE,proxy_synthetic
CL-0092,MED_F75,38,5,53.2,9/19/2027,405,FALSE,FALSE,0.27,FALSE,proxy_synthetic
CL-0092,MED_F100,33,4,57.8,3/14/2027,216,FALSE,FALSE,0.23,FALSE,proxy_synthetic
CL-0092,MED_THERAPEUTIC_FEED,1,6,1.2,5/3/2027,266,TRUE,FALSE,0.85,TRUE,proxy_synthetic
CL-0093,MED_ACT,29,7,29.0,10/30/2027,446,FALSE,FALSE,0.31,TRUE,proxy_synthetic
CL-0093,MED_RDT_MAL,41,12,23.9,7/18/2027,342,FALSE,FALSE,0.2,FALSE,proxy_synthetic
CL-0093,MED_DENGUE_SUP,39,5,54.6,3/26/2027,228,FALSE,FALSE,0.25,TRUE,proxy_synthetic
CL-0093,MED_RDT_DEN,47,6,54.8,8/22/2027,377,FALSE,FALSE,0.23,FALSE,proxy_synthetic
CL-0093,MED_ORS,150,23,45.7,10/5/2027,421,FALSE,FALSE,0.23,FALSE,proxy_synthetic
CL-0093,MED_CHOLERA_KIT,42,7,42.0,12/2/2026,114,FALSE,TRUE,0.38,TRUE,proxy_synthetic
CL-0093,VAC_OCV,125,15,58.3,11/23/2027,470,FALSE,FALSE,0.26,FALSE,proxy_synthetic
CL-0093,VAC_MEASLES,47,6,54.8,11/9/2027,456,FALSE,FALSE,0.26,FALSE,proxy_synthetic
CL-0093,VAC_OPV,5,8,4.4,10/25/2026,76,TRUE,TRUE,0.72,TRUE,proxy_synthetic
CL-0093,VAC_PENTA,28,7,28.0,5/23/2028,652,FALSE,FALSE,0.21,FALSE,proxy_synthetic
CL-0093,VAC_TT,17,3,39.7,3/27/2028,595,FALSE,FALSE,0.21,TRUE,proxy_synthetic
CL-0093,MED_ANTIVENOM,5,1,35.0,11/26/2027,473,FALSE,FALSE,0.23,FALSE,proxy_synthetic
CL-0093,MED_SNAKE_ANTIVENOM,11,2,38.5,6/16/2028,676,FALSE,FALSE,0.29,FALSE,proxy_synthetic
CL-0093,MED_SNAKE_WOUND,27,3,63.0,11/14/2026,96,FALSE,TRUE,0.44,FALSE,proxy_synthetic
CL-0093,MED_OXYTOCIN,23,3,53.7,7/5/2027,329,FALSE,FALSE,0.33,FALSE,proxy_synthetic
CL-0093,MED_METFORMIN,48,9,37.3,2/4/2028,543,FALSE,FALSE,0.29,TRUE,proxy_synthetic
CL-0093,MED_GLUCOSE,22,3,51.3,1/15/2027,158,FALSE,TRUE,0.21,FALSE,proxy_synthetic
CL-0093,MED_VIT_A,26,4,45.5,3/11/2028,579,FALSE,FALSE,0.27,TRUE,proxy_synthetic
CL-0093,MED_MUAC_KIT,20,3,46.7,7/7/2028,697,FALSE,FALSE,0.26,FALSE,proxy_synthetic
CL-0093,MED_ZINC_MAL,91,13,49.0,2/3/2028,542,FALSE,FALSE,0.31,FALSE,proxy_synthetic
CL-0094,MED_ACT,58,7,58.0,12/10/2026,122,FALSE,TRUE,0.37,TRUE,proxy_synthetic
CL-0094,MED_RDT_MAL,103,15,48.1,4/24/2027,257,FALSE,FALSE,0.28,FALSE,proxy_synthetic
CL-0094,MED_DENGUE_SUP,38,6,44.3,11/28/2027,475,FALSE,FALSE,0.34,FALSE,proxy_synthetic
CL-0094,MED_RDT_DEN,40,5,56.0,11/5/2027,452,FALSE,FALSE,0.32,FALSE,proxy_synthetic
CL-0094,MED_ORS,65,22,20.7,3/20/2027,222,FALSE,FALSE,0.28,TRUE,proxy_synthetic
CL-0094,MED_CHOLERA_KIT,32,6,37.3,1/23/2028,531,FALSE,FALSE,0.23,TRUE,proxy_synthetic
CL-0094,VAC_OCV,49,12,28.6,8/18/2027,373,FALSE,FALSE,0.3,FALSE,proxy_synthetic
CL-0094,VAC_MEASLES,36,6,42.0,12/14/2027,491,FALSE,FALSE,0.2,FALSE,proxy_synthetic
CL-0094,VAC_OPV,2,6,2.3,6/5/2027,299,TRUE,FALSE,0.85,FALSE,proxy_synthetic
CL-0094,VAC_PENTA,3,5,4.2,9/27/2027,413,TRUE,FALSE,0.66,FALSE,proxy_synthetic
CL-0094,VAC_TT,28,4,49.0,12/13/2026,125,FALSE,TRUE,0.34,FALSE,proxy_synthetic
CL-0094,MED_ANTIVENOM,6,1,42.0,4/28/2027,261,FALSE,FALSE,0.32,FALSE,proxy_synthetic
CL-0094,MED_SNAKE_ANTIVENOM,9,2,31.5,6/27/2028,687,FALSE,FALSE,0.22,FALSE,proxy_synthetic
CL-0094,MED_SNAKE_WOUND,11,3,25.7,4/10/2028,609,FALSE,FALSE,0.33,FALSE,proxy_synthetic
CL-0094,MED_OXYTOCIN,24,3,56.0,1/6/2027,149,FALSE,TRUE,0.29,TRUE,proxy_synthetic
CL-0094,MED_METFORMIN,53,8,46.4,9/25/2027,411,FALSE,FALSE,0.35,TRUE,proxy_synthetic
CL-0094,MED_GLUCOSE,16,4,28.0,11/1/2026,83,FALSE,TRUE,0.45,FALSE,proxy_synthetic
CL-0094,MED_VIT_A,20,4,35.0,12/25/2026,137,FALSE,TRUE,0.3,TRUE,proxy_synthetic
CL-0094,MED_MUAC_KIT,1,2,3.5,11/27/2026,109,TRUE,TRUE,0.79,FALSE,proxy_synthetic
CL-0094,MED_ZINC_MAL,35,10,24.5,6/30/2027,324,FALSE,FALSE,0.24,TRUE,proxy_synthetic
CL-0095,MED_ACT,27,6,31.5,2/28/2028,567,FALSE,FALSE,0.27,TRUE,proxy_synthetic
CL-0095,MED_RDT_MAL,78,11,49.6,6/26/2027,320,FALSE,FALSE,0.28,TRUE,proxy_synthetic
CL-0095,MED_DENGUE_SUP,49,6,57.2,12/19/2027,496,FALSE,FALSE,0.35,FALSE,proxy_synthetic
CL-0095,MED_RDT_DEN,5,7,5.0,1/28/2027,171,TRUE,TRUE,0.71,TRUE,proxy_synthetic
CL-0095,MED_ORS,3,20,1.1,9/9/2027,395,TRUE,FALSE,0.9,FALSE,proxy_synthetic
CL-0095,MED_CHOLERA_KIT,44,5,61.6,6/19/2027,313,FALSE,FALSE,0.35,FALSE,proxy_synthetic
CL-0095,VAC_OCV,2,12,1.2,6/26/2027,320,TRUE,FALSE,0.88,FALSE,proxy_synthetic
CL-0095,VAC_MEASLES,28,6,32.7,12/6/2027,483,FALSE,FALSE,0.35,FALSE,proxy_synthetic
CL-0095,VAC_OPV,43,5,60.2,4/19/2027,252,FALSE,FALSE,0.29,FALSE,proxy_synthetic
CL-0095,VAC_PENTA,12,4,21.0,8/2/2027,357,FALSE,FALSE,0.21,FALSE,proxy_synthetic
CL-0095,VAC_TT,12,4,21.0,2/23/2028,562,FALSE,FALSE,0.32,FALSE,proxy_synthetic
CL-0095,MED_ANTIVENOM,9,1,63.0,11/21/2027,468,FALSE,FALSE,0.28,FALSE,proxy_synthetic
CL-0095,MED_SNAKE_ANTIVENOM,7,1,49.0,6/12/2028,672,FALSE,FALSE,0.29,FALSE,proxy_synthetic
CL-0095,MED_SNAKE_WOUND,12,2,42.0,6/5/2027,299,FALSE,FALSE,0.28,FALSE,proxy_synthetic
CL-0095,MED_OXYTOCIN,13,2,45.5,10/7/2027,423,FALSE,FALSE,0.32,FALSE,proxy_synthetic
CL-0095,MED_METFORMIN,58,7,58.0,2/23/2028,562,FALSE,FALSE,0.25,TRUE,proxy_synthetic
CL-0095,MED_GLUCOSE,27,3,63.0,1/10/2027,153,FALSE,TRUE,0.26,FALSE,proxy_synthetic
CL-0095,MED_VIT_A,28,5,39.2,10/2/2027,418,FALSE,FALSE,0.34,TRUE,proxy_synthetic
CL-0095,MED_MUAC_KIT,7,2,24.5,9/13/2027,399,FALSE,FALSE,0.2,FALSE,proxy_synthetic
CL-0095,MED_ZINC_MAL,30,8,26.2,8/25/2027,380,FALSE,FALSE,0.22,FALSE,proxy_synthetic
CL-0096,MED_ACT,35,13,18.8,7/14/2028,704,FALSE,FALSE,0.34,FALSE,proxy_synthetic
CL-0096,MED_RDT_MAL,70,23,21.3,12/31/2027,508,FALSE,FALSE,0.21,FALSE,proxy_synthetic
CL-0096,MED_DENGUE_SUP,51,9,39.7,3/21/2027,223,FALSE,FALSE,0.29,FALSE,proxy_synthetic
CL-0096,MED_RDT_DEN,67,10,46.9,8/24/2027,379,FALSE,FALSE,0.2,TRUE,proxy_synthetic
CL-0096,MED_ORS,15,48,2.2,12/20/2026,132,TRUE,TRUE,0.88,FALSE,proxy_synthetic
CL-0096,MED_CHOLERA_KIT,60,10,42.0,5/12/2027,275,FALSE,FALSE,0.33,FALSE,proxy_synthetic
CL-0096,VAC_OCV,163,24,47.5,7/28/2027,352,FALSE,FALSE,0.27,FALSE,proxy_synthetic
CL-0096,VAC_MEASLES,78,9,60.7,10/15/2027,431,FALSE,FALSE,0.25,TRUE,proxy_synthetic
CL-0096,VAC_OPV,73,14,36.5,1/8/2027,151,FALSE,TRUE,0.26,FALSE,proxy_synthetic
CL-0096,VAC_PENTA,31,7,31.0,7/1/2028,691,FALSE,FALSE,0.21,FALSE,proxy_synthetic
CL-0096,VAC_TT,61,10,42.7,5/25/2027,288,FALSE,FALSE,0.29,FALSE,proxy_synthetic
CL-0096,MED_ANTIVENOM,7,2,24.5,8/21/2027,376,FALSE,FALSE,0.29,FALSE,proxy_synthetic
CL-0096,MED_SNAKE_ANTIVENOM,25,4,43.8,3/9/2027,211,FALSE,FALSE,0.3,FALSE,proxy_synthetic
CL-0096,MED_SNAKE_WOUND,43,6,50.2,2/14/2028,553,FALSE,FALSE,0.33,FALSE,proxy_synthetic
CL-0096,MED_OXYTOCIN,19,4,33.2,3/28/2027,230,FALSE,FALSE,0.3,TRUE,proxy_synthetic
CL-0096,MED_METFORMIN,129,17,53.1,7/25/2027,349,FALSE,FALSE,0.23,FALSE,proxy_synthetic
CL-0096,MED_GLUCOSE,21,6,24.5,1/18/2028,526,FALSE,FALSE,0.23,TRUE,proxy_synthetic
CL-0096,MED_VIT_A,90,12,52.5,4/19/2028,618,FALSE,FALSE,0.32,TRUE,proxy_synthetic
CL-0096,MED_MUAC_KIT,43,5,60.2,5/1/2027,264,FALSE,FALSE,0.26,TRUE,proxy_synthetic
CL-0096,MED_ZINC_MAL,84,22,26.7,3/15/2028,583,FALSE,FALSE,0.34,TRUE,proxy_synthetic
CL-0096,VAC_HEPB,54,6,63.0,1/29/2027,172,FALSE,TRUE,0.24,FALSE,proxy_synthetic
CL-0096,VAC_BCG,23,7,23.0,6/19/2028,679,FALSE,FALSE,0.22,FALSE,proxy_synthetic
CL-0096,VAC_MR,3,6,3.5,6/28/2028,688,TRUE,FALSE,0.74,FALSE,proxy_synthetic
CL-0096,MED_TETANUS,1,3,2.3,2/11/2028,550,TRUE,FALSE,0.81,TRUE,proxy_synthetic
CL-0096,MED_DIABETES_INSULIN,3,5,4.2,12/21/2027,498,TRUE,FALSE,0.65,FALSE,proxy_synthetic
CL-0096,MED_GLIBENCLAMIDE,47,8,41.1,12/10/2026,122,FALSE,TRUE,0.36,TRUE,proxy_synthetic
CL-0096,MED_GLUCAGON,4,1,28.0,8/18/2027,373,FALSE,FALSE,0.27,FALSE,proxy_synthetic
CL-0096,MED_RUTF,4,7,4.0,5/24/2028,653,TRUE,FALSE,0.65,FALSE,proxy_synthetic
CL-0096,MED_F75,12,2,42.0,10/7/2027,423,FALSE,FALSE,0.33,TRUE,proxy_synthetic
CL-0096,MED_F100,25,3,58.3,1/24/2028,532,FALSE,FALSE,0.22,FALSE,proxy_synthetic
CL-0096,MED_THERAPEUTIC_FEED,1,3,2.3,1/10/2028,518,TRUE,FALSE,0.81,FALSE,proxy_synthetic
CL-0097,MED_ACT,4,6,4.7,11/2/2027,449,TRUE,FALSE,0.62,FALSE,proxy_synthetic
CL-0097,MED_RDT_MAL,61,10,42.7,6/27/2027,321,FALSE,FALSE,0.22,TRUE,proxy_synthetic
CL-0097,MED_DENGUE_SUP,40,5,56.0,3/27/2027,229,FALSE,FALSE,0.25,FALSE,proxy_synthetic
CL-0097,MED_RDT_DEN,34,6,39.7,6/9/2027,303,FALSE,FALSE,0.23,FALSE,proxy_synthetic
CL-0097,MED_ORS,151,20,52.9,12/13/2027,490,FALSE,FALSE,0.25,FALSE,proxy_synthetic
CL-0097,MED_CHOLERA_KIT,33,7,33.0,1/9/2028,517,FALSE,FALSE,0.23,TRUE,proxy_synthetic
CL-0097,VAC_OCV,127,14,63.5,10/8/2027,424,FALSE,FALSE,0.25,TRUE,proxy_synthetic
CL-0097,VAC_MEASLES,17,6,19.8,9/10/2027,396,FALSE,FALSE,0.23,FALSE,proxy_synthetic
CL-0097,VAC_OPV,21,6,24.5,7/5/2027,329,FALSE,FALSE,0.32,FALSE,proxy_synthetic
CL-0097,VAC_PENTA,1,6,1.2,3/25/2027,227,TRUE,FALSE,0.89,FALSE,proxy_synthetic
CL-0097,VAC_TT,1,4,1.8,12/4/2027,481,TRUE,FALSE,0.87,FALSE,proxy_synthetic
CL-0097,MED_ANTIVENOM,6,1,42.0,5/20/2028,649,FALSE,FALSE,0.35,TRUE,proxy_synthetic
CL-0097,MED_SNAKE_ANTIVENOM,11,2,38.5,2/3/2028,542,FALSE,FALSE,0.22,TRUE,proxy_synthetic
CL-0097,MED_SNAKE_WOUND,23,3,53.7,9/15/2027,401,FALSE,FALSE,0.23,FALSE,proxy_synthetic
CL-0097,MED_OXYTOCIN,11,3,25.7,4/19/2028,618,FALSE,FALSE,0.31,TRUE,proxy_synthetic
CL-0097,MED_METFORMIN,21,6,24.5,3/12/2027,214,FALSE,FALSE,0.25,TRUE,proxy_synthetic
CL-0097,MED_GLUCOSE,1,3,2.3,7/22/2027,346,TRUE,FALSE,0.82,FALSE,proxy_synthetic
CL-0097,MED_VIT_A,23,4,40.2,4/22/2027,255,FALSE,FALSE,0.27,FALSE,proxy_synthetic
CL-0097,MED_MUAC_KIT,14,3,32.7,9/12/2027,398,FALSE,FALSE,0.29,FALSE,proxy_synthetic
CL-0097,MED_ZINC_MAL,89,10,62.3,1/22/2028,530,FALSE,FALSE,0.28,FALSE,proxy_synthetic
CL-0098,MED_ACT,43,5,60.2,3/7/2028,575,FALSE,FALSE,0.26,FALSE,proxy_synthetic
CL-0098,MED_RDT_MAL,27,8,23.6,3/29/2027,231,FALSE,FALSE,0.3,TRUE,proxy_synthetic
CL-0098,MED_DENGUE_SUP,35,4,61.2,1/1/2028,509,FALSE,FALSE,0.34,FALSE,proxy_synthetic
CL-0098,MED_RDT_DEN,26,4,45.5,9/14/2027,400,FALSE,FALSE,0.31,FALSE,proxy_synthetic
CL-0098,MED_ORS,151,19,55.6,1/4/2028,512,FALSE,FALSE,0.3,TRUE,proxy_synthetic
CL-0098,MED_CHOLERA_KIT,15,4,26.2,2/22/2028,561,FALSE,FALSE,0.24,FALSE,proxy_synthetic
CL-0098,VAC_OCV,5,10,3.5,10/3/2027,419,TRUE,FALSE,0.74,FALSE,proxy_synthetic
CL-0098,VAC_MEASLES,34,4,59.5,4/15/2028,614,FALSE,FALSE,0.24,FALSE,proxy_synthetic
CL-0098,VAC_OPV,21,5,29.4,6/20/2027,314,FALSE,FALSE,0.29,FALSE,proxy_synthetic
CL-0098,VAC_PENTA,24,3,56.0,10/13/2027,429,FALSE,FALSE,0.23,TRUE,proxy_synthetic
CL-0098,VAC_TT,1,2,3.5,11/5/2027,452,TRUE,FALSE,0.69,TRUE,proxy_synthetic
CL-0098,MED_ANTIVENOM,5,1,35.0,12/22/2027,499,FALSE,FALSE,0.34,TRUE,proxy_synthetic
CL-0098,MED_SNAKE_ANTIVENOM,8,1,56.0,1/11/2027,154,FALSE,TRUE,0.28,FALSE,proxy_synthetic
CL-0098,MED_SNAKE_WOUND,13,2,45.5,6/6/2028,666,FALSE,FALSE,0.24,FALSE,proxy_synthetic
CL-0098,MED_OXYTOCIN,17,2,59.5,11/16/2027,463,FALSE,FALSE,0.29,FALSE,proxy_synthetic
CL-0098,MED_METFORMIN,37,5,51.8,11/29/2027,476,FALSE,FALSE,0.23,FALSE,proxy_synthetic
CL-0098,MED_GLUCOSE,1,2,3.5,8/4/2028,725,TRUE,FALSE,0.71,FALSE,proxy_synthetic
CL-0098,MED_VIT_A,21,3,49.0,5/23/2028,652,FALSE,FALSE,0.29,TRUE,proxy_synthetic
CL-0098,MED_MUAC_KIT,4,1,28.0,3/18/2028,586,FALSE,FALSE,0.33,FALSE,proxy_synthetic
CL-0098,MED_ZINC_MAL,39,6,45.5,3/19/2028,587,FALSE,FALSE,0.29,FALSE,proxy_synthetic
CL-0099,MED_ACT,35,6,40.8,3/9/2028,577,FALSE,FALSE,0.23,FALSE,proxy_synthetic
CL-0099,MED_RDT_MAL,5,12,2.9,5/14/2027,277,TRUE,FALSE,0.74,FALSE,proxy_synthetic
CL-0099,MED_DENGUE_SUP,18,5,25.2,10/27/2026,78,FALSE,TRUE,0.5,TRUE,proxy_synthetic
CL-0099,MED_RDT_DEN,45,8,39.4,9/28/2027,414,FALSE,FALSE,0.21,FALSE,proxy_synthetic
CL-0099,MED_ORS,4,28,1.0,5/14/2027,277,TRUE,FALSE,0.91,TRUE,proxy_synthetic
CL-0099,MED_CHOLERA_KIT,28,5,39.2,2/2/2028,541,FALSE,FALSE,0.34,FALSE,proxy_synthetic
CL-0099,VAC_OCV,9,16,3.9,3/27/2027,229,TRUE,FALSE,0.66,FALSE,proxy_synthetic
CL-0099,VAC_MEASLES,34,6,39.7,4/16/2028,615,FALSE,FALSE,0.32,TRUE,proxy_synthetic
CL-0099,VAC_OPV,26,8,22.8,6/22/2027,316,FALSE,FALSE,0.3,FALSE,proxy_synthetic
CL-0099,VAC_PENTA,13,5,18.2,7/11/2028,701,FALSE,FALSE,0.22,FALSE,proxy_synthetic
CL-0099,VAC_TT,26,4,45.5,9/14/2027,400,FALSE,FALSE,0.35,FALSE,proxy_synthetic
CL-0099,MED_ANTIVENOM,1,2,3.5,4/27/2028,626,TRUE,FALSE,0.7,TRUE,proxy_synthetic
CL-0099,MED_SNAKE_ANTIVENOM,7,2,24.5,11/20/2027,467,FALSE,FALSE,0.2,TRUE,proxy_synthetic
CL-0099,MED_SNAKE_WOUND,1,4,1.8,9/10/2027,396,TRUE,FALSE,0.83,FALSE,proxy_synthetic
CL-0099,MED_OXYTOCIN,11,4,19.2,5/25/2028,654,FALSE,FALSE,0.32,TRUE,proxy_synthetic
CL-0099,MED_METFORMIN,59,11,37.5,5/31/2027,294,FALSE,FALSE,0.23,FALSE,proxy_synthetic
CL-0099,MED_GLUCOSE,9,3,21.0,7/18/2028,708,FALSE,FALSE,0.26,FALSE,proxy_synthetic
CL-0099,MED_VIT_A,14,4,24.5,2/7/2028,546,FALSE,FALSE,0.34,FALSE,proxy_synthetic
CL-0099,MED_MUAC_KIT,16,2,56.0,2/3/2028,542,FALSE,FALSE,0.23,FALSE,proxy_synthetic
CL-0099,MED_ZINC_MAL,37,11,23.5,6/19/2028,679,FALSE,FALSE,0.26,FALSE,proxy_synthetic
CL-0099,VAC_HEPB,20,4,35.0,8/9/2027,364,FALSE,FALSE,0.21,FALSE,proxy_synthetic
CL-0099,VAC_BCG,20,4,35.0,6/3/2027,297,FALSE,FALSE,0.24,FALSE,proxy_synthetic
CL-0099,VAC_MR,13,3,30.3,5/3/2027,266,FALSE,FALSE,0.28,FALSE,proxy_synthetic
CL-0099,MED_TETANUS,6,2,21.0,1/25/2027,168,FALSE,TRUE,0.26,FALSE,proxy_synthetic
CL-0099,MED_DIABETES_INSULIN,1,3,2.3,4/22/2027,255,TRUE,FALSE,0.82,FALSE,proxy_synthetic
CL-0099,MED_GLIBENCLAMIDE,42,6,49.0,5/24/2027,287,FALSE,FALSE,0.2,FALSE,proxy_synthetic
CL-0099,MED_GLUCAGON,6,1,42.0,3/30/2027,232,FALSE,FALSE,0.27,TRUE,proxy_synthetic
CL-0099,MED_RUTF,16,5,22.4,1/20/2027,163,FALSE,TRUE,0.28,FALSE,proxy_synthetic
CL-0099,MED_F75,5,1,35.0,6/4/2027,298,FALSE,FALSE,0.31,TRUE,proxy_synthetic
CL-0099,MED_F100,12,2,42.0,9/2/2027,388,FALSE,FALSE,0.26,FALSE,proxy_synthetic
CL-0099,MED_THERAPEUTIC_FEED,1,2,3.5,11/2/2026,84,TRUE,TRUE,0.76,FALSE,proxy_synthetic
CL-0100,MED_ACT,61,11,38.8,10/13/2027,429,FALSE,FALSE,0.26,FALSE,proxy_synthetic
CL-0100,MED_RDT_MAL,98,16,42.9,10/16/2027,432,FALSE,FALSE,0.27,TRUE,proxy_synthetic
CL-0100,MED_DENGUE_SUP,54,10,37.8,6/19/2027,313,FALSE,FALSE,0.29,FALSE,proxy_synthetic
CL-0100,MED_RDT_DEN,6,11,3.8,4/16/2027,249,TRUE,FALSE,0.69,FALSE,proxy_synthetic
CL-0100,MED_ORS,302,34,62.2,1/2/2027,145,FALSE,TRUE,0.31,FALSE,proxy_synthetic
CL-0100,MED_CHOLERA_KIT,44,10,30.8,11/8/2026,90,FALSE,TRUE,0.47,FALSE,proxy_synthetic
CL-0100,VAC_OCV,83,14,41.5,8/4/2027,359,FALSE,FALSE,0.32,FALSE,proxy_synthetic
CL-0100,VAC_MEASLES,66,10,46.2,1/21/2028,529,FALSE,FALSE,0.3,TRUE,proxy_synthetic
CL-0100,VAC_OPV,80,10,56.0,5/22/2027,285,FALSE,FALSE,0.24,FALSE,proxy_synthetic
CL-0100,VAC_PENTA,2,7,2.0,4/2/2027,235,TRUE,FALSE,0.82,FALSE,proxy_synthetic
CL-0100,VAC_TT,22,6,25.7,6/11/2027,305,FALSE,FALSE,0.31,FALSE,proxy_synthetic
CL-0100,MED_ANTIVENOM,13,2,45.5,8/3/2028,724,FALSE,FALSE,0.27,TRUE,proxy_synthetic
CL-0100,MED_SNAKE_ANTIVENOM,11,3,25.7,7/30/2028,720,FALSE,FALSE,0.3,TRUE,proxy_synthetic
CL-0100,MED_SNAKE_WOUND,32,4,56.0,6/5/2027,299,FALSE,FALSE,0.21,TRUE,proxy_synthetic
CL-0100,MED_OXYTOCIN,8,3,18.7,1/16/2028,524,FALSE,FALSE,0.21,FALSE,proxy_synthetic
CL-0100,MED_METFORMIN,111,14,55.5,2/25/2028,564,FALSE,FALSE,0.31,FALSE,proxy_synthetic
CL-0100,MED_GLUCOSE,39,5,54.6,5/23/2027,286,FALSE,FALSE,0.22,FALSE,proxy_synthetic
CL-0100,MED_VIT_A,62,10,43.4,7/18/2028,708,FALSE,FALSE,0.34,FALSE,proxy_synthetic
CL-0100,MED_MUAC_KIT,36,4,63.0,6/12/2028,672,FALSE,FALSE,0.25,TRUE,proxy_synthetic
CL-0100,MED_ZINC_MAL,153,18,59.5,11/28/2027,475,FALSE,FALSE,0.34,FALSE,proxy_synthetic
CL-0101,MED_ACT,50,9,38.9,10/30/2026,81,FALSE,TRUE,0.49,TRUE,proxy_synthetic
CL-0101,MED_RDT_MAL,61,19,22.5,11/30/2027,477,FALSE,FALSE,0.26,TRUE,proxy_synthetic
CL-0101,MED_DENGUE_SUP,4,8,3.5,10/28/2026,79,TRUE,TRUE,0.79,FALSE,proxy_synthetic
CL-0101,MED_RDT_DEN,86,10,60.2,10/19/2027,435,FALSE,FALSE,0.26,FALSE,proxy_synthetic
CL-0101,MED_ORS,246,35,49.2,10/15/2026,66,FALSE,TRUE,0.51,FALSE,proxy_synthetic
CL-0101,MED_CHOLERA_KIT,71,9,55.2,10/6/2027,422,FALSE,FALSE,0.25,TRUE,proxy_synthetic
CL-0101,VAC_OCV,79,21,26.3,5/27/2028,656,FALSE,FALSE,0.3,FALSE,proxy_synthetic
CL-0101,VAC_MEASLES,23,7,23.0,12/23/2027,500,FALSE,FALSE,0.33,FALSE,proxy_synthetic
CL-0101,VAC_OPV,69,10,48.3,7/11/2027,335,FALSE,FALSE,0.31,FALSE,proxy_synthetic
CL-0101,VAC_PENTA,34,8,29.8,1/8/2028,516,FALSE,FALSE,0.2,FALSE,proxy_synthetic
CL-0101,VAC_TT,1,6,1.2,4/30/2027,263,TRUE,FALSE,0.92,FALSE,proxy_synthetic
CL-0101,MED_ANTIVENOM,11,2,38.5,5/12/2027,275,FALSE,FALSE,0.28,FALSE,proxy_synthetic
CL-0101,MED_SNAKE_ANTIVENOM,18,3,42.0,11/22/2027,469,FALSE,FALSE,0.29,FALSE,proxy_synthetic
CL-0101,MED_SNAKE_WOUND,17,3,39.7,3/31/2028,599,FALSE,FALSE,0.27,FALSE,proxy_synthetic
CL-0101,MED_OXYTOCIN,12,4,21.0,6/24/2027,318,FALSE,FALSE,0.32,FALSE,proxy_synthetic
CL-0101,MED_METFORMIN,65,13,35.0,1/12/2028,520,FALSE,FALSE,0.32,FALSE,proxy_synthetic
CL-0101,MED_GLUCOSE,20,6,23.3,3/14/2028,582,FALSE,FALSE,0.33,FALSE,proxy_synthetic
CL-0101,MED_VIT_A,2,9,1.6,4/26/2027,259,TRUE,FALSE,0.9,FALSE,proxy_synthetic
CL-0101,MED_MUAC_KIT,1,4,1.8,7/30/2027,354,TRUE,FALSE,0.84,TRUE,proxy_synthetic
CL-0101,MED_ZINC_MAL,36,13,19.4,8/5/2027,360,FALSE,FALSE,0.2,FALSE,proxy_synthetic
CL-0102,MED_ACT,71,111,4.5,6/5/2028,665,TRUE,FALSE,0.65,FALSE,proxy_synthetic
CL-0102,MED_RDT_MAL,1142,265,30.2,11/2/2027,449,FALSE,FALSE,0.29,FALSE,proxy_synthetic
CL-0102,MED_DENGUE_SUP,956,114,58.7,8/26/2027,381,FALSE,FALSE,0.21,TRUE,proxy_synthetic
CL-0102,MED_RDT_DEN,953,103,64.8,11/23/2027,470,FALSE,FALSE,0.29,FALSE,proxy_synthetic
CL-0102,MED_ORS,2595,416,43.7,12/11/2027,488,FALSE,FALSE,0.32,TRUE,proxy_synthetic
CL-0102,MED_CHOLERA_KIT,814,121,47.1,6/15/2028,675,FALSE,FALSE,0.26,FALSE,proxy_synthetic
CL-0102,VAC_OCV,83,251,2.3,8/12/2027,367,TRUE,FALSE,0.8,FALSE,proxy_synthetic
CL-0102,VAC_MEASLES,308,104,20.7,11/2/2027,449,FALSE,FALSE,0.25,FALSE,proxy_synthetic
CL-0102,VAC_OPV,542,110,34.5,10/19/2026,70,FALSE,TRUE,0.51,FALSE,proxy_synthetic
CL-0102,VAC_PENTA,451,73,43.2,4/14/2028,613,FALSE,FALSE,0.23,FALSE,proxy_synthetic
CL-0102,VAC_TT,253,74,23.9,7/21/2027,345,FALSE,FALSE,0.26,TRUE,proxy_synthetic
CL-0102,MED_ANTIVENOM,11,22,3.5,8/11/2027,366,TRUE,FALSE,0.73,FALSE,proxy_synthetic
CL-0102,MED_SNAKE_ANTIVENOM,138,27,35.8,5/28/2028,657,FALSE,FALSE,0.32,FALSE,proxy_synthetic
CL-0102,MED_SNAKE_WOUND,307,52,41.3,1/11/2027,154,FALSE,TRUE,0.3,TRUE,proxy_synthetic
CL-0102,MED_OXYTOCIN,163,35,32.6,9/6/2027,392,FALSE,FALSE,0.31,FALSE,proxy_synthetic
CL-0102,MED_METFORMIN,1307,167,54.8,8/20/2027,375,FALSE,FALSE,0.23,FALSE,proxy_synthetic
CL-0102,MED_GLUCOSE,12,72,1.2,9/15/2027,401,TRUE,FALSE,0.9,FALSE,proxy_synthetic
CL-0102,MED_VIT_A,592,110,37.7,4/5/2027,238,FALSE,FALSE,0.26,FALSE,proxy_synthetic
CL-0102,MED_MUAC_KIT,120,41,20.5,2/20/2028,559,FALSE,FALSE,0.22,TRUE,proxy_synthetic
CL-0102,MED_ZINC_MAL,1473,163,63.3,10/15/2027,431,FALSE,FALSE,0.33,FALSE,proxy_synthetic
CL-0102,VAC_HEPB,354,46,53.9,9/19/2027,405,FALSE,FALSE,0.22,TRUE,proxy_synthetic
CL-0102,VAC_BCG,24,69,2.4,11/15/2027,462,TRUE,FALSE,0.76,FALSE,proxy_synthetic
CL-0102,VAC_MR,326,63,36.2,1/7/2027,150,FALSE,TRUE,0.29,FALSE,proxy_synthetic
CL-0102,MED_TETANUS,228,31,51.5,5/11/2027,274,FALSE,FALSE,0.33,TRUE,proxy_synthetic
CL-0102,MED_DIABETES_INSULIN,272,49,38.9,3/15/2027,217,FALSE,FALSE,0.32,FALSE,proxy_synthetic
CL-0102,MED_GLIBENCLAMIDE,503,116,30.4,4/30/2028,629,FALSE,FALSE,0.21,FALSE,proxy_synthetic
CL-0102,MED_GLUCAGON,4,9,3.1,3/22/2028,590,TRUE,FALSE,0.74,FALSE,proxy_synthetic
CL-0102,MED_RUTF,437,67,45.7,3/18/2028,586,FALSE,FALSE,0.21,FALSE,proxy_synthetic
CL-0102,MED_F75,146,29,35.2,11/20/2027,467,FALSE,FALSE,0.25,TRUE,proxy_synthetic
CL-0102,MED_F100,143,24,41.7,9/5/2027,391,FALSE,FALSE,0.31,FALSE,proxy_synthetic
CL-0102,MED_THERAPEUTIC_FEED,98,18,38.1,9/8/2027,394,FALSE,FALSE,0.3,FALSE,proxy_synthetic
CL-0103,MED_ACT,42,5,58.8,1/29/2027,172,FALSE,TRUE,0.25,FALSE,proxy_synthetic
CL-0103,MED_RDT_MAL,98,13,52.8,10/11/2027,427,FALSE,FALSE,0.29,FALSE,proxy_synthetic
CL-0103,MED_DENGUE_SUP,31,4,54.2,5/23/2027,286,FALSE,FALSE,0.24,FALSE,proxy_synthetic
CL-0103,MED_RDT_DEN,17,6,19.8,8/27/2027,382,FALSE,FALSE,0.26,TRUE,proxy_synthetic
CL-0103,MED_ORS,111,15,51.8,4/9/2027,242,FALSE,FALSE,0.33,FALSE,proxy_synthetic
CL-0103,MED_CHOLERA_KIT,14,5,19.6,1/20/2028,528,FALSE,FALSE,0.2,FALSE,proxy_synthetic
CL-0103,VAC_OCV,89,12,51.9,5/20/2027,283,FALSE,FALSE,0.29,TRUE,proxy_synthetic
CL-0103,VAC_MEASLES,13,5,18.2,5/12/2028,641,FALSE,FALSE,0.32,FALSE,proxy_synthetic
CL-0103,VAC_OPV,31,6,36.2,4/16/2027,249,FALSE,FALSE,0.34,FALSE,proxy_synthetic
CL-0103,VAC_PENTA,17,4,29.8,6/27/2028,687,FALSE,FALSE,0.24,FALSE,proxy_synthetic
CL-0103,VAC_TT,25,4,43.8,4/12/2027,245,FALSE,FALSE,0.29,TRUE,proxy_synthetic
CL-0103,MED_ANTIVENOM,3,1,21.0,4/1/2028,600,FALSE,FALSE,0.32,FALSE,proxy_synthetic
CL-0103,MED_SNAKE_ANTIVENOM,4,1,28.0,11/23/2027,470,FALSE,FALSE,0.3,FALSE,proxy_synthetic
CL-0103,MED_SNAKE_WOUND,19,3,44.3,1/5/2028,513,FALSE,FALSE,0.28,TRUE,proxy_synthetic
CL-0103,MED_OXYTOCIN,9,3,21.0,8/12/2027,367,FALSE,FALSE,0.29,TRUE,proxy_synthetic
CL-0103,MED_METFORMIN,39,7,39.0,9/19/2027,405,FALSE,FALSE,0.21,TRUE,proxy_synthetic
CL-0103,MED_GLUCOSE,23,3,53.7,7/17/2027,341,FALSE,FALSE,0.24,FALSE,proxy_synthetic
CL-0103,MED_VIT_A,33,5,46.2,7/8/2027,332,FALSE,FALSE,0.29,TRUE,proxy_synthetic
CL-0103,MED_MUAC_KIT,14,2,49.0,9/27/2027,413,FALSE,FALSE,0.32,FALSE,proxy_synthetic
CL-0103,MED_ZINC_MAL,60,10,42.0,4/3/2027,236,FALSE,FALSE,0.29,FALSE,proxy_synthetic
CL-0104,MED_ACT,64,8,56.0,11/6/2026,88,FALSE,TRUE,0.49,FALSE,proxy_synthetic
CL-0104,MED_RDT_MAL,77,15,35.9,4/14/2027,247,FALSE,FALSE,0.34,FALSE,proxy_synthetic
CL-0104,MED_DENGUE_SUP,51,8,44.6,8/4/2027,359,FALSE,FALSE,0.26,TRUE,proxy_synthetic
CL-0104,MED_RDT_DEN,41,8,35.9,6/6/2027,300,FALSE,FALSE,0.34,TRUE,proxy_synthetic
CL-0104,MED_ORS,236,34,48.6,4/21/2027,254,FALSE,FALSE,0.28,TRUE,proxy_synthetic
CL-0104,MED_CHOLERA_KIT,61,8,53.4,1/23/2028,531,FALSE,FALSE,0.23,FALSE,proxy_synthetic
CL-0104,VAC_OCV,171,21,57.0,3/26/2027,228,FALSE,FALSE,0.23,FALSE,proxy_synthetic
CL-0104,VAC_MEASLES,32,6,37.3,11/22/2026,104,FALSE,TRUE,0.44,FALSE,proxy_synthetic
CL-0104,VAC_OPV,31,10,21.7,12/30/2026,142,FALSE,TRUE,0.27,FALSE,proxy_synthetic
CL-0104,VAC_PENTA,54,10,37.8,10/11/2026,62,FALSE,TRUE,0.51,FALSE,proxy_synthetic
CL-0104,VAC_TT,4,5,5.6,7/2/2027,326,TRUE,FALSE,0.54,FALSE,proxy_synthetic
CL-0104,MED_ANTIVENOM,6,2,21.0,6/26/2028,686,FALSE,FALSE,0.29,FALSE,proxy_synthetic
CL-0104,MED_SNAKE_ANTIVENOM,8,3,18.7,4/4/2028,603,FALSE,FALSE,0.26,FALSE,proxy_synthetic
CL-0104,MED_SNAKE_WOUND,25,4,43.8,1/23/2028,531,FALSE,FALSE,0.22,FALSE,proxy_synthetic
CL-0104,MED_OXYTOCIN,31,5,43.4,11/23/2027,470,FALSE,FALSE,0.3,TRUE,proxy_synthetic
CL-0104,MED_METFORMIN,82,12,47.8,4/15/2027,248,FALSE,FALSE,0.2,FALSE,proxy_synthetic
CL-0104,MED_GLUCOSE,41,5,57.4,6/13/2028,673,FALSE,FALSE,0.2,FALSE,proxy_synthetic
CL-0104,MED_VIT_A,21,6,24.5,4/6/2028,605,FALSE,FALSE,0.25,FALSE,proxy_synthetic
CL-0104,MED_MUAC_KIT,33,4,57.8,3/16/2027,218,FALSE,FALSE,0.35,FALSE,proxy_synthetic
CL-0104,MED_ZINC_MAL,103,12,60.1,5/19/2027,282,FALSE,FALSE,0.21,FALSE,proxy_synthetic
CL-0105,MED_ACT,72,8,63.0,10/23/2027,439,FALSE,FALSE,0.31,FALSE,proxy_synthetic
CL-0105,MED_RDT_MAL,93,14,46.5,4/8/2027,241,FALSE,FALSE,0.3,FALSE,proxy_synthetic
CL-0105,MED_DENGUE_SUP,47,7,47.0,12/24/2027,501,FALSE,FALSE,0.27,TRUE,proxy_synthetic
CL-0105,MED_RDT_DEN,34,7,34.0,7/25/2027,349,FALSE,FALSE,0.32,FALSE,proxy_synthetic
CL-0105,MED_ORS,269,36,52.3,5/16/2027,279,FALSE,FALSE,0.32,FALSE,proxy_synthetic
CL-0105,MED_CHOLERA_KIT,57,7,57.0,3/31/2028,599,FALSE,FALSE,0.22,FALSE,proxy_synthetic
CL-0105,VAC_OCV,65,13,35.0,2/26/2028,565,FALSE,FALSE,0.2,FALSE,proxy_synthetic
CL-0105,VAC_MEASLES,44,5,61.6,9/29/2027,415,FALSE,FALSE,0.34,FALSE,proxy_synthetic
CL-0105,VAC_OPV,66,8,57.8,4/1/2027,234,FALSE,FALSE,0.22,FALSE,proxy_synthetic
CL-0105,VAC_PENTA,47,6,54.8,10/20/2026,71,FALSE,TRUE,0.46,FALSE,proxy_synthetic
CL-0105,VAC_TT,37,5,51.8,5/18/2027,281,FALSE,FALSE,0.26,FALSE,proxy_synthetic
CL-0105,MED_ANTIVENOM,16,2,56.0,11/12/2027,459,FALSE,FALSE,0.21,FALSE,proxy_synthetic
CL-0105,MED_SNAKE_ANTIVENOM,27,3,63.0,12/16/2026,128,FALSE,TRUE,0.35,FALSE,proxy_synthetic
CL-0105,MED_SNAKE_WOUND,34,4,59.5,1/14/2027,157,FALSE,TRUE,0.28,TRUE,proxy_synthetic
CL-0105,MED_OXYTOCIN,16,4,28.0,4/8/2028,607,FALSE,FALSE,0.21,FALSE,proxy_synthetic
CL-0105,MED_METFORMIN,1,9,0.8,8/17/2027,372,TRUE,FALSE,0.92,TRUE,proxy_synthetic
CL-0105,MED_GLUCOSE,44,6,51.3,4/22/2027,255,FALSE,FALSE,0.28,FALSE,proxy_synthetic
CL-0105,MED_VIT_A,32,7,32.0,5/20/2027,283,FALSE,FALSE,0.29,FALSE,proxy_synthetic
CL-0105,MED_MUAC_KIT,25,3,58.3,5/15/2027,278,FALSE,FALSE,0.24,FALSE,proxy_synthetic
CL-0105,MED_ZINC_MAL,127,17,52.3,4/21/2028,620,FALSE,FALSE,0.28,TRUE,proxy_synthetic
CL-0106,MED_ACT,96,12,56.0,1/24/2027,167,FALSE,TRUE,0.24,TRUE,proxy_synthetic
CL-0106,MED_RDT_MAL,120,19,44.2,5/18/2027,281,FALSE,FALSE,0.23,FALSE,proxy_synthetic
CL-0106,MED_DENGUE_SUP,70,9,54.4,7/22/2027,346,FALSE,FALSE,0.28,FALSE,proxy_synthetic
CL-0106,MED_RDT_DEN,39,11,24.8,7/12/2027,336,FALSE,FALSE,0.24,FALSE,proxy_synthetic
CL-0106,MED_ORS,128,33,27.2,7/31/2028,721,FALSE,FALSE,0.35,FALSE,proxy_synthetic
CL-0106,MED_CHOLERA_KIT,81,13,43.6,8/14/2027,369,FALSE,FALSE,0.23,FALSE,proxy_synthetic
CL-0106,VAC_OCV,215,26,57.9,5/16/2027,279,FALSE,FALSE,0.21,FALSE,proxy_synthetic
CL-0106,VAC_MEASLES,44,10,30.8,11/21/2026,103,FALSE,TRUE,0.41,FALSE,proxy_synthetic
CL-0106,VAC_OPV,63,12,36.8,4/2/2027,235,FALSE,FALSE,0.32,FALSE,proxy_synthetic
CL-0106,VAC_PENTA,77,10,53.9,12/7/2026,119,FALSE,TRUE,0.37,FALSE,proxy_synthetic
CL-0106,VAC_TT,29,9,22.6,10/21/2026,72,FALSE,TRUE,0.48,FALSE,proxy_synthetic
CL-0106,MED_ANTIVENOM,2,3,4.7,11/17/2026,99,TRUE,TRUE,0.71,TRUE,proxy_synthetic
CL-0106,MED_SNAKE_ANTIVENOM,11,4,19.2,9/16/2027,402,FALSE,FALSE,0.24,FALSE,proxy_synthetic
CL-0106,MED_SNAKE_WOUND,22,7,22.0,3/9/2027,211,FALSE,FALSE,0.21,TRUE,proxy_synthetic
CL-0106,MED_OXYTOCIN,40,5,56.0,5/17/2028,646,FALSE,FALSE,0.21,TRUE,proxy_synthetic
CL-0106,MED_METFORMIN,122,14,61.0,10/23/2026,74,FALSE,TRUE,0.51,TRUE,proxy_synthetic
CL-0106,MED_GLUCOSE,56,8,49.0,7/20/2027,344,FALSE,FALSE,0.3,FALSE,proxy_synthetic
CL-0106,MED_VIT_A,72,8,63.0,4/6/2028,605,FALSE,FALSE,0.31,FALSE,proxy_synthetic
CL-0106,MED_MUAC_KIT,35,4,61.2,1/7/2028,515,FALSE,FALSE,0.25,TRUE,proxy_synthetic
CL-0106,MED_ZINC_MAL,54,18,21.0,11/25/2026,107,FALSE,TRUE,0.44,FALSE,proxy_synthetic
CL-0106,VAC_HEPB,39,5,54.6,12/30/2026,142,FALSE,TRUE,0.31,FALSE,proxy_synthetic
CL-0106,VAC_BCG,44,8,38.5,2/20/2028,559,FALSE,FALSE,0.31,TRUE,proxy_synthetic
CL-0106,VAC_MR,61,7,61.0,7/15/2028,705,FALSE,FALSE,0.25,FALSE,proxy_synthetic
CL-0106,MED_TETANUS,20,4,35.0,7/8/2027,332,FALSE,FALSE,0.26,FALSE,proxy_synthetic
CL-0106,MED_DIABETES_INSULIN,12,4,21.0,1/31/2027,174,FALSE,TRUE,0.22,FALSE,proxy_synthetic
CL-0106,MED_GLIBENCLAMIDE,52,10,36.4,6/22/2028,682,FALSE,FALSE,0.32,TRUE,proxy_synthetic
CL-0106,MED_GLUCAGON,6,1,42.0,12/31/2026,143,FALSE,TRUE,0.31,TRUE,proxy_synthetic
CL-0106,MED_RUTF,81,9,63.0,12/18/2027,495,FALSE,FALSE,0.24,FALSE,proxy_synthetic
CL-0106,MED_F75,12,3,28.0,12/6/2026,118,FALSE,TRUE,0.4,FALSE,proxy_synthetic
CL-0106,MED_F100,14,3,32.7,1/18/2028,526,FALSE,FALSE,0.32,TRUE,proxy_synthetic
CL-0106,MED_THERAPEUTIC_FEED,9,2,31.5,6/8/2027,302,FALSE,FALSE,0.22,FALSE,proxy_synthetic
CL-0107,MED_ACT,1,6,1.2,2/22/2028,561,TRUE,FALSE,0.91,FALSE,proxy_synthetic
CL-0107,MED_RDT_MAL,10,16,4.4,10/14/2026,65,TRUE,TRUE,0.77,FALSE,proxy_synthetic
CL-0107,MED_DENGUE_SUP,25,4,43.8,8/13/2027,368,FALSE,FALSE,0.24,TRUE,proxy_synthetic
CL-0107,MED_RDT_DEN,3,8,2.6,4/20/2027,253,TRUE,FALSE,0.77,FALSE,proxy_synthetic
CL-0107,MED_ORS,189,21,63.0,10/30/2027,446,FALSE,FALSE,0.31,FALSE,proxy_synthetic
CL-0107,MED_CHOLERA_KIT,34,6,39.7,5/11/2028,640,FALSE,FALSE,0.21,FALSE,proxy_synthetic
CL-0107,VAC_OCV,48,13,25.8,1/30/2027,173,FALSE,TRUE,0.23,FALSE,proxy_synthetic
CL-0107,VAC_MEASLES,21,6,24.5,11/23/2027,470,FALSE,FALSE,0.21,FALSE,proxy_synthetic
CL-0107,VAC_OPV,4,7,4.0,12/1/2026,113,TRUE,TRUE,0.77,FALSE,proxy_synthetic
CL-0107,VAC_PENTA,33,6,38.5,4/27/2027,260,FALSE,FALSE,0.32,FALSE,proxy_synthetic
CL-0107,VAC_TT,35,4,61.2,12/3/2027,480,FALSE,FALSE,0.34,FALSE,proxy_synthetic
CL-0107,MED_ANTIVENOM,5,1,35.0,11/23/2027,470,FALSE,FALSE,0.23,FALSE,proxy_synthetic
CL-0107,MED_SNAKE_ANTIVENOM,1,2,3.5,3/29/2028,597,TRUE,FALSE,0.72,FALSE,proxy_synthetic
CL-0107,MED_SNAKE_WOUND,10,3,23.3,3/31/2027,233,FALSE,FALSE,0.21,FALSE,proxy_synthetic
CL-0107,MED_OXYTOCIN,18,3,42.0,1/4/2028,512,FALSE,FALSE,0.23,FALSE,proxy_synthetic
CL-0107,MED_METFORMIN,48,8,42.0,6/14/2028,674,FALSE,FALSE,0.32,FALSE,proxy_synthetic
CL-0107,MED_GLUCOSE,15,5,21.0,12/9/2026,121,FALSE,TRUE,0.39,TRUE,proxy_synthetic
CL-0107,MED_VIT_A,27,4,47.2,1/25/2028,533,FALSE,FALSE,0.33,TRUE,proxy_synthetic
CL-0107,MED_MUAC_KIT,9,2,31.5,11/15/2027,462,FALSE,FALSE,0.24,TRUE,proxy_synthetic
CL-0107,MED_ZINC_MAL,55,9,42.8,11/28/2026,110,FALSE,TRUE,0.43,FALSE,proxy_synthetic
CL-0108,MED_ACT,58,15,27.1,10/24/2026,75,FALSE,TRUE,0.5,TRUE,proxy_synthetic
CL-0108,MED_RDT_MAL,22,28,5.5,5/17/2027,280,TRUE,FALSE,0.56,TRUE,proxy_synthetic
CL-0108,MED_DENGUE_SUP,116,14,58.0,1/21/2027,164,FALSE,TRUE,0.25,TRUE,proxy_synthetic
CL-0108,MED_RDT_DEN,58,18,22.6,3/23/2027,225,FALSE,FALSE,0.24,TRUE,proxy_synthetic
CL-0108,MED_ORS,288,59,34.2,7/6/2027,330,FALSE,FALSE,0.32,FALSE,proxy_synthetic
CL-0108,MED_CHOLERA_KIT,42,13,22.6,5/13/2027,276,FALSE,FALSE,0.21,TRUE,proxy_synthetic
CL-0108,VAC_OCV,129,24,37.6,2/14/2028,553,FALSE,FALSE,0.31,FALSE,proxy_synthetic
CL-0108,VAC_MEASLES,100,12,58.3,1/6/2027,149,FALSE,TRUE,0.33,FALSE,proxy_synthetic
CL-0108,VAC_OPV,56,13,30.2,6/16/2027,310,FALSE,FALSE,0.32,TRUE,proxy_synthetic
CL-0108,VAC_PENTA,77,12,44.9,6/18/2027,312,FALSE,FALSE,0.22,FALSE,proxy_synthetic
CL-0108,VAC_TT,69,11,43.9,5/16/2028,645,FALSE,FALSE,0.33,FALSE,proxy_synthetic
CL-0108,MED_ANTIVENOM,26,3,60.7,3/4/2028,572,FALSE,FALSE,0.34,TRUE,proxy_synthetic
CL-0108,MED_SNAKE_ANTIVENOM,25,5,35.0,8/4/2027,359,FALSE,FALSE,0.31,TRUE,proxy_synthetic
CL-0108,MED_SNAKE_WOUND,44,8,38.5,2/25/2028,564,FALSE,FALSE,0.29,TRUE,proxy_synthetic
CL-0108,MED_OXYTOCIN,16,6,18.7,9/13/2027,399,FALSE,FALSE,0.27,TRUE,proxy_synthetic
CL-0108,MED_METFORMIN,136,16,59.5,11/13/2026,95,FALSE,TRUE,0.45,FALSE,proxy_synthetic
CL-0108,MED_GLUCOSE,34,7,34.0,3/1/2028,569,FALSE,FALSE,0.24,TRUE,proxy_synthetic
CL-0108,MED_VIT_A,96,14,48.0,12/9/2027,486,FALSE,FALSE,0.27,FALSE,proxy_synthetic
CL-0108,MED_MUAC_KIT,53,7,53.0,5/24/2027,287,FALSE,FALSE,0.24,FALSE,proxy_synthetic
CL-0108,MED_ZINC_MAL,16,31,3.6,7/23/2027,347,TRUE,FALSE,0.72,TRUE,proxy_synthetic
CL-0108,VAC_HEPB,21,6,24.5,7/14/2028,704,FALSE,FALSE,0.34,FALSE,proxy_synthetic
CL-0108,VAC_BCG,21,7,21.0,6/29/2027,323,FALSE,FALSE,0.24,TRUE,proxy_synthetic
CL-0108,VAC_MR,42,10,29.4,1/16/2027,159,FALSE,TRUE,0.28,FALSE,proxy_synthetic
CL-0108,MED_TETANUS,20,4,35.0,3/6/2028,574,FALSE,FALSE,0.34,FALSE,proxy_synthetic
CL-0108,MED_DIABETES_INSULIN,34,6,39.7,5/28/2028,657,FALSE,FALSE,0.32,TRUE,proxy_synthetic
CL-0108,MED_GLIBENCLAMIDE,103,15,48.1,9/11/2027,397,FALSE,FALSE,0.24,FALSE,proxy_synthetic
CL-0108,MED_GLUCAGON,5,1,35.0,12/30/2027,507,FALSE,FALSE,0.28,FALSE,proxy_synthetic
CL-0108,MED_RUTF,36,8,31.5,11/19/2026,101,FALSE,TRUE,0.41,FALSE,proxy_synthetic
CL-0108,MED_F75,19,3,44.3,6/18/2028,678,FALSE,FALSE,0.34,FALSE,proxy_synthetic
CL-0108,MED_F100,23,3,53.7,8/17/2027,372,FALSE,FALSE,0.34,FALSE,proxy_synthetic
CL-0108,MED_THERAPEUTIC_FEED,11,3,25.7,7/6/2027,330,FALSE,FALSE,0.27,FALSE,proxy_synthetic
CL-0109,MED_ACT,30,4,52.5,7/19/2027,343,FALSE,FALSE,0.26,FALSE,proxy_synthetic
CL-0109,MED_RDT_MAL,72,8,63.0,9/9/2027,395,FALSE,FALSE,0.24,FALSE,proxy_synthetic
CL-0109,MED_DENGUE_SUP,23,5,32.2,6/12/2027,306,FALSE,FALSE,0.31,TRUE,proxy_synthetic
CL-0109,MED_RDT_DEN,39,5,54.6,12/30/2027,507,FALSE,FALSE,0.3,TRUE,proxy_synthetic
CL-0109,MED_ORS,54,16,23.6,5/6/2028,635,FALSE,FALSE,0.34,TRUE,proxy_synthetic
CL-0109,MED_CHOLERA_KIT,19,3,44.3,1/28/2027,171,FALSE,TRUE,0.23,FALSE,proxy_synthetic
CL-0109,VAC_OCV,94,11,59.8,6/3/2028,663,FALSE,FALSE,0.32,TRUE,proxy_synthetic
CL-0109,VAC_MEASLES,29,4,50.8,12/7/2026,119,FALSE,TRUE,0.39,FALSE,proxy_synthetic
CL-0109,VAC_OPV,32,4,56.0,12/11/2026,123,FALSE,TRUE,0.38,FALSE,proxy_synthetic
CL-0109,VAC_PENTA,17,3,39.7,9/24/2027,410,FALSE,FALSE,0.25,TRUE,proxy_synthetic
CL-0109,VAC_TT,2,3,4.7,4/2/2027,235,TRUE,FALSE,0.58,FALSE,proxy_synthetic
CL-0109,MED_ANTIVENOM,8,1,56.0,4/10/2027,243,FALSE,FALSE,0.34,FALSE,proxy_synthetic
CL-0109,MED_SNAKE_ANTIVENOM,3,1,21.0,10/27/2026,78,FALSE,TRUE,0.5,TRUE,proxy_synthetic
CL-0109,MED_SNAKE_WOUND,14,2,49.0,5/9/2027,272,FALSE,FALSE,0.2,FALSE,proxy_synthetic
CL-0109,MED_OXYTOCIN,7,2,24.5,3/23/2028,591,FALSE,FALSE,0.28,FALSE,proxy_synthetic
CL-0109,MED_METFORMIN,43,5,60.2,6/19/2027,313,FALSE,FALSE,0.29,FALSE,proxy_synthetic
CL-0109,MED_GLUCOSE,8,2,28.0,1/13/2028,521,FALSE,FALSE,0.23,FALSE,proxy_synthetic
CL-0109,MED_VIT_A,20,4,35.0,7/19/2028,709,FALSE,FALSE,0.25,FALSE,proxy_synthetic
CL-0109,MED_MUAC_KIT,8,2,28.0,2/2/2028,541,FALSE,FALSE,0.32,FALSE,proxy_synthetic
CL-0109,MED_ZINC_MAL,55,9,42.8,3/9/2027,211,FALSE,FALSE,0.25,FALSE,proxy_synthetic
CL-0110,MED_ACT,82,10,57.4,6/29/2027,323,FALSE,FALSE,0.23,FALSE,proxy_synthetic
CL-0110,MED_RDT_MAL,109,19,40.2,10/15/2026,66,FALSE,TRUE,0.52,FALSE,proxy_synthetic
CL-0110,MED_DENGUE_SUP,40,6,46.7,4/15/2027,248,FALSE,FALSE,0.28,TRUE,proxy_synthetic
CL-0110,MED_RDT_DEN,36,11,22.9,4/26/2027,259,FALSE,FALSE,0.21,FALSE,proxy_synthetic
CL-0110,MED_ORS,158,39,28.4,2/21/2028,560,FALSE,FALSE,0.29,TRUE,proxy_synthetic
CL-0110,MED_CHOLERA_KIT,42,6,49.0,10/11/2027,427,FALSE,FALSE,0.31,TRUE,proxy_synthetic
CL-0110,VAC_OCV,116,20,40.6,3/19/2028,587,FALSE,FALSE,0.22,TRUE,proxy_synthetic
CL-0110,VAC_MEASLES,65,9,50.6,1/30/2027,173,FALSE,TRUE,0.25,FALSE,proxy_synthetic
CL-0110,VAC_OPV,102,11,64.9,7/19/2027,343,FALSE,FALSE,0.33,FALSE,proxy_synthetic
CL-0110,VAC_PENTA,57,8,49.9,6/6/2027,300,FALSE,FALSE,0.34,FALSE,proxy_synthetic
CL-0110,VAC_TT,40,6,46.7,6/25/2027,319,FALSE,FALSE,0.3,FALSE,proxy_synthetic
CL-0110,MED_ANTIVENOM,16,2,56.0,4/24/2028,623,FALSE,FALSE,0.21,FALSE,proxy_synthetic
CL-0110,MED_SNAKE_ANTIVENOM,21,3,49.0,5/1/2027,264,FALSE,FALSE,0.24,FALSE,proxy_synthetic
CL-0110,MED_SNAKE_WOUND,36,4,63.0,2/9/2028,548,FALSE,FALSE,0.25,TRUE,proxy_synthetic
CL-0110,MED_OXYTOCIN,21,4,36.8,4/6/2027,239,FALSE,FALSE,0.32,FALSE,proxy_synthetic
CL-0110,MED_METFORMIN,58,10,40.6,4/10/2027,243,FALSE,FALSE,0.31,FALSE,proxy_synthetic
CL-0110,MED_GLUCOSE,26,4,45.5,7/4/2028,694,FALSE,FALSE,0.3,FALSE,proxy_synthetic
CL-0110,MED_VIT_A,21,7,21.0,6/24/2028,684,FALSE,FALSE,0.25,FALSE,proxy_synthetic
CL-0110,MED_MUAC_KIT,6,2,21.0,1/8/2028,516,FALSE,FALSE,0.23,FALSE,proxy_synthetic
CL-0110,MED_ZINC_MAL,61,16,26.7,3/9/2027,211,FALSE,FALSE,0.22,TRUE,proxy_synthetic
CL-0111,MED_ACT,19,7,19.0,1/28/2028,536,FALSE,FALSE,0.21,FALSE,proxy_synthetic
CL-0111,MED_RDT_MAL,98,11,62.4,11/2/2027,449,FALSE,FALSE,0.26,FALSE,proxy_synthetic
CL-0111,MED_DENGUE_SUP,35,5,49.0,8/31/2027,386,FALSE,FALSE,0.28,TRUE,proxy_synthetic
CL-0111,MED_RDT_DEN,35,6,40.8,12/20/2026,132,FALSE,TRUE,0.33,FALSE,proxy_synthetic
CL-0111,MED_ORS,135,19,49.7,1/31/2027,174,FALSE,TRUE,0.21,FALSE,proxy_synthetic
CL-0111,MED_CHOLERA_KIT,30,6,35.0,6/18/2028,678,FALSE,FALSE,0.34,FALSE,proxy_synthetic
CL-0111,VAC_OCV,70,15,32.7,10/20/2026,71,FALSE,TRUE,0.46,FALSE,proxy_synthetic
CL-0111,VAC_MEASLES,45,5,63.0,4/4/2028,603,FALSE,FALSE,0.3,TRUE,proxy_synthetic
CL-0111,VAC_OPV,1,6,1.2,1/17/2027,160,TRUE,TRUE,0.97,FALSE,proxy_synthetic
CL-0111,VAC_PENTA,53,6,61.8,2/26/2028,565,FALSE,FALSE,0.2,FALSE,proxy_synthetic
CL-0111,VAC_TT,23,5,32.2,10/19/2027,435,FALSE,FALSE,0.26,FALSE,proxy_synthetic
CL-0111,MED_ANTIVENOM,9,1,63.0,1/14/2027,157,FALSE,TRUE,0.26,FALSE,proxy_synthetic
CL-0111,MED_SNAKE_ANTIVENOM,3,1,21.0,9/7/2027,393,FALSE,FALSE,0.3,FALSE,proxy_synthetic
CL-0111,MED_SNAKE_WOUND,18,2,63.0,1/21/2028,529,FALSE,FALSE,0.34,FALSE,proxy_synthetic
CL-0111,MED_OXYTOCIN,14,2,49.0,12/31/2026,143,FALSE,TRUE,0.32,TRUE,proxy_synthetic
CL-0111,MED_METFORMIN,46,7,46.0,6/9/2027,303,FALSE,FALSE,0.25,TRUE,proxy_synthetic
CL-0111,MED_GLUCOSE,12,3,28.0,7/30/2028,720,FALSE,FALSE,0.33,FALSE,proxy_synthetic
CL-0111,MED_VIT_A,44,7,44.0,8/29/2027,384,FALSE,FALSE,0.26,FALSE,proxy_synthetic
CL-0111,MED_MUAC_KIT,9,2,31.5,7/22/2027,346,FALSE,FALSE,0.34,FALSE,proxy_synthetic
CL-0111,MED_ZINC_MAL,56,13,30.2,1/23/2027,166,FALSE,TRUE,0.23,FALSE,proxy_synthetic
CL-0112,MED_ACT,25,6,29.2,5/10/2028,639,FALSE,FALSE,0.24,FALSE,proxy_synthetic
CL-0112,MED_RDT_MAL,76,9,59.1,8/22/2027,377,FALSE,FALSE,0.3,FALSE,proxy_synthetic
CL-0112,MED_DENGUE_SUP,12,4,21.0,7/16/2027,340,FALSE,FALSE,0.29,FALSE,proxy_synthetic
CL-0112,MED_RDT_DEN,49,7,49.0,11/2/2027,449,FALSE,FALSE,0.28,FALSE,proxy_synthetic
CL-0112,MED_ORS,52,16,22.8,1/23/2027,166,FALSE,TRUE,0.23,FALSE,proxy_synthetic
CL-0112,MED_CHOLERA_KIT,13,4,22.8,3/30/2027,232,FALSE,FALSE,0.25,FALSE,proxy_synthetic
CL-0112,VAC_OCV,5,10,3.5,9/9/2027,395,TRUE,FALSE,0.69,FALSE,proxy_synthetic
CL-0112,VAC_MEASLES,11,4,19.2,10/10/2027,426,FALSE,FALSE,0.25,FALSE,proxy_synthetic
CL-0112,VAC_OPV,26,4,45.5,3/27/2027,229,FALSE,FALSE,0.31,FALSE,proxy_synthetic
CL-0112,VAC_PENTA,3,4,5.2,5/10/2028,639,TRUE,FALSE,0.59,FALSE,proxy_synthetic
CL-0112,VAC_TT,15,4,26.2,1/27/2028,535,FALSE,FALSE,0.33,FALSE,proxy_synthetic
CL-0112,MED_ANTIVENOM,8,1,56.0,1/17/2028,525,FALSE,FALSE,0.34,TRUE,proxy_synthetic
CL-0112,MED_SNAKE_ANTIVENOM,4,1,28.0,9/25/2027,411,FALSE,FALSE,0.21,TRUE,proxy_synthetic
CL-0112,MED_SNAKE_WOUND,17,2,59.5,6/11/2027,305,FALSE,FALSE,0.32,TRUE,proxy_synthetic
CL-0112,MED_OXYTOCIN,17,2,59.5,12/2/2026,114,FALSE,TRUE,0.4,FALSE,proxy_synthetic
CL-0112,MED_METFORMIN,28,5,39.2,11/24/2027,471,FALSE,FALSE,0.3,FALSE,proxy_synthetic
CL-0112,MED_GLUCOSE,24,3,56.0,1/11/2027,154,FALSE,TRUE,0.3,FALSE,proxy_synthetic
CL-0112,MED_VIT_A,43,5,60.2,7/31/2027,355,FALSE,FALSE,0.31,FALSE,proxy_synthetic
CL-0112,MED_MUAC_KIT,3,1,21.0,11/15/2027,462,FALSE,FALSE,0.33,TRUE,proxy_synthetic
CL-0112,MED_ZINC_MAL,37,8,32.4,4/8/2027,241,FALSE,FALSE,0.23,FALSE,proxy_synthetic
CL-0113,MED_ACT,136,37,25.7,1/7/2028,515,FALSE,FALSE,0.24,FALSE,proxy_synthetic
CL-0113,MED_RDT_MAL,396,53,52.3,11/4/2027,451,FALSE,FALSE,0.23,TRUE,proxy_synthetic
CL-0113,MED_DENGUE_SUP,128,31,28.9,4/19/2027,252,FALSE,FALSE,0.26,FALSE,proxy_synthetic
CL-0113,MED_RDT_DEN,111,27,28.8,5/26/2027,289,FALSE,FALSE,0.27,TRUE,proxy_synthetic
CL-0113,MED_ORS,626,115,38.1,7/2/2028,692,FALSE,FALSE,0.2,FALSE,proxy_synthetic
CL-0113,MED_CHOLERA_KIT,147,22,46.8,8/13/2027,368,FALSE,FALSE,0.33,TRUE,proxy_synthetic
CL-0113,VAC_OCV,147,50,20.6,6/3/2027,297,FALSE,FALSE,0.23,FALSE,proxy_synthetic
CL-0113,VAC_MEASLES,104,28,26.0,11/10/2026,92,FALSE,TRUE,0.48,TRUE,proxy_synthetic
CL-0113,VAC_OPV,286,32,62.6,6/25/2027,319,FALSE,FALSE,0.32,FALSE,proxy_synthetic
CL-0113,VAC_PENTA,70,19,25.8,1/12/2027,155,FALSE,TRUE,0.26,FALSE,proxy_synthetic
CL-0113,VAC_TT,17,25,4.8,6/23/2028,683,TRUE,FALSE,0.61,FALSE,proxy_synthetic
CL-0113,MED_ANTIVENOM,5,7,5.0,2/28/2028,567,TRUE,FALSE,0.64,FALSE,proxy_synthetic
CL-0113,MED_SNAKE_ANTIVENOM,5,8,4.4,5/26/2028,655,TRUE,FALSE,0.65,FALSE,proxy_synthetic
CL-0113,MED_SNAKE_WOUND,123,14,61.5,2/21/2028,560,FALSE,FALSE,0.29,FALSE,proxy_synthetic
CL-0113,MED_OXYTOCIN,3,15,1.4,4/12/2028,611,TRUE,FALSE,0.87,FALSE,proxy_synthetic
CL-0113,MED_METFORMIN,314,41,53.6,7/18/2027,342,FALSE,FALSE,0.28,FALSE,proxy_synthetic
CL-0113,MED_GLUCOSE,136,20,47.6,4/9/2028,608,FALSE,FALSE,0.21,TRUE,proxy_synthetic
CL-0113,MED_VIT_A,2,20,0.7,7/19/2028,709,TRUE,FALSE,0.95,FALSE,proxy_synthetic
CL-0113,MED_MUAC_KIT,83,11,52.8,1/26/2027,169,FALSE,TRUE,0.25,FALSE,proxy_synthetic
CL-0113,MED_ZINC_MAL,343,41,58.6,2/29/2028,568,FALSE,FALSE,0.32,FALSE,proxy_synthetic
CL-0113,VAC_HEPB,85,13,45.8,7/12/2027,336,FALSE,FALSE,0.25,FALSE,proxy_synthetic
CL-0113,VAC_BCG,63,19,23.2,10/30/2026,81,FALSE,TRUE,0.52,FALSE,proxy_synthetic
CL-0113,VAC_MR,57,15,26.6,1/19/2027,162,FALSE,TRUE,0.23,TRUE,proxy_synthetic
CL-0113,MED_TETANUS,50,7,50.0,7/17/2027,341,FALSE,FALSE,0.33,FALSE,proxy_synthetic
CL-0113,MED_DIABETES_INSULIN,113,15,52.7,12/12/2026,124,FALSE,TRUE,0.38,FALSE,proxy_synthetic
CL-0113,MED_GLIBENCLAMIDE,65,24,19.0,12/1/2027,478,FALSE,FALSE,0.28,FALSE,proxy_synthetic
CL-0113,MED_GLUCAGON,5,2,17.5,5/11/2028,640,FALSE,FALSE,0.29,FALSE,proxy_synthetic
CL-0113,MED_RUTF,140,21,46.7,6/11/2027,305,FALSE,FALSE,0.3,FALSE,proxy_synthetic
CL-0113,MED_F75,37,7,37.0,6/21/2027,315,FALSE,FALSE,0.34,FALSE,proxy_synthetic
CL-0113,MED_F100,23,6,26.8,10/31/2027,447,FALSE,FALSE,0.32,TRUE,proxy_synthetic
CL-0113,MED_THERAPEUTIC_FEED,32,6,37.3,8/30/2027,385,FALSE,FALSE,0.21,FALSE,proxy_synthetic
CL-0114,MED_ACT,39,6,45.5,5/23/2027,286,FALSE,FALSE,0.24,TRUE,proxy_synthetic
CL-0114,MED_RDT_MAL,147,19,54.2,4/26/2027,259,FALSE,FALSE,0.25,FALSE,proxy_synthetic
CL-0114,MED_DENGUE_SUP,38,7,38.0,10/17/2027,433,FALSE,FALSE,0.22,FALSE,proxy_synthetic
CL-0114,MED_RDT_DEN,63,9,49.0,3/22/2027,224,FALSE,FALSE,0.26,FALSE,proxy_synthetic
CL-0114,MED_ORS,159,23,48.4,4/28/2027,261,FALSE,FALSE,0.23,TRUE,proxy_synthetic
CL-0114,MED_CHOLERA_KIT,20,7,20.0,11/30/2027,477,FALSE,FALSE,0.33,FALSE,proxy_synthetic
CL-0114,VAC_OCV,34,11,21.6,4/25/2027,258,FALSE,FALSE,0.32,FALSE,proxy_synthetic
CL-0114,VAC_MEASLES,42,6,49.0,2/26/2028,565,FALSE,FALSE,0.28,FALSE,proxy_synthetic
CL-0114,VAC_OPV,74,8,64.8,3/10/2027,212,FALSE,FALSE,0.31,TRUE,proxy_synthetic
CL-0114,VAC_PENTA,18,6,21.0,8/8/2027,363,FALSE,FALSE,0.22,FALSE,proxy_synthetic
CL-0114,VAC_TT,15,4,26.2,6/23/2028,683,FALSE,FALSE,0.27,FALSE,proxy_synthetic
CL-0114,MED_ANTIVENOM,6,1,42.0,7/16/2028,706,FALSE,FALSE,0.3,FALSE,proxy_synthetic
CL-0114,MED_SNAKE_ANTIVENOM,23,3,53.7,11/30/2026,112,FALSE,TRUE,0.45,TRUE,proxy_synthetic
CL-0114,MED_SNAKE_WOUND,20,3,46.7,10/20/2027,436,FALSE,FALSE,0.22,TRUE,proxy_synthetic
CL-0114,MED_OXYTOCIN,9,3,21.0,1/8/2028,516,FALSE,FALSE,0.28,FALSE,proxy_synthetic
CL-0114,MED_METFORMIN,62,7,62.0,12/27/2027,504,FALSE,FALSE,0.33,FALSE,proxy_synthetic
CL-0114,MED_GLUCOSE,17,3,39.7,10/4/2027,420,FALSE,FALSE,0.29,FALSE,proxy_synthetic
CL-0114,MED_VIT_A,16,5,22.4,3/3/2028,571,FALSE,FALSE,0.22,FALSE,proxy_synthetic
CL-0114,MED_MUAC_KIT,11,2,38.5,12/30/2026,142,FALSE,TRUE,0.31,TRUE,proxy_synthetic
CL-0114,MED_ZINC_MAL,93,15,43.4,9/29/2027,415,FALSE,FALSE,0.33,TRUE,proxy_synthetic
CL-0115,MED_ACT,30,8,26.2,11/28/2027,475,FALSE,FALSE,0.24,FALSE,proxy_synthetic
CL-0115,MED_RDT_MAL,70,19,25.8,11/20/2027,467,FALSE,FALSE,0.23,FALSE,proxy_synthetic
CL-0115,MED_DENGUE_SUP,3,7,3.0,7/20/2027,344,TRUE,FALSE,0.75,FALSE,proxy_synthetic
CL-0115,MED_RDT_DEN,75,9,58.3,8/27/2027,382,FALSE,FALSE,0.33,FALSE,proxy_synthetic
CL-0115,MED_ORS,184,26,49.5,6/22/2027,316,FALSE,FALSE,0.32,FALSE,proxy_synthetic
CL-0115,MED_CHOLERA_KIT,48,7,48.0,7/1/2028,691,FALSE,FALSE,0.34,FALSE,proxy_synthetic
CL-0115,VAC_OCV,7,16,3.1,12/9/2027,486,TRUE,FALSE,0.75,FALSE,proxy_synthetic
CL-0115,VAC_MEASLES,39,5,54.6,6/29/2027,323,FALSE,FALSE,0.29,TRUE,proxy_synthetic
CL-0115,VAC_OPV,73,8,63.9,4/3/2027,236,FALSE,FALSE,0.31,FALSE,proxy_synthetic
CL-0115,VAC_PENTA,37,5,51.8,6/20/2028,680,FALSE,FALSE,0.2,FALSE,proxy_synthetic
CL-0115,VAC_TT,35,5,49.0,1/27/2028,535,FALSE,FALSE,0.26,FALSE,proxy_synthetic
CL-0115,MED_ANTIVENOM,6,1,42.0,12/26/2026,138,FALSE,TRUE,0.32,TRUE,proxy_synthetic
CL-0115,MED_SNAKE_ANTIVENOM,11,2,38.5,10/6/2027,422,FALSE,FALSE,0.27,FALSE,proxy_synthetic
CL-0115,MED_SNAKE_WOUND,16,3,37.3,2/3/2028,542,FALSE,FALSE,0.28,FALSE,proxy_synthetic
CL-0115,MED_OXYTOCIN,21,3,49.0,4/22/2028,621,FALSE,FALSE,0.22,FALSE,proxy_synthetic
CL-0115,MED_METFORMIN,47,9,36.6,6/5/2027,299,FALSE,FALSE,0.33,FALSE,proxy_synthetic
CL-0115,MED_GLUCOSE,12,3,28.0,1/9/2028,517,FALSE,FALSE,0.33,TRUE,proxy_synthetic
CL-0115,MED_VIT_A,42,6,49.0,3/13/2027,215,FALSE,FALSE,0.27,FALSE,proxy_synthetic
CL-0115,MED_MUAC_KIT,5,2,17.5,11/9/2027,456,FALSE,FALSE,0.31,FALSE,proxy_synthetic
CL-0115,MED_ZINC_MAL,42,14,21.0,1/22/2028,530,FALSE,FALSE,0.27,FALSE,proxy_synthetic
CL-0116,MED_ACT,42,9,32.7,7/14/2027,338,FALSE,FALSE,0.25,FALSE,proxy_synthetic
CL-0116,MED_RDT_MAL,58,19,21.4,11/18/2027,465,FALSE,FALSE,0.32,FALSE,proxy_synthetic
CL-0116,MED_DENGUE_SUP,27,6,31.5,12/25/2027,502,FALSE,FALSE,0.25,FALSE,proxy_synthetic
CL-0116,MED_RDT_DEN,33,10,23.1,11/3/2027,450,FALSE,FALSE,0.28,TRUE,proxy_synthetic
CL-0116,MED_ORS,103,28,25.8,4/28/2028,627,FALSE,FALSE,0.33,FALSE,proxy_synthetic
CL-0116,MED_CHOLERA_KIT,55,6,64.2,5/17/2027,280,FALSE,FALSE,0.27,FALSE,proxy_synthetic
CL-0116,VAC_OCV,45,15,21.0,6/6/2027,300,FALSE,FALSE,0.28,TRUE,proxy_synthetic
CL-0116,VAC_MEASLES,18,7,18.0,12/19/2027,496,FALSE,FALSE,0.23,FALSE,proxy_synthetic
CL-0116,VAC_OPV,49,7,49.0,4/9/2027,242,FALSE,FALSE,0.29,FALSE,proxy_synthetic
CL-0116,VAC_PENTA,30,9,23.3,7/12/2028,702,FALSE,FALSE,0.24,TRUE,proxy_synthetic
CL-0116,VAC_TT,70,8,61.2,11/4/2026,86,FALSE,TRUE,0.46,FALSE,proxy_synthetic
CL-0116,MED_ANTIVENOM,17,2,59.5,2/4/2028,543,FALSE,FALSE,0.2,FALSE,proxy_synthetic
CL-0116,MED_SNAKE_ANTIVENOM,13,2,45.5,6/15/2027,309,FALSE,FALSE,0.27,FALSE,proxy_synthetic
CL-0116,MED_SNAKE_WOUND,27,5,37.8,11/23/2027,470,FALSE,FALSE,0.27,FALSE,proxy_synthetic
CL-0116,MED_OXYTOCIN,1,3,2.3,1/23/2028,531,TRUE,FALSE,0.77,TRUE,proxy_synthetic
CL-0116,MED_METFORMIN,49,9,38.1,5/11/2027,274,FALSE,FALSE,0.23,FALSE,proxy_synthetic
CL-0116,MED_GLUCOSE,14,4,24.5,3/31/2027,233,FALSE,FALSE,0.27,FALSE,proxy_synthetic
CL-0116,MED_VIT_A,79,9,61.4,9/18/2027,404,FALSE,FALSE,0.25,TRUE,proxy_synthetic
CL-0116,MED_MUAC_KIT,10,3,23.3,1/18/2028,526,FALSE,FALSE,0.27,FALSE,proxy_synthetic
CL-0116,MED_ZINC_MAL,53,14,26.5,6/10/2027,304,FALSE,FALSE,0.29,FALSE,proxy_synthetic
CL-0117,MED_ACT,49,7,49.0,3/23/2027,225,FALSE,FALSE,0.27,FALSE,proxy_synthetic
CL-0117,MED_RDT_MAL,115,16,50.3,9/14/2027,400,FALSE,FALSE,0.29,FALSE,proxy_synthetic
CL-0117,MED_DENGUE_SUP,25,6,29.2,3/10/2027,212,FALSE,FALSE,0.32,FALSE,proxy_synthetic
CL-0117,MED_RDT_DEN,32,8,28.0,11/20/2027,467,FALSE,FALSE,0.33,TRUE,proxy_synthetic
CL-0117,MED_ORS,231,33,49.0,7/1/2028,691,FALSE,FALSE,0.21,FALSE,proxy_synthetic
CL-0117,MED_CHOLERA_KIT,48,7,48.0,10/26/2027,442,FALSE,FALSE,0.22,FALSE,proxy_synthetic
CL-0117,VAC_OCV,68,16,29.8,8/16/2027,371,FALSE,FALSE,0.3,FALSE,proxy_synthetic
CL-0117,VAC_MEASLES,28,6,32.7,8/28/2027,383,FALSE,FALSE,0.31,FALSE,proxy_synthetic
CL-0117,VAC_OPV,38,8,33.2,3/20/2027,222,FALSE,FALSE,0.21,FALSE,proxy_synthetic
CL-0117,VAC_PENTA,14,5,19.6,4/24/2027,257,FALSE,FALSE,0.27,FALSE,proxy_synthetic
CL-0117,VAC_TT,41,6,47.8,5/20/2027,283,FALSE,FALSE,0.27,FALSE,proxy_synthetic
CL-0117,MED_ANTIVENOM,7,2,24.5,11/2/2027,449,FALSE,FALSE,0.25,FALSE,proxy_synthetic
CL-0117,MED_SNAKE_ANTIVENOM,12,3,28.0,6/16/2028,676,FALSE,FALSE,0.23,FALSE,proxy_synthetic
CL-0117,MED_SNAKE_WOUND,16,4,28.0,11/4/2026,86,FALSE,TRUE,0.5,FALSE,proxy_synthetic
CL-0117,MED_OXYTOCIN,26,3,60.7,10/8/2027,424,FALSE,FALSE,0.21,FALSE,proxy_synthetic
CL-0117,MED_METFORMIN,96,11,61.1,1/11/2027,154,FALSE,TRUE,0.3,FALSE,proxy_synthetic
CL-0117,MED_GLUCOSE,3,5,4.2,8/19/2027,374,TRUE,FALSE,0.67,FALSE,proxy_synthetic
CL-0117,MED_VIT_A,42,6,49.0,3/19/2028,587,FALSE,FALSE,0.27,FALSE,proxy_synthetic
CL-0117,MED_MUAC_KIT,1,3,2.3,11/29/2026,111,TRUE,TRUE,0.92,FALSE,proxy_synthetic
CL-0117,MED_ZINC_MAL,82,16,35.9,4/29/2028,628,FALSE,FALSE,0.29,TRUE,proxy_synthetic
CL-0118,MED_ACT,110,21,36.7,12/21/2027,498,FALSE,FALSE,0.33,FALSE,proxy_synthetic
CL-0118,MED_RDT_MAL,219,45,34.1,9/7/2027,393,FALSE,FALSE,0.32,FALSE,proxy_synthetic
CL-0118,MED_DENGUE_SUP,94,15,43.9,9/3/2027,389,FALSE,FALSE,0.28,TRUE,proxy_synthetic
CL-0118,MED_RDT_DEN,106,29,25.6,8/22/2027,377,FALSE,FALSE,0.26,FALSE,proxy_synthetic
CL-0118,MED_ORS,28,95,2.1,7/4/2028,694,TRUE,FALSE,0.82,FALSE,proxy_synthetic
CL-0118,MED_CHOLERA_KIT,155,18,60.3,3/4/2028,572,FALSE,FALSE,0.29,FALSE,proxy_synthetic
CL-0118,VAC_OCV,357,44,56.8,8/19/2027,374,FALSE,FALSE,0.31,FALSE,proxy_synthetic
CL-0118,VAC_MEASLES,144,19,53.1,4/3/2027,236,FALSE,FALSE,0.22,FALSE,proxy_synthetic
CL-0118,VAC_OPV,167,25,46.8,6/30/2027,324,FALSE,FALSE,0.33,FALSE,proxy_synthetic
CL-0118,VAC_PENTA,117,17,48.2,10/20/2027,436,FALSE,FALSE,0.21,TRUE,proxy_synthetic
CL-0118,VAC_TT,64,14,32.0,6/28/2028,688,FALSE,FALSE,0.32,FALSE,proxy_synthetic
CL-0118,MED_ANTIVENOM,30,5,42.0,12/3/2027,480,FALSE,FALSE,0.26,FALSE,proxy_synthetic
CL-0118,MED_SNAKE_ANTIVENOM,34,5,47.6,11/23/2027,470,FALSE,FALSE,0.31,FALSE,proxy_synthetic
CL-0118,MED_SNAKE_WOUND,2,8,1.8,11/17/2027,464,TRUE,FALSE,0.82,FALSE,proxy_synthetic
CL-0118,MED_OXYTOCIN,27,10,18.9,1/30/2028,538,FALSE,FALSE,0.33,FALSE,proxy_synthetic
CL-0118,MED_METFORMIN,237,29,57.2,12/31/2027,508,FALSE,FALSE,0.26,TRUE,proxy_synthetic
CL-0118,MED_GLUCOSE,98,15,45.7,4/19/2028,618,FALSE,FALSE,0.21,FALSE,proxy_synthetic
CL-0118,MED_VIT_A,129,17,53.1,11/3/2027,450,FALSE,FALSE,0.31,FALSE,proxy_synthetic
CL-0118,MED_MUAC_KIT,64,9,49.8,1/5/2027,148,FALSE,TRUE,0.29,TRUE,proxy_synthetic
CL-0118,MED_ZINC_MAL,90,34,18.5,12/8/2027,485,FALSE,FALSE,0.33,FALSE,proxy_synthetic
CL-0118,VAC_HEPB,42,9,32.7,1/3/2027,146,FALSE,TRUE,0.31,FALSE,proxy_synthetic
CL-0118,VAC_BCG,125,15,58.3,3/30/2027,232,FALSE,FALSE,0.25,FALSE,proxy_synthetic
CL-0118,VAC_MR,44,11,28.0,11/19/2026,101,FALSE,TRUE,0.43,FALSE,proxy_synthetic
CL-0118,MED_TETANUS,36,7,36.0,6/7/2028,667,FALSE,FALSE,0.21,FALSE,proxy_synthetic
CL-0118,MED_DIABETES_INSULIN,57,9,44.3,7/7/2027,331,FALSE,FALSE,0.29,FALSE,proxy_synthetic
CL-0118,MED_GLIBENCLAMIDE,182,20,63.7,5/16/2028,645,FALSE,FALSE,0.26,FALSE,proxy_synthetic
CL-0118,MED_GLUCAGON,8,2,28.0,5/11/2028,640,FALSE,FALSE,0.32,TRUE,proxy_synthetic
CL-0118,MED_RUTF,78,16,34.1,4/28/2027,261,FALSE,FALSE,0.24,FALSE,proxy_synthetic
CL-0118,MED_F75,1,5,1.4,7/6/2027,330,TRUE,FALSE,0.85,FALSE,proxy_synthetic
CL-0118,MED_F100,39,5,54.6,3/11/2027,213,FALSE,FALSE,0.34,FALSE,proxy_synthetic
CL-0118,MED_THERAPEUTIC_FEED,21,5,29.4,1/1/2027,144,FALSE,TRUE,0.31,FALSE,proxy_synthetic
CL-0119,MED_ACT,4,5,5.6,6/24/2028,684,TRUE,FALSE,0.55,FALSE,proxy_synthetic
CL-0119,MED_RDT_MAL,85,16,37.2,1/12/2028,520,FALSE,FALSE,0.34,TRUE,proxy_synthetic
CL-0119,MED_DENGUE_SUP,21,6,24.5,3/11/2027,213,FALSE,FALSE,0.22,FALSE,proxy_synthetic
CL-0119,MED_RDT_DEN,42,7,42.0,12/23/2026,135,FALSE,TRUE,0.32,FALSE,proxy_synthetic
CL-0119,MED_ORS,142,22,45.2,4/21/2028,620,FALSE,FALSE,0.34,FALSE,proxy_synthetic
CL-0119,MED_CHOLERA_KIT,3,6,3.5,3/20/2028,588,TRUE,FALSE,0.75,FALSE,proxy_synthetic
CL-0119,VAC_OCV,3,13,1.6,3/24/2028,592,TRUE,FALSE,0.84,FALSE,proxy_synthetic
CL-0119,VAC_MEASLES,26,6,30.3,6/30/2028,690,FALSE,FALSE,0.22,FALSE,proxy_synthetic
CL-0119,VAC_OPV,49,8,42.9,3/27/2027,229,FALSE,FALSE,0.27,FALSE,proxy_synthetic
CL-0119,VAC_PENTA,5,6,5.8,6/29/2028,689,TRUE,FALSE,0.58,FALSE,proxy_synthetic
CL-0119,VAC_TT,39,5,54.6,3/27/2027,229,FALSE,FALSE,0.25,TRUE,proxy_synthetic
CL-0119,MED_ANTIVENOM,3,1,21.0,12/16/2027,493,FALSE,FALSE,0.27,FALSE,proxy_synthetic
CL-0119,MED_SNAKE_ANTIVENOM,8,2,28.0,4/4/2028,603,FALSE,FALSE,0.27,FALSE,proxy_synthetic
CL-0119,MED_SNAKE_WOUND,13,2,45.5,5/6/2027,269,FALSE,FALSE,0.34,TRUE,proxy_synthetic
CL-0119,MED_OXYTOCIN,27,3,63.0,10/25/2026,76,FALSE,TRUE,0.49,TRUE,proxy_synthetic
CL-0119,MED_METFORMIN,20,7,20.0,2/10/2028,549,FALSE,FALSE,0.23,FALSE,proxy_synthetic
CL-0119,MED_GLUCOSE,30,4,52.5,11/2/2027,449,FALSE,FALSE,0.2,FALSE,proxy_synthetic
CL-0119,MED_VIT_A,2,4,3.5,5/14/2028,643,TRUE,FALSE,0.71,TRUE,proxy_synthetic
CL-0119,MED_MUAC_KIT,16,2,56.0,4/8/2027,241,FALSE,FALSE,0.27,FALSE,proxy_synthetic
CL-0119,MED_ZINC_MAL,32,9,24.9,12/14/2027,491,FALSE,FALSE,0.27,FALSE,proxy_synthetic
CL-0120,MED_ACT,68,9,52.9,5/13/2028,642,FALSE,FALSE,0.29,TRUE,proxy_synthetic
CL-0120,MED_RDT_MAL,6,13,3.2,4/23/2027,256,TRUE,FALSE,0.76,FALSE,proxy_synthetic
CL-0120,MED_DENGUE_SUP,41,6,47.8,7/16/2027,340,FALSE,FALSE,0.22,FALSE,proxy_synthetic
CL-0120,MED_RDT_DEN,31,6,36.2,10/7/2027,423,FALSE,FALSE,0.23,FALSE,proxy_synthetic
CL-0120,MED_ORS,159,22,50.6,7/3/2028,693,FALSE,FALSE,0.22,TRUE,proxy_synthetic
CL-0120,MED_CHOLERA_KIT,29,7,29.0,10/1/2027,417,FALSE,FALSE,0.22,FALSE,proxy_synthetic
CL-0120,VAC_OCV,78,12,45.5,12/3/2026,115,FALSE,TRUE,0.39,TRUE,proxy_synthetic
CL-0120,VAC_MEASLES,48,6,56.0,3/21/2027,223,FALSE,FALSE,0.27,FALSE,proxy_synthetic
CL-0120,VAC_OPV,17,6,19.8,3/30/2027,232,FALSE,FALSE,0.22,FALSE,proxy_synthetic
CL-0120,VAC_PENTA,3,6,3.5,1/29/2028,537,TRUE,FALSE,0.71,FALSE,proxy_synthetic
CL-0120,VAC_TT,3,4,5.2,6/26/2028,686,TRUE,FALSE,0.59,FALSE,proxy_synthetic
CL-0120,MED_ANTIVENOM,1,2,3.5,7/18/2028,708,TRUE,FALSE,0.68,FALSE,proxy_synthetic
CL-0120,MED_SNAKE_ANTIVENOM,8,2,28.0,2/2/2027,176,FALSE,TRUE,0.23,FALSE,proxy_synthetic
CL-0120,MED_SNAKE_WOUND,15,4,26.2,2/6/2028,545,FALSE,FALSE,0.2,FALSE,proxy_synthetic
CL-0120,MED_OXYTOCIN,23,3,53.7,1/4/2027,147,FALSE,TRUE,0.27,FALSE,proxy_synthetic
CL-0120,MED_METFORMIN,51,11,32.5,4/23/2028,622,FALSE,FALSE,0.27,TRUE,proxy_synthetic
CL-0120,MED_GLUCOSE,15,4,26.2,9/7/2027,393,FALSE,FALSE,0.21,FALSE,proxy_synthetic
CL-0120,MED_VIT_A,3,6,3.5,3/14/2028,582,TRUE,FALSE,0.77,TRUE,proxy_synthetic
CL-0120,MED_MUAC_KIT,15,3,35.0,5/5/2027,268,FALSE,FALSE,0.21,TRUE,proxy_synthetic
CL-0120,MED_ZINC_MAL,11,14,5.5,6/26/2028,686,TRUE,FALSE,0.57,TRUE,proxy_synthetic
CL-0121,MED_ACT,132,25,37.0,7/29/2027,353,FALSE,FALSE,0.29,FALSE,proxy_synthetic
CL-0121,MED_RDT_MAL,223,41,38.1,1/13/2028,521,FALSE,FALSE,0.3,TRUE,proxy_synthetic
CL-0121,MED_DENGUE_SUP,147,17,60.5,5/31/2027,294,FALSE,FALSE,0.27,TRUE,proxy_synthetic
CL-0121,MED_RDT_DEN,168,24,49.0,1/4/2028,512,FALSE,FALSE,0.22,TRUE,proxy_synthetic
CL-0121,MED_ORS,221,64,24.2,3/31/2027,233,FALSE,FALSE,0.26,FALSE,proxy_synthetic
CL-0121,MED_CHOLERA_KIT,155,20,54.2,6/17/2027,311,FALSE,FALSE,0.29,FALSE,proxy_synthetic
CL-0121,VAC_OCV,10,31,2.3,12/3/2027,480,TRUE,FALSE,0.79,FALSE,proxy_synthetic
CL-0121,VAC_MEASLES,53,13,28.5,9/29/2027,415,FALSE,FALSE,0.24,TRUE,proxy_synthetic
CL-0121,VAC_OPV,3,24,0.9,1/5/2027,148,TRUE,TRUE,0.97,TRUE,proxy_synthetic
CL-0121,VAC_PENTA,5,21,1.7,4/8/2027,241,TRUE,FALSE,0.85,TRUE,proxy_synthetic
CL-0121,VAC_TT,63,14,31.5,10/3/2027,419,FALSE,FALSE,0.24,TRUE,proxy_synthetic
CL-0121,MED_ANTIVENOM,19,3,44.3,8/5/2028,726,FALSE,FALSE,0.22,TRUE,proxy_synthetic
CL-0121,MED_SNAKE_ANTIVENOM,6,8,5.2,9/23/2027,409,TRUE,FALSE,0.59,FALSE,proxy_synthetic
CL-0121,MED_SNAKE_WOUND,71,8,62.1,1/3/2028,511,FALSE,FALSE,0.28,FALSE,proxy_synthetic
CL-0121,MED_OXYTOCIN,67,10,46.9,12/4/2027,481,FALSE,FALSE,0.31,FALSE,proxy_synthetic
CL-0121,MED_METFORMIN,285,32,62.3,12/16/2027,493,FALSE,FALSE,0.27,TRUE,proxy_synthetic
CL-0121,MED_GLUCOSE,8,10,5.6,7/22/2028,712,TRUE,FALSE,0.54,FALSE,proxy_synthetic
CL-0121,MED_VIT_A,64,19,23.6,1/16/2027,159,FALSE,TRUE,0.27,TRUE,proxy_synthetic
CL-0121,MED_MUAC_KIT,56,8,49.0,9/15/2027,401,FALSE,FALSE,0.24,FALSE,proxy_synthetic
CL-0121,MED_ZINC_MAL,186,40,32.5,6/14/2027,308,FALSE,FALSE,0.24,FALSE,proxy_synthetic
CL-0121,VAC_HEPB,28,6,32.7,10/1/2027,417,FALSE,FALSE,0.2,FALSE,proxy_synthetic
CL-0121,VAC_BCG,60,14,30.0,2/23/2028,562,FALSE,FALSE,0.33,FALSE,proxy_synthetic
CL-0121,VAC_MR,1,9,0.8,1/21/2027,164,TRUE,TRUE,1.0,FALSE,proxy_synthetic
CL-0121,MED_TETANUS,44,5,61.6,11/20/2027,467,FALSE,FALSE,0.29,FALSE,proxy_synthetic
CL-0121,MED_DIABETES_INSULIN,94,11,59.8,12/11/2026,123,FALSE,TRUE,0.33,FALSE,proxy_synthetic
CL-0121,MED_GLIBENCLAMIDE,62,13,33.4,7/4/2027,328,FALSE,FALSE,0.34,FALSE,proxy_synthetic
CL-0121,MED_GLUCAGON,9,1,63.0,7/17/2028,707,FALSE,FALSE,0.2,FALSE,proxy_synthetic
CL-0121,MED_RUTF,8,12,4.7,12/9/2027,486,TRUE,FALSE,0.61,FALSE,proxy_synthetic
CL-0121,MED_F75,39,5,54.6,8/28/2027,383,FALSE,FALSE,0.2,FALSE,proxy_synthetic
CL-0121,MED_F100,1,5,1.4,6/3/2027,297,TRUE,FALSE,0.89,TRUE,proxy_synthetic
CL-0121,MED_THERAPEUTIC_FEED,1,4,1.8,11/24/2027,471,TRUE,FALSE,0.84,FALSE,proxy_synthetic
CL-0122,MED_ACT,83,9,64.6,1/4/2027,147,FALSE,TRUE,0.3,FALSE,proxy_synthetic
CL-0122,MED_RDT_MAL,51,15,23.8,5/31/2027,294,FALSE,FALSE,0.28,FALSE,proxy_synthetic
CL-0122,MED_DENGUE_SUP,46,6,53.7,11/15/2027,462,FALSE,FALSE,0.33,FALSE,proxy_synthetic
CL-0122,MED_RDT_DEN,67,9,52.1,6/11/2027,305,FALSE,FALSE,0.23,TRUE,proxy_synthetic
CL-0122,MED_ORS,216,26,58.2,5/7/2028,636,FALSE,FALSE,0.2,FALSE,proxy_synthetic
CL-0122,MED_CHOLERA_KIT,3,6,3.5,1/15/2028,523,TRUE,FALSE,0.72,FALSE,proxy_synthetic
CL-0122,VAC_OCV,76,12,44.3,11/9/2027,456,FALSE,FALSE,0.26,TRUE,proxy_synthetic
CL-0122,VAC_MEASLES,61,8,53.4,12/3/2026,115,FALSE,TRUE,0.42,FALSE,proxy_synthetic
CL-0122,VAC_OPV,48,8,42.0,6/11/2027,305,FALSE,FALSE,0.26,FALSE,proxy_synthetic
CL-0122,VAC_PENTA,25,7,25.0,2/3/2027,177,FALSE,TRUE,0.24,FALSE,proxy_synthetic
CL-0122,VAC_TT,39,7,39.0,7/26/2027,350,FALSE,FALSE,0.29,FALSE,proxy_synthetic
CL-0122,MED_ANTIVENOM,13,2,45.5,9/11/2027,397,FALSE,FALSE,0.21,FALSE,proxy_synthetic
CL-0122,MED_SNAKE_ANTIVENOM,12,2,42.0,8/11/2027,366,FALSE,FALSE,0.22,TRUE,proxy_synthetic
CL-0122,MED_SNAKE_WOUND,19,4,33.2,10/11/2027,427,FALSE,FALSE,0.31,FALSE,proxy_synthetic
CL-0122,MED_OXYTOCIN,1,3,2.3,10/10/2027,426,TRUE,FALSE,0.79,TRUE,proxy_synthetic
CL-0122,MED_METFORMIN,55,11,35.0,6/5/2027,299,FALSE,FALSE,0.35,FALSE,proxy_synthetic
CL-0122,MED_GLUCOSE,32,4,56.0,4/30/2027,263,FALSE,FALSE,0.31,FALSE,proxy_synthetic
CL-0122,MED_VIT_A,31,5,43.4,3/10/2027,212,FALSE,FALSE,0.3,TRUE,proxy_synthetic
CL-0122,MED_MUAC_KIT,16,2,56.0,5/27/2028,656,FALSE,FALSE,0.32,FALSE,proxy_synthetic
CL-0122,MED_ZINC_MAL,111,14,55.5,8/2/2028,723,FALSE,FALSE,0.26,FALSE,proxy_synthetic
CL-0123,MED_ACT,32,4,56.0,6/7/2027,301,FALSE,FALSE,0.22,FALSE,proxy_synthetic
CL-0123,MED_RDT_MAL,36,8,31.5,5/7/2027,270,FALSE,FALSE,0.33,TRUE,proxy_synthetic
CL-0123,MED_DENGUE_SUP,30,4,52.5,3/10/2027,212,FALSE,FALSE,0.34,FALSE,proxy_synthetic
CL-0123,MED_RDT_DEN,34,4,59.5,1/8/2028,516,FALSE,FALSE,0.23,TRUE,proxy_synthetic
CL-0123,MED_ORS,7,17,2.9,1/24/2028,532,TRUE,FALSE,0.76,TRUE,proxy_synthetic
CL-0123,MED_CHOLERA_KIT,12,3,28.0,10/31/2027,447,FALSE,FALSE,0.22,TRUE,proxy_synthetic
CL-0123,VAC_OCV,59,9,45.9,1/28/2028,536,FALSE,FALSE,0.26,FALSE,proxy_synthetic
CL-0123,VAC_MEASLES,16,3,37.3,3/22/2028,590,FALSE,FALSE,0.34,FALSE,proxy_synthetic
CL-0123,VAC_OPV,15,5,21.0,3/22/2027,224,FALSE,FALSE,0.3,FALSE,proxy_synthetic
CL-0123,VAC_PENTA,19,4,33.2,3/13/2027,215,FALSE,FALSE,0.22,TRUE,proxy_synthetic
CL-0123,VAC_TT,18,3,42.0,3/20/2027,222,FALSE,FALSE,0.34,FALSE,proxy_synthetic
CL-0123,MED_ANTIVENOM,6,1,42.0,10/26/2026,77,FALSE,TRUE,0.49,FALSE,proxy_synthetic
CL-0123,MED_SNAKE_ANTIVENOM,6,1,42.0,5/2/2027,265,FALSE,FALSE,0.2,FALSE,proxy_synthetic
CL-0123,MED_SNAKE_WOUND,18,2,63.0,6/12/2028,672,FALSE,FALSE,0.3,FALSE,proxy_synthetic
CL-0123,MED_OXYTOCIN,9,2,31.5,5/8/2027,271,FALSE,FALSE,0.23,FALSE,proxy_synthetic
CL-0123,MED_METFORMIN,27,5,37.8,6/15/2028,675,FALSE,FALSE,0.2,FALSE,proxy_synthetic
CL-0123,MED_GLUCOSE,22,3,51.3,9/6/2027,392,FALSE,FALSE,0.33,FALSE,proxy_synthetic
CL-0123,MED_VIT_A,21,3,49.0,4/23/2028,622,FALSE,FALSE,0.22,FALSE,proxy_synthetic
CL-0123,MED_MUAC_KIT,16,2,56.0,3/28/2027,230,FALSE,FALSE,0.35,FALSE,proxy_synthetic
CL-0123,MED_ZINC_MAL,74,9,57.6,2/15/2028,554,FALSE,FALSE,0.2,FALSE,proxy_synthetic
CL-0124,MED_ACT,209,38,38.5,7/9/2027,333,FALSE,FALSE,0.33,FALSE,proxy_synthetic
CL-0124,MED_RDT_MAL,550,65,59.2,6/19/2027,313,FALSE,FALSE,0.31,FALSE,proxy_synthetic
CL-0124,MED_DENGUE_SUP,171,33,36.3,1/27/2027,170,FALSE,TRUE,0.24,FALSE,proxy_synthetic
CL-0124,MED_RDT_DEN,332,43,54.0,4/26/2027,259,FALSE,FALSE,0.33,FALSE,proxy_synthetic
CL-0124,MED_ORS,1073,128,58.7,8/4/2027,359,FALSE,FALSE,0.33,FALSE,proxy_synthetic
CL-0124,MED_CHOLERA_KIT,19,25,5.3,1/2/2028,510,TRUE,FALSE,0.6,FALSE,proxy_synthetic
CL-0124,VAC_OCV,296,72,28.8,11/22/2026,104,FALSE,TRUE,0.44,FALSE,proxy_synthetic
CL-0124,VAC_MEASLES,166,32,36.3,2/27/2028,566,FALSE,FALSE,0.24,FALSE,proxy_synthetic
CL-0124,VAC_OPV,174,42,29.0,3/21/2027,223,FALSE,FALSE,0.25,FALSE,proxy_synthetic
CL-0124,VAC_PENTA,195,33,41.4,7/16/2028,706,FALSE,FALSE,0.27,FALSE,proxy_synthetic
CL-0124,VAC_TT,216,24,63.0,7/14/2027,338,FALSE,FALSE,0.25,FALSE,proxy_synthetic
CL-0124,MED_ANTIVENOM,4,8,3.5,12/1/2026,113,TRUE,TRUE,0.78,FALSE,proxy_synthetic
CL-0124,MED_SNAKE_ANTIVENOM,36,11,22.9,5/27/2027,290,FALSE,FALSE,0.33,FALSE,proxy_synthetic
CL-0124,MED_SNAKE_WOUND,96,17,39.5,9/22/2027,408,FALSE,FALSE,0.22,FALSE,proxy_synthetic
CL-0124,MED_OXYTOCIN,120,13,64.6,10/6/2027,422,FALSE,FALSE,0.27,TRUE,proxy_synthetic
CL-0124,MED_METFORMIN,107,39,19.2,5/8/2028,637,FALSE,FALSE,0.27,FALSE,proxy_synthetic
CL-0124,MED_GLUCOSE,122,21,40.7,3/31/2028,599,FALSE,FALSE,0.27,FALSE,proxy_synthetic
CL-0124,MED_VIT_A,111,24,32.4,3/17/2027,219,FALSE,FALSE,0.23,FALSE,proxy_synthetic
CL-0124,MED_MUAC_KIT,77,13,41.5,10/31/2027,447,FALSE,FALSE,0.23,TRUE,proxy_synthetic
CL-0124,MED_ZINC_MAL,465,60,54.2,12/6/2027,483,FALSE,FALSE,0.35,FALSE,proxy_synthetic
CL-0124,VAC_HEPB,55,12,32.1,11/28/2026,110,FALSE,TRUE,0.4,TRUE,proxy_synthetic
CL-0124,VAC_BCG,71,14,35.5,11/2/2027,449,FALSE,FALSE,0.21,FALSE,proxy_synthetic
CL-0124,VAC_MR,119,16,52.1,9/25/2027,411,FALSE,FALSE,0.26,TRUE,proxy_synthetic
CL-0124,MED_TETANUS,61,10,42.7,4/29/2028,628,FALSE,FALSE,0.29,FALSE,proxy_synthetic
CL-0124,MED_DIABETES_INSULIN,4,15,1.9,11/25/2027,472,TRUE,FALSE,0.81,TRUE,proxy_synthetic
CL-0124,MED_GLIBENCLAMIDE,234,30,54.6,9/3/2027,389,FALSE,FALSE,0.2,FALSE,proxy_synthetic
CL-0124,MED_GLUCAGON,17,3,39.7,3/13/2028,581,FALSE,FALSE,0.34,FALSE,proxy_synthetic
CL-0124,MED_RUTF,116,27,30.1,11/1/2026,83,FALSE,TRUE,0.5,FALSE,proxy_synthetic
CL-0124,MED_F75,45,6,52.5,5/22/2028,651,FALSE,FALSE,0.27,FALSE,proxy_synthetic
CL-0124,MED_F100,19,6,22.2,3/22/2027,224,FALSE,FALSE,0.32,FALSE,proxy_synthetic
CL-0124,MED_THERAPEUTIC_FEED,24,6,28.0,4/29/2028,628,FALSE,FALSE,0.27,TRUE,proxy_synthetic
CL-0125,MED_ACT,27,3,63.0,4/29/2027,262,FALSE,FALSE,0.31,FALSE,proxy_synthetic
CL-0125,MED_RDT_MAL,59,10,41.3,1/10/2028,518,FALSE,FALSE,0.22,TRUE,proxy_synthetic
CL-0125,MED_DENGUE_SUP,34,4,59.5,6/6/2027,300,FALSE,FALSE,0.33,FALSE,proxy_synthetic
CL-0125,MED_RDT_DEN,1,5,1.4,11/29/2026,111,TRUE,TRUE,0.97,TRUE,proxy_synthetic
CL-0125,MED_ORS,4,11,2.5,12/27/2027,504,TRUE,FALSE,0.78,FALSE,proxy_synthetic
CL-0125,MED_CHOLERA_KIT,13,3,30.3,4/8/2027,241,FALSE,FALSE,0.28,FALSE,proxy_synthetic
CL-0125,VAC_OCV,61,8,53.4,4/14/2028,613,FALSE,FALSE,0.21,FALSE,proxy_synthetic
CL-0125,VAC_MEASLES,26,3,60.7,6/20/2028,680,FALSE,FALSE,0.24,TRUE,proxy_synthetic
CL-0125,VAC_OPV,15,4,26.2,4/28/2027,261,FALSE,FALSE,0.23,TRUE,proxy_synthetic
CL-0125,VAC_PENTA,18,4,31.5,7/9/2028,699,FALSE,FALSE,0.34,TRUE,proxy_synthetic
CL-0125,VAC_TT,23,3,53.7,8/23/2027,378,FALSE,FALSE,0.21,FALSE,proxy_synthetic
CL-0125,MED_ANTIVENOM,9,1,63.0,3/3/2028,571,FALSE,FALSE,0.23,FALSE,proxy_synthetic
CL-0125,MED_SNAKE_ANTIVENOM,9,1,63.0,12/13/2027,490,FALSE,FALSE,0.21,FALSE,proxy_synthetic
CL-0125,MED_SNAKE_WOUND,10,2,35.0,2/2/2027,176,FALSE,TRUE,0.22,FALSE,proxy_synthetic
CL-0125,MED_OXYTOCIN,11,2,38.5,9/22/2027,408,FALSE,FALSE,0.25,TRUE,proxy_synthetic
CL-0125,MED_METFORMIN,28,6,32.7,1/6/2028,514,FALSE,FALSE,0.24,FALSE,proxy_synthetic
CL-0125,MED_GLUCOSE,1,2,3.5,12/15/2027,492,TRUE,FALSE,0.71,FALSE,proxy_synthetic
CL-0125,MED_VIT_A,33,4,57.8,10/15/2026,66,FALSE,TRUE,0.53,TRUE,proxy_synthetic
CL-0125,MED_MUAC_KIT,2,3,4.7,1/10/2028,518,TRUE,FALSE,0.64,FALSE,proxy_synthetic
CL-0125,MED_ZINC_MAL,68,8,59.5,3/25/2027,227,FALSE,FALSE,0.24,FALSE,proxy_synthetic
CL-0126,MED_ACT,241,28,60.2,6/13/2027,307,FALSE,FALSE,0.23,TRUE,proxy_synthetic
CL-0126,MED_RDT_MAL,176,62,19.9,12/21/2027,498,FALSE,FALSE,0.32,FALSE,proxy_synthetic
CL-0126,MED_DENGUE_SUP,27,37,5.1,6/21/2027,315,TRUE,FALSE,0.62,FALSE,proxy_synthetic
CL-0126,MED_RDT_DEN,168,41,28.7,8/11/2027,366,FALSE,FALSE,0.28,FALSE,proxy_synthetic
CL-0126,MED_ORS,30,137,1.5,6/16/2027,310,TRUE,FALSE,0.88,FALSE,proxy_synthetic
CL-0126,MED_CHOLERA_KIT,68,26,18.3,8/29/2027,384,FALSE,FALSE,0.31,FALSE,proxy_synthetic
CL-0126,VAC_OCV,50,72,4.9,3/18/2028,586,TRUE,FALSE,0.64,TRUE,proxy_synthetic
CL-0126,VAC_MEASLES,23,35,4.6,9/21/2027,407,TRUE,FALSE,0.65,FALSE,proxy_synthetic
CL-0126,VAC_OPV,11,45,1.7,4/4/2027,237,TRUE,FALSE,0.83,FALSE,proxy_synthetic
CL-0126,VAC_PENTA,98,27,25.4,9/16/2027,402,FALSE,FALSE,0.29,FALSE,proxy_synthetic
CL-0126,VAC_TT,224,26,60.3,7/29/2028,719,FALSE,FALSE,0.21,TRUE,proxy_synthetic
CL-0126,MED_ANTIVENOM,2,7,2.0,7/6/2027,330,TRUE,FALSE,0.79,FALSE,proxy_synthetic
CL-0126,MED_SNAKE_ANTIVENOM,63,9,49.0,6/24/2028,684,FALSE,FALSE,0.24,TRUE,proxy_synthetic
CL-0126,MED_SNAKE_WOUND,162,19,59.7,10/26/2027,442,FALSE,FALSE,0.31,TRUE,proxy_synthetic
CL-0126,MED_OXYTOCIN,113,15,52.7,7/21/2027,345,FALSE,FALSE,0.33,FALSE,proxy_synthetic
CL-0126,MED_METFORMIN,114,38,21.0,5/25/2028,654,FALSE,FALSE,0.25,FALSE,proxy_synthetic
CL-0126,MED_GLUCOSE,63,18,24.5,5/2/2027,265,FALSE,FALSE,0.24,FALSE,proxy_synthetic
CL-0126,MED_VIT_A,262,30,61.1,5/20/2027,283,FALSE,FALSE,0.27,FALSE,proxy_synthetic
CL-0126,MED_MUAC_KIT,100,12,58.3,4/26/2027,259,FALSE,FALSE,0.28,FALSE,proxy_synthetic
CL-0126,MED_ZINC_MAL,255,54,33.1,4/20/2028,619,FALSE,FALSE,0.29,FALSE,proxy_synthetic
CL-0126,VAC_HEPB,112,18,43.6,10/10/2027,426,FALSE,FALSE,0.3,FALSE,proxy_synthetic
CL-0126,VAC_BCG,70,17,28.8,12/18/2026,130,FALSE,TRUE,0.38,FALSE,proxy_synthetic
CL-0126,VAC_MR,121,18,47.1,11/19/2026,101,FALSE,TRUE,0.42,FALSE,proxy_synthetic
CL-0126,MED_TETANUS,43,9,33.4,4/3/2028,602,FALSE,FALSE,0.31,FALSE,proxy_synthetic
CL-0126,MED_DIABETES_INSULIN,155,17,63.8,10/13/2027,429,FALSE,FALSE,0.32,TRUE,proxy_synthetic
CL-0126,MED_GLIBENCLAMIDE,16,34,3.3,5/12/2027,275,TRUE,FALSE,0.7,FALSE,proxy_synthetic
CL-0126,MED_GLUCAGON,8,2,28.0,5/18/2028,647,FALSE,FALSE,0.31,TRUE,proxy_synthetic
CL-0126,MED_RUTF,95,26,25.6,8/30/2027,385,FALSE,FALSE,0.31,FALSE,proxy_synthetic
CL-0126,MED_F75,62,7,62.0,3/20/2028,588,FALSE,FALSE,0.35,FALSE,proxy_synthetic
CL-0126,MED_F100,61,8,53.4,1/25/2028,533,FALSE,FALSE,0.21,FALSE,proxy_synthetic
CL-0126,MED_THERAPEUTIC_FEED,40,9,31.1,12/20/2027,497,FALSE,FALSE,0.29,FALSE,proxy_synthetic
CL-0127,MED_ACT,31,6,36.2,10/16/2027,432,FALSE,FALSE,0.22,FALSE,proxy_synthetic
CL-0127,MED_RDT_MAL,54,11,34.4,1/8/2028,516,FALSE,FALSE,0.25,TRUE,proxy_synthetic
CL-0127,MED_DENGUE_SUP,28,4,49.0,11/6/2026,88,FALSE,TRUE,0.49,TRUE,proxy_synthetic
CL-0127,MED_RDT_DEN,20,5,28.0,4/19/2027,252,FALSE,FALSE,0.24,FALSE,proxy_synthetic
CL-0127,MED_ORS,82,16,35.9,10/15/2026,66,FALSE,TRUE,0.54,FALSE,proxy_synthetic
CL-0127,MED_CHOLERA_KIT,3,6,3.5,11/26/2026,108,TRUE,TRUE,0.78,FALSE,proxy_synthetic
CL-0127,VAC_OCV,76,9,59.1,6/25/2027,319,FALSE,FALSE,0.28,FALSE,proxy_synthetic
CL-0127,VAC_MEASLES,16,4,28.0,11/11/2026,93,FALSE,TRUE,0.48,FALSE,proxy_synthetic
CL-0127,VAC_OPV,28,7,28.0,4/4/2027,237,FALSE,FALSE,0.26,TRUE,proxy_synthetic
CL-0127,VAC_PENTA,27,6,31.5,11/30/2026,112,FALSE,TRUE,0.42,TRUE,proxy_synthetic
CL-0127,VAC_TT,1,3,2.3,8/4/2027,359,TRUE,FALSE,0.81,TRUE,proxy_synthetic
CL-0127,MED_ANTIVENOM,6,1,42.0,10/11/2027,427,FALSE,FALSE,0.34,TRUE,proxy_synthetic
CL-0127,MED_SNAKE_ANTIVENOM,9,2,31.5,1/24/2028,532,FALSE,FALSE,0.21,FALSE,proxy_synthetic
CL-0127,MED_SNAKE_WOUND,1,3,2.3,11/27/2027,474,TRUE,FALSE,0.8,FALSE,proxy_synthetic
CL-0127,MED_OXYTOCIN,18,3,42.0,6/11/2027,305,FALSE,FALSE,0.24,TRUE,proxy_synthetic
CL-0127,MED_METFORMIN,36,9,28.0,4/10/2028,609,FALSE,FALSE,0.21,FALSE,proxy_synthetic
CL-0127,MED_GLUCOSE,23,3,53.7,11/22/2027,469,FALSE,FALSE,0.26,TRUE,proxy_synthetic
CL-0127,MED_VIT_A,18,5,25.2,4/10/2028,609,FALSE,FALSE,0.26,TRUE,proxy_synthetic
CL-0127,MED_MUAC_KIT,13,2,45.5,12/30/2026,142,FALSE,TRUE,0.32,FALSE,proxy_synthetic
CL-0127,MED_ZINC_MAL,82,9,63.8,11/18/2026,100,FALSE,TRUE,0.45,FALSE,proxy_synthetic
CL-0128,MED_ACT,29,5,40.6,6/4/2027,298,FALSE,FALSE,0.26,FALSE,proxy_synthetic
CL-0128,MED_RDT_MAL,24,9,18.7,9/9/2027,395,FALSE,FALSE,0.23,FALSE,proxy_synthetic
CL-0128,MED_DENGUE_SUP,18,4,31.5,9/21/2027,407,FALSE,FALSE,0.31,FALSE,proxy_synthetic
CL-0128,MED_RDT_DEN,30,5,42.0,7/28/2027,352,FALSE,FALSE,0.26,FALSE,proxy_synthetic
CL-0128,MED_ORS,118,17,48.6,6/4/2028,664,FALSE,FALSE,0.24,FALSE,proxy_synthetic
CL-0128,MED_CHOLERA_KIT,21,4,36.8,12/10/2027,487,FALSE,FALSE,0.32,FALSE,proxy_synthetic
CL-0128,VAC_OCV,59,7,59.0,11/22/2026,104,FALSE,TRUE,0.39,TRUE,proxy_synthetic
CL-0128,VAC_MEASLES,26,3,60.7,1/17/2027,160,FALSE,TRUE,0.26,TRUE,proxy_synthetic
CL-0128,VAC_OPV,36,5,50.4,6/29/2027,323,FALSE,FALSE,0.26,FALSE,proxy_synthetic
CL-0128,VAC_PENTA,34,4,59.5,1/24/2027,167,FALSE,TRUE,0.25,TRUE,proxy_synthetic
CL-0128,VAC_TT,12,3,28.0,2/4/2028,543,FALSE,FALSE,0.3,TRUE,proxy_synthetic
CL-0128,MED_ANTIVENOM,9,1,63.0,1/28/2027,171,FALSE,TRUE,0.25,TRUE,proxy_synthetic
CL-0128,MED_SNAKE_ANTIVENOM,8,1,56.0,2/3/2028,542,FALSE,FALSE,0.32,FALSE,proxy_synthetic
CL-0128,MED_SNAKE_WOUND,14,2,49.0,6/29/2027,323,FALSE,FALSE,0.31,FALSE,proxy_synthetic
CL-0128,MED_OXYTOCIN,1,2,3.5,10/1/2027,417,TRUE,FALSE,0.7,FALSE,proxy_synthetic
CL-0128,MED_METFORMIN,42,7,42.0,10/1/2027,417,FALSE,FALSE,0.31,FALSE,proxy_synthetic
CL-0128,MED_GLUCOSE,8,3,18.7,8/12/2027,367,FALSE,FALSE,0.22,FALSE,proxy_synthetic
CL-0128,MED_VIT_A,2,4,3.5,4/6/2028,605,TRUE,FALSE,0.75,FALSE,proxy_synthetic
CL-0128,MED_MUAC_KIT,15,2,52.5,11/25/2026,107,FALSE,TRUE,0.41,TRUE,proxy_synthetic
CL-0128,MED_ZINC_MAL,90,10,63.0,3/16/2027,218,FALSE,FALSE,0.23,FALSE,proxy_synthetic
CL-0129,MED_ACT,30,5,42.0,2/7/2028,546,FALSE,FALSE,0.28,FALSE,proxy_synthetic
CL-0129,MED_RDT_MAL,2,8,1.8,1/9/2028,517,TRUE,FALSE,0.85,FALSE,proxy_synthetic
CL-0129,MED_DENGUE_SUP,13,4,22.8,12/18/2027,495,FALSE,FALSE,0.28,FALSE,proxy_synthetic
CL-0129,MED_RDT_DEN,21,4,36.8,3/18/2027,220,FALSE,FALSE,0.31,FALSE,proxy_synthetic
CL-0129,MED_ORS,164,18,63.8,1/8/2027,151,FALSE,TRUE,0.3,FALSE,proxy_synthetic
CL-0129,MED_CHOLERA_KIT,1,4,1.8,1/7/2028,515,TRUE,FALSE,0.84,FALSE,proxy_synthetic
CL-0129,VAC_OCV,26,7,26.0,4/20/2028,619,FALSE,FALSE,0.27,TRUE,proxy_synthetic
CL-0129,VAC_MEASLES,11,3,25.7,7/2/2027,326,FALSE,FALSE,0.34,FALSE,proxy_synthetic
CL-0129,VAC_OPV,32,4,56.0,6/21/2027,315,FALSE,FALSE,0.3,FALSE,proxy_synthetic
CL-0129,VAC_PENTA,10,3,23.3,5/11/2028,640,FALSE,FALSE,0.2,FALSE,proxy_synthetic
CL-0129,VAC_TT,16,4,28.0,1/22/2027,165,FALSE,TRUE,0.21,FALSE,proxy_synthetic
CL-0129,MED_ANTIVENOM,1,2,3.5,4/10/2028,609,TRUE,FALSE,0.71,FALSE,proxy_synthetic
CL-0129,MED_SNAKE_ANTIVENOM,7,1,49.0,10/10/2026,61,FALSE,TRUE,0.54,TRUE,proxy_synthetic
CL-0129,MED_SNAKE_WOUND,7,2,24.5,3/30/2027,232,FALSE,FALSE,0.33,TRUE,proxy_synthetic
CL-0129,MED_OXYTOCIN,12,2,42.0,6/30/2028,690,FALSE,FALSE,0.21,TRUE,proxy_synthetic
CL-0129,MED_METFORMIN,45,5,63.0,2/8/2028,547,FALSE,FALSE,0.32,FALSE,proxy_synthetic
CL-0129,MED_GLUCOSE,27,3,63.0,3/18/2027,220,FALSE,FALSE,0.22,FALSE,proxy_synthetic
CL-0129,MED_VIT_A,25,4,43.8,11/4/2027,451,FALSE,FALSE,0.24,TRUE,proxy_synthetic
CL-0129,MED_MUAC_KIT,13,2,45.5,12/19/2026,131,FALSE,TRUE,0.33,FALSE,proxy_synthetic
CL-0129,MED_ZINC_MAL,52,9,40.4,3/17/2027,219,FALSE,FALSE,0.2,TRUE,proxy_synthetic
CL-0130,MED_ACT,34,6,39.7,4/13/2028,612,FALSE,FALSE,0.35,FALSE,proxy_synthetic
CL-0130,MED_RDT_MAL,76,17,31.3,11/18/2027,465,FALSE,FALSE,0.26,FALSE,proxy_synthetic
CL-0130,MED_DENGUE_SUP,43,7,43.0,8/5/2027,360,FALSE,FALSE,0.2,TRUE,proxy_synthetic
CL-0130,MED_RDT_DEN,63,9,49.0,6/9/2027,303,FALSE,FALSE,0.3,FALSE,proxy_synthetic
CL-0130,MED_ORS,3,25,0.8,7/14/2028,704,TRUE,FALSE,0.9,TRUE,proxy_synthetic
CL-0130,MED_CHOLERA_KIT,42,8,36.8,2/23/2028,562,FALSE,FALSE,0.24,FALSE,proxy_synthetic
CL-0130,VAC_OCV,12,16,5.2,9/12/2027,398,TRUE,FALSE,0.59,TRUE,proxy_synthetic
CL-0130,VAC_MEASLES,20,7,20.0,2/20/2028,559,FALSE,FALSE,0.26,FALSE,proxy_synthetic
CL-0130,VAC_OPV,33,6,38.5,7/13/2027,337,FALSE,FALSE,0.3,FALSE,proxy_synthetic
CL-0130,VAC_PENTA,31,7,31.0,11/18/2027,465,FALSE,FALSE,0.22,FALSE,proxy_synthetic
CL-0130,VAC_TT,36,6,42.0,7/29/2027,353,FALSE,FALSE,0.31,FALSE,proxy_synthetic
CL-0130,MED_ANTIVENOM,8,2,28.0,11/26/2026,108,FALSE,TRUE,0.37,FALSE,proxy_synthetic
CL-0130,MED_SNAKE_ANTIVENOM,7,2,24.5,12/26/2027,503,FALSE,FALSE,0.27,FALSE,proxy_synthetic
CL-0130,MED_SNAKE_WOUND,14,4,24.5,11/9/2026,91,FALSE,TRUE,0.46,FALSE,proxy_synthetic
CL-0130,MED_OXYTOCIN,16,3,37.3,3/14/2027,216,FALSE,FALSE,0.26,TRUE,proxy_synthetic
CL-0130,MED_METFORMIN,58,9,45.1,6/11/2028,671,FALSE,FALSE,0.26,FALSE,proxy_synthetic
CL-0130,MED_GLUCOSE,35,5,49.0,6/23/2028,683,FALSE,FALSE,0.29,FALSE,proxy_synthetic
CL-0130,MED_VIT_A,46,6,53.7,5/28/2028,657,FALSE,FALSE,0.26,FALSE,proxy_synthetic
CL-0130,MED_MUAC_KIT,11,3,25.7,10/18/2027,434,FALSE,FALSE,0.25,TRUE,proxy_synthetic
CL-0130,MED_ZINC_MAL,10,13,5.4,6/12/2028,672,TRUE,FALSE,0.57,TRUE,proxy_synthetic
CL-0131,MED_ACT,39,5,54.6,2/3/2027,177,FALSE,TRUE,0.21,FALSE,proxy_synthetic
CL-0131,MED_RDT_MAL,36,8,31.5,2/2/2027,176,FALSE,TRUE,0.21,TRUE,proxy_synthetic
CL-0131,MED_DENGUE_SUP,12,4,21.0,10/24/2027,440,FALSE,FALSE,0.3,FALSE,proxy_synthetic
CL-0131,MED_RDT_DEN,38,6,44.3,4/14/2027,247,FALSE,FALSE,0.23,FALSE,proxy_synthetic
CL-0131,MED_ORS,9,17,3.7,5/16/2027,279,TRUE,FALSE,0.65,FALSE,proxy_synthetic
CL-0131,MED_CHOLERA_KIT,33,4,57.8,5/27/2027,290,FALSE,FALSE,0.32,FALSE,proxy_synthetic
CL-0131,VAC_OCV,38,8,33.2,1/26/2028,534,FALSE,FALSE,0.21,TRUE,proxy_synthetic
CL-0131,VAC_MEASLES,26,4,45.5,10/7/2027,423,FALSE,FALSE,0.29,FALSE,proxy_synthetic
CL-0131,VAC_OPV,52,6,60.7,7/9/2027,333,FALSE,FALSE,0.29,FALSE,proxy_synthetic
CL-0131,VAC_PENTA,46,5,64.4,2/3/2027,177,FALSE,TRUE,0.21,FALSE,proxy_synthetic
CL-0131,VAC_TT,13,3,30.3,10/26/2027,442,FALSE,FALSE,0.26,TRUE,proxy_synthetic
CL-0131,MED_ANTIVENOM,9,1,63.0,1/8/2027,151,FALSE,TRUE,0.31,FALSE,proxy_synthetic
CL-0131,MED_SNAKE_ANTIVENOM,17,2,59.5,11/8/2026,90,FALSE,TRUE,0.48,TRUE,proxy_synthetic
CL-0131,MED_SNAKE_WOUND,6,2,21.0,2/12/2028,551,FALSE,FALSE,0.25,FALSE,proxy_synthetic
CL-0131,MED_OXYTOCIN,12,2,42.0,4/14/2027,247,FALSE,FALSE,0.35,FALSE,proxy_synthetic
CL-0131,MED_METFORMIN,3,5,4.2,7/19/2028,709,TRUE,FALSE,0.65,TRUE,proxy_synthetic
CL-0131,MED_GLUCOSE,25,3,58.3,4/14/2027,247,FALSE,FALSE,0.23,FALSE,proxy_synthetic
CL-0131,MED_VIT_A,1,4,1.8,8/7/2027,362,TRUE,FALSE,0.86,FALSE,proxy_synthetic
CL-0131,MED_MUAC_KIT,1,2,3.5,10/24/2027,440,TRUE,FALSE,0.71,FALSE,proxy_synthetic
CL-0131,MED_ZINC_MAL,33,8,28.9,6/27/2028,687,FALSE,FALSE,0.33,FALSE,proxy_synthetic
CL-0132,MED_ACT,70,9,54.4,4/4/2028,603,FALSE,FALSE,0.29,FALSE,proxy_synthetic
CL-0132,MED_RDT_MAL,191,21,63.7,12/31/2026,143,FALSE,TRUE,0.32,FALSE,proxy_synthetic
CL-0132,MED_DENGUE_SUP,36,7,36.0,3/20/2027,222,FALSE,FALSE,0.32,FALSE,proxy_synthetic
CL-0132,MED_RDT_DEN,3,9,2.3,10/20/2027,436,TRUE,FALSE,0.8,FALSE,proxy_synthetic
CL-0132,MED_ORS,125,29,30.2,1/22/2028,530,FALSE,FALSE,0.3,TRUE,proxy_synthetic
CL-0132,MED_CHOLERA_KIT,26,9,20.2,10/30/2027,446,FALSE,FALSE,0.21,TRUE,proxy_synthetic
CL-0132,VAC_OCV,40,15,18.7,5/27/2028,656,FALSE,FALSE,0.22,FALSE,proxy_synthetic
CL-0132,VAC_MEASLES,40,6,46.7,12/6/2027,483,FALSE,FALSE,0.23,FALSE,proxy_synthetic
CL-0132,VAC_OPV,36,7,36.0,6/19/2027,313,FALSE,FALSE,0.31,TRUE,proxy_synthetic
CL-0132,VAC_PENTA,50,8,43.8,6/24/2028,684,FALSE,FALSE,0.29,FALSE,proxy_synthetic
CL-0132,VAC_TT,31,5,43.4,11/16/2026,98,FALSE,TRUE,0.42,FALSE,proxy_synthetic
CL-0132,MED_ANTIVENOM,15,2,52.5,6/22/2027,316,FALSE,FALSE,0.24,FALSE,proxy_synthetic
CL-0132,MED_SNAKE_ANTIVENOM,1,2,3.5,8/10/2027,365,TRUE,FALSE,0.7,FALSE,proxy_synthetic
CL-0132,MED_SNAKE_WOUND,12,4,21.0,10/17/2027,433,FALSE,FALSE,0.21,FALSE,proxy_synthetic
CL-0132,MED_OXYTOCIN,36,4,63.0,3/29/2027,231,FALSE,FALSE,0.3,TRUE,proxy_synthetic
CL-0132,MED_METFORMIN,9,13,4.8,1/27/2028,535,TRUE,FALSE,0.65,TRUE,proxy_synthetic
CL-0132,MED_GLUCOSE,14,4,24.5,4/29/2027,262,FALSE,FALSE,0.25,FALSE,proxy_synthetic
CL-0132,MED_VIT_A,1,7,1.0,6/13/2027,307,TRUE,FALSE,0.89,TRUE,proxy_synthetic
CL-0132,MED_MUAC_KIT,14,3,32.7,2/24/2028,563,FALSE,FALSE,0.35,TRUE,proxy_synthetic
CL-0132,MED_ZINC_MAL,86,15,40.1,12/5/2026,117,FALSE,TRUE,0.38,FALSE,proxy_synthetic
CL-0133,MED_ACT,24,8,21.0,5/26/2028,655,FALSE,FALSE,0.32,FALSE,proxy_synthetic
CL-0133,MED_RDT_MAL,12,18,4.7,10/31/2027,447,TRUE,FALSE,0.65,FALSE,proxy_synthetic
CL-0133,MED_DENGUE_SUP,39,6,45.5,11/8/2027,455,FALSE,FALSE,0.32,FALSE,proxy_synthetic
CL-0133,MED_RDT_DEN,25,6,29.2,9/3/2027,389,FALSE,FALSE,0.34,FALSE,proxy_synthetic
CL-0133,MED_ORS,12,32,2.6,8/11/2027,366,TRUE,FALSE,0.8,FALSE,proxy_synthetic
CL-0133,MED_CHOLERA_KIT,2,6,2.3,8/20/2027,375,TRUE,FALSE,0.82,FALSE,proxy_synthetic
CL-0133,VAC_OCV,5,13,2.7,3/13/2027,215,TRUE,FALSE,0.8,FALSE,proxy_synthetic
CL-0133,VAC_MEASLES,22,5,30.8,12/13/2026,125,FALSE,TRUE,0.37,TRUE,proxy_synthetic
CL-0133,VAC_OPV,59,9,45.9,3/16/2027,218,FALSE,FALSE,0.31,FALSE,proxy_synthetic
CL-0133,VAC_PENTA,33,5,46.2,2/15/2028,554,FALSE,FALSE,0.32,FALSE,proxy_synthetic
CL-0133,VAC_TT,33,5,46.2,5/5/2027,268,FALSE,FALSE,0.3,TRUE,proxy_synthetic
CL-0133,MED_ANTIVENOM,1,2,3.5,5/16/2027,279,TRUE,FALSE,0.73,FALSE,proxy_synthetic
CL-0133,MED_SNAKE_ANTIVENOM,9,2,31.5,7/27/2028,717,FALSE,FALSE,0.29,TRUE,proxy_synthetic
CL-0133,MED_SNAKE_WOUND,27,3,63.0,8/3/2027,358,FALSE,FALSE,0.25,FALSE,proxy_synthetic
CL-0133,MED_OXYTOCIN,1,2,3.5,12/31/2027,508,TRUE,FALSE,0.71,FALSE,proxy_synthetic
CL-0133,MED_METFORMIN,68,8,59.5,4/5/2028,604,FALSE,FALSE,0.26,FALSE,proxy_synthetic
CL-0133,MED_GLUCOSE,36,5,50.4,11/18/2027,465,FALSE,FALSE,0.27,FALSE,proxy_synthetic
CL-0133,MED_VIT_A,5,6,5.8,4/30/2028,629,TRUE,FALSE,0.55,FALSE,proxy_synthetic
CL-0133,MED_MUAC_KIT,17,2,59.5,10/12/2027,428,FALSE,FALSE,0.34,TRUE,proxy_synthetic
CL-0133,MED_ZINC_MAL,33,11,21.0,3/23/2027,225,FALSE,FALSE,0.26,TRUE,proxy_synthetic
CL-0134,MED_ACT,50,7,50.0,4/22/2027,255,FALSE,FALSE,0.27,TRUE,proxy_synthetic
CL-0134,MED_RDT_MAL,99,18,38.5,10/25/2026,76,FALSE,TRUE,0.48,TRUE,proxy_synthetic
CL-0134,MED_DENGUE_SUP,29,6,33.8,5/29/2027,292,FALSE,FALSE,0.31,FALSE,proxy_synthetic
CL-0134,MED_RDT_DEN,32,10,22.4,10/9/2027,425,FALSE,FALSE,0.35,FALSE,proxy_synthetic
CL-0134,MED_ORS,82,24,23.9,4/19/2027,252,FALSE,FALSE,0.3,FALSE,proxy_synthetic
CL-0134,MED_CHOLERA_KIT,72,8,63.0,5/4/2028,633,FALSE,FALSE,0.26,TRUE,proxy_synthetic
CL-0134,VAC_OCV,94,15,43.9,11/17/2026,99,FALSE,TRUE,0.42,FALSE,proxy_synthetic
CL-0134,VAC_MEASLES,18,7,18.0,4/2/2027,235,FALSE,FALSE,0.23,TRUE,proxy_synthetic
CL-0134,VAC_OPV,63,11,40.1,5/20/2027,283,FALSE,FALSE,0.24,TRUE,proxy_synthetic
CL-0134,VAC_PENTA,29,8,25.4,10/10/2027,426,FALSE,FALSE,0.24,TRUE,proxy_synthetic
CL-0134,VAC_TT,46,7,46.0,4/17/2028,616,FALSE,FALSE,0.22,FALSE,proxy_synthetic
CL-0134,MED_ANTIVENOM,6,2,21.0,6/26/2028,686,FALSE,FALSE,0.25,FALSE,proxy_synthetic
CL-0134,MED_SNAKE_ANTIVENOM,26,3,60.7,1/21/2028,529,FALSE,FALSE,0.29,TRUE,proxy_synthetic
CL-0134,MED_SNAKE_WOUND,12,3,28.0,5/30/2027,293,FALSE,FALSE,0.31,FALSE,proxy_synthetic
CL-0134,MED_OXYTOCIN,1,4,1.8,12/16/2026,128,TRUE,TRUE,0.88,FALSE,proxy_synthetic
CL-0134,MED_METFORMIN,60,10,42.0,6/26/2027,320,FALSE,FALSE,0.24,FALSE,proxy_synthetic
CL-0134,MED_GLUCOSE,43,5,60.2,12/28/2026,140,FALSE,TRUE,0.38,FALSE,proxy_synthetic
CL-0134,MED_VIT_A,5,7,5.0,5/13/2027,276,TRUE,FALSE,0.57,FALSE,proxy_synthetic
CL-0134,MED_MUAC_KIT,20,3,46.7,7/16/2028,706,FALSE,FALSE,0.22,TRUE,proxy_synthetic
CL-0134,MED_ZINC_MAL,165,18,64.2,5/27/2027,290,FALSE,FALSE,0.32,FALSE,proxy_synthetic
CL-0134,VAC_HEPB,35,4,61.2,10/28/2027,444,FALSE,FALSE,0.23,FALSE,proxy_synthetic
CL-0134,VAC_BCG,36,5,50.4,11/26/2026,108,FALSE,TRUE,0.44,FALSE,proxy_synthetic
CL-0134,VAC_MR,4,6,4.7,12/14/2026,126,TRUE,TRUE,0.69,FALSE,proxy_synthetic
CL-0134,MED_TETANUS,9,2,31.5,4/20/2027,253,FALSE,FALSE,0.32,FALSE,proxy_synthetic
CL-0134,MED_DIABETES_INSULIN,12,4,21.0,7/21/2027,345,FALSE,FALSE,0.3,FALSE,proxy_synthetic
CL-0134,MED_GLIBENCLAMIDE,42,7,42.0,10/11/2027,427,FALSE,FALSE,0.26,FALSE,proxy_synthetic
CL-0134,MED_GLUCAGON,4,1,28.0,7/9/2027,333,FALSE,FALSE,0.26,FALSE,proxy_synthetic
CL-0134,MED_RUTF,58,7,58.0,9/26/2027,412,FALSE,FALSE,0.34,TRUE,proxy_synthetic
CL-0134,MED_F75,1,2,3.5,12/30/2027,507,TRUE,FALSE,0.7,FALSE,proxy_synthetic
CL-0134,MED_F100,15,2,52.5,3/16/2028,584,FALSE,FALSE,0.33,FALSE,proxy_synthetic
CL-0134,MED_THERAPEUTIC_FEED,6,2,21.0,2/24/2028,563,FALSE,FALSE,0.26,FALSE,proxy_synthetic
CL-0135,MED_ACT,37,8,32.4,1/1/2028,509,FALSE,FALSE,0.32,TRUE,proxy_synthetic
CL-0135,MED_RDT_MAL,99,18,38.5,4/19/2027,252,FALSE,FALSE,0.23,FALSE,proxy_synthetic
CL-0135,MED_DENGUE_SUP,1,7,1.0,9/5/2027,391,TRUE,FALSE,0.89,FALSE,proxy_synthetic
CL-0135,MED_RDT_DEN,56,8,49.0,6/18/2027,312,FALSE,FALSE,0.24,FALSE,proxy_synthetic
CL-0135,MED_ORS,13,22,4.1,10/27/2027,443,TRUE,FALSE,0.66,FALSE,proxy_synthetic
CL-0135,MED_CHOLERA_KIT,3,5,4.2,6/7/2028,667,TRUE,FALSE,0.6,FALSE,proxy_synthetic
CL-0135,VAC_OCV,106,12,61.8,11/25/2026,107,FALSE,TRUE,0.39,FALSE,proxy_synthetic
CL-0135,VAC_MEASLES,43,7,43.0,5/12/2027,275,FALSE,FALSE,0.27,FALSE,proxy_synthetic
CL-0135,VAC_OPV,5,8,4.4,4/16/2027,249,TRUE,FALSE,0.65,FALSE,proxy_synthetic
CL-0135,VAC_PENTA,46,5,64.4,1/3/2027,146,FALSE,TRUE,0.29,FALSE,proxy_synthetic
CL-0135,VAC_TT,37,6,43.2,7/26/2027,350,FALSE,FALSE,0.2,FALSE,proxy_synthetic
CL-0135,MED_ANTIVENOM,7,1,49.0,4/23/2028,622,FALSE,FALSE,0.23,FALSE,proxy_synthetic
CL-0135,MED_SNAKE_ANTIVENOM,1,2,3.5,5/27/2027,290,TRUE,FALSE,0.7,FALSE,proxy_synthetic
CL-0135,MED_SNAKE_WOUND,9,3,21.0,10/10/2027,426,FALSE,FALSE,0.26,TRUE,proxy_synthetic
CL-0135,MED_OXYTOCIN,17,2,59.5,2/13/2028,552,FALSE,FALSE,0.26,FALSE,proxy_synthetic
CL-0135,MED_METFORMIN,80,9,62.2,3/30/2028,598,FALSE,FALSE,0.25,FALSE,proxy_synthetic
CL-0135,MED_GLUCOSE,13,3,30.3,3/11/2027,213,FALSE,FALSE,0.21,FALSE,proxy_synthetic
CL-0135,MED_VIT_A,32,6,37.3,5/16/2027,279,FALSE,FALSE,0.3,FALSE,proxy_synthetic
CL-0135,MED_MUAC_KIT,10,2,35.0,6/11/2028,671,FALSE,FALSE,0.33,TRUE,proxy_synthetic
CL-0135,MED_ZINC_MAL,86,15,40.1,5/22/2027,285,FALSE,FALSE,0.33,TRUE,proxy_synthetic
CL-0136,MED_ACT,37,4,64.8,1/9/2027,152,FALSE,TRUE,0.3,FALSE,proxy_synthetic
CL-0136,MED_RDT_MAL,90,10,63.0,3/23/2027,225,FALSE,FALSE,0.29,FALSE,proxy_synthetic
CL-0136,MED_DENGUE_SUP,18,3,42.0,5/1/2027,264,FALSE,FALSE,0.32,FALSE,proxy_synthetic
CL-0136,MED_RDT_DEN,18,3,42.0,12/20/2026,132,FALSE,TRUE,0.31,FALSE,proxy_synthetic
CL-0136,MED_ORS,9,16,3.9,1/8/2027,151,TRUE,TRUE,0.74,FALSE,proxy_synthetic
CL-0136,MED_CHOLERA_KIT,26,4,45.5,5/1/2028,630,FALSE,FALSE,0.25,TRUE,proxy_synthetic
CL-0136,VAC_OCV,3,7,3.0,3/15/2027,217,TRUE,FALSE,0.75,TRUE,proxy_synthetic
CL-0136,VAC_MEASLES,29,4,50.8,11/18/2027,465,FALSE,FALSE,0.35,FALSE,proxy_synthetic
CL-0136,VAC_OPV,16,4,28.0,3/11/2027,213,FALSE,FALSE,0.25,FALSE,proxy_synthetic
CL-0136,VAC_PENTA,2,4,3.5,6/1/2027,295,TRUE,FALSE,0.72,FALSE,proxy_synthetic
CL-0136,VAC_TT,24,3,56.0,11/6/2026,88,FALSE,TRUE,0.5,FALSE,proxy_synthetic
CL-0136,MED_ANTIVENOM,4,1,28.0,3/18/2027,220,FALSE,FALSE,0.23,FALSE,proxy_synthetic
CL-0136,MED_SNAKE_ANTIVENOM,1,2,3.5,11/7/2027,454,TRUE,FALSE,0.74,FALSE,proxy_synthetic
CL-0136,MED_SNAKE_WOUND,18,2,63.0,11/15/2026,97,FALSE,TRUE,0.42,TRUE,proxy_synthetic
CL-0136,MED_OXYTOCIN,7,2,24.5,12/10/2026,122,FALSE,TRUE,0.37,FALSE,proxy_synthetic
CL-0136,MED_METFORMIN,41,6,47.8,3/2/2028,570,FALSE,FALSE,0.32,FALSE,proxy_synthetic
CL-0136,MED_GLUCOSE,14,2,49.0,7/22/2028,712,FALSE,FALSE,0.26,FALSE,proxy_synthetic
CL-0136,MED_VIT_A,22,3,51.3,6/2/2027,296,FALSE,FALSE,0.26,FALSE,proxy_synthetic
CL-0136,MED_MUAC_KIT,17,2,59.5,3/4/2028,572,FALSE,FALSE,0.26,TRUE,proxy_synthetic
CL-0136,MED_ZINC_MAL,48,7,48.0,9/16/2027,402,FALSE,FALSE,0.35,FALSE,proxy_synthetic
CL-0137,MED_ACT,189,33,40.1,8/3/2027,358,FALSE,FALSE,0.22,FALSE,proxy_synthetic
CL-0137,MED_RDT_MAL,238,51,32.7,9/13/2027,399,FALSE,FALSE,0.2,FALSE,proxy_synthetic
CL-0137,MED_DENGUE_SUP,134,18,52.1,8/2/2027,357,FALSE,FALSE,0.27,FALSE,proxy_synthetic
CL-0137,MED_RDT_DEN,238,28,59.5,10/4/2027,420,FALSE,FALSE,0.29,TRUE,proxy_synthetic
CL-0137,MED_ORS,577,106,38.1,6/1/2028,661,FALSE,FALSE,0.31,FALSE,proxy_synthetic
CL-0137,MED_CHOLERA_KIT,138,22,43.9,7/12/2028,702,FALSE,FALSE,0.29,FALSE,proxy_synthetic
CL-0137,VAC_OCV,210,39,37.7,6/18/2027,312,FALSE,FALSE,0.28,FALSE,proxy_synthetic
CL-0137,VAC_MEASLES,176,26,47.4,12/2/2026,114,FALSE,TRUE,0.4,FALSE,proxy_synthetic
CL-0137,VAC_OPV,62,21,20.7,4/27/2027,260,FALSE,FALSE,0.35,FALSE,proxy_synthetic
CL-0137,VAC_PENTA,187,23,56.9,7/18/2027,342,FALSE,FALSE,0.28,FALSE,proxy_synthetic
CL-0137,VAC_TT,162,18,63.0,9/30/2027,416,FALSE,FALSE,0.22,FALSE,proxy_synthetic
CL-0137,MED_ANTIVENOM,53,6,61.8,1/13/2028,521,FALSE,FALSE,0.29,FALSE,proxy_synthetic
CL-0137,MED_SNAKE_ANTIVENOM,37,6,43.2,12/15/2026,127,FALSE,TRUE,0.38,FALSE,proxy_synthetic
CL-0137,MED_SNAKE_WOUND,84,12,49.0,11/27/2027,474,FALSE,FALSE,0.22,FALSE,proxy_synthetic
CL-0137,MED_OXYTOCIN,105,12,61.2,3/22/2028,590,FALSE,FALSE,0.34,TRUE,proxy_synthetic
CL-0137,MED_METFORMIN,93,27,24.1,5/23/2027,286,FALSE,FALSE,0.28,FALSE,proxy_synthetic
CL-0137,MED_GLUCOSE,66,15,30.8,2/13/2028,552,FALSE,FALSE,0.33,FALSE,proxy_synthetic
CL-0137,MED_VIT_A,66,23,20.1,3/31/2027,233,FALSE,FALSE,0.27,FALSE,proxy_synthetic
CL-0137,MED_MUAC_KIT,78,10,54.6,8/4/2028,725,FALSE,FALSE,0.23,FALSE,proxy_synthetic
CL-0137,MED_ZINC_MAL,244,44,38.8,4/7/2028,606,FALSE,FALSE,0.33,FALSE,proxy_synthetic
CL-0137,VAC_HEPB,4,13,2.2,2/11/2028,550,TRUE,FALSE,0.81,FALSE,proxy_synthetic
CL-0137,VAC_BCG,85,14,42.5,2/9/2028,548,FALSE,FALSE,0.31,FALSE,proxy_synthetic
CL-0137,VAC_MR,46,16,20.1,11/18/2027,465,FALSE,FALSE,0.23,FALSE,proxy_synthetic
CL-0137,MED_TETANUS,41,7,41.0,1/26/2027,169,FALSE,TRUE,0.22,TRUE,proxy_synthetic
CL-0137,MED_DIABETES_INSULIN,62,9,48.2,4/2/2027,235,FALSE,FALSE,0.26,FALSE,proxy_synthetic
CL-0137,MED_GLIBENCLAMIDE,94,18,36.6,12/9/2027,486,FALSE,FALSE,0.21,TRUE,proxy_synthetic
CL-0137,MED_GLUCAGON,11,2,38.5,4/4/2027,237,FALSE,FALSE,0.33,TRUE,proxy_synthetic
CL-0137,MED_RUTF,156,23,47.5,11/19/2027,466,FALSE,FALSE,0.24,FALSE,proxy_synthetic
CL-0137,MED_F75,52,6,60.7,4/20/2028,619,FALSE,FALSE,0.26,FALSE,proxy_synthetic
CL-0137,MED_F100,21,7,21.0,5/15/2027,278,FALSE,FALSE,0.25,TRUE,proxy_synthetic
CL-0137,MED_THERAPEUTIC_FEED,42,5,58.8,6/22/2028,682,FALSE,FALSE,0.25,FALSE,proxy_synthetic
CL-0138,MED_ACT,64,9,49.8,7/3/2027,327,FALSE,FALSE,0.28,FALSE,proxy_synthetic
CL-0138,MED_RDT_MAL,68,24,19.8,4/6/2027,239,FALSE,FALSE,0.28,FALSE,proxy_synthetic
CL-0138,MED_DENGUE_SUP,83,9,64.6,5/2/2027,265,FALSE,FALSE,0.21,FALSE,proxy_synthetic
CL-0138,MED_RDT_DEN,4,12,2.3,8/22/2027,377,TRUE,FALSE,0.77,TRUE,proxy_synthetic
CL-0138,MED_ORS,10,35,2.0,11/7/2027,454,TRUE,FALSE,0.81,TRUE,proxy_synthetic
CL-0138,MED_CHOLERA_KIT,4,7,4.0,12/5/2027,482,TRUE,FALSE,0.65,FALSE,proxy_synthetic
CL-0138,VAC_OCV,140,21,46.7,10/15/2027,431,FALSE,FALSE,0.25,FALSE,proxy_synthetic
CL-0138,VAC_MEASLES,6,10,4.2,12/9/2027,486,TRUE,FALSE,0.62,FALSE,proxy_synthetic
CL-0138,VAC_OPV,42,13,22.6,4/18/2027,251,FALSE,FALSE,0.24,FALSE,proxy_synthetic
CL-0138,VAC_PENTA,5,9,3.9,6/18/2027,312,TRUE,FALSE,0.66,TRUE,proxy_synthetic
CL-0138,VAC_TT,67,9,52.1,11/26/2026,108,FALSE,TRUE,0.41,FALSE,proxy_synthetic
CL-0138,MED_ANTIVENOM,15,2,52.5,10/27/2026,78,FALSE,TRUE,0.52,FALSE,proxy_synthetic
CL-0138,MED_SNAKE_ANTIVENOM,21,3,49.0,5/4/2028,633,FALSE,FALSE,0.22,FALSE,proxy_synthetic
CL-0138,MED_SNAKE_WOUND,14,4,24.5,7/31/2028,721,FALSE,FALSE,0.26,FALSE,proxy_synthetic
CL-0138,MED_OXYTOCIN,23,3,53.7,7/25/2027,349,FALSE,FALSE,0.32,FALSE,proxy_synthetic
CL-0138,MED_METFORMIN,34,10,23.8,7/26/2028,716,FALSE,FALSE,0.24,FALSE,proxy_synthetic
CL-0138,MED_GLUCOSE,16,4,28.0,10/13/2027,429,FALSE,FALSE,0.23,FALSE,proxy_synthetic
CL-0138,MED_VIT_A,26,8,22.8,1/19/2028,527,FALSE,FALSE,0.25,FALSE,proxy_synthetic
CL-0138,MED_MUAC_KIT,13,3,30.3,10/29/2026,80,FALSE,TRUE,0.48,TRUE,proxy_synthetic
CL-0138,MED_ZINC_MAL,6,21,2.0,9/11/2027,397,TRUE,FALSE,0.83,FALSE,proxy_synthetic
CL-0139,MED_ACT,4,10,2.8,5/11/2027,274,TRUE,FALSE,0.76,TRUE,proxy_synthetic
CL-0139,MED_RDT_MAL,89,18,34.6,7/7/2027,331,FALSE,FALSE,0.29,FALSE,proxy_synthetic
CL-0139,MED_DENGUE_SUP,27,7,27.0,7/3/2027,327,FALSE,FALSE,0.33,FALSE,proxy_synthetic
CL-0139,MED_RDT_DEN,2,8,1.8,11/8/2027,455,TRUE,FALSE,0.85,FALSE,proxy_synthetic
CL-0139,MED_ORS,99,33,21.0,6/24/2027,318,FALSE,FALSE,0.34,FALSE,proxy_synthetic
CL-0139,MED_CHOLERA_KIT,34,8,29.8,11/4/2027,451,FALSE,FALSE,0.23,FALSE,proxy_synthetic
CL-0139,VAC_OCV,6,14,3.0,7/3/2027,327,TRUE,FALSE,0.73,TRUE,proxy_synthetic
CL-0139,VAC_MEASLES,53,7,53.0,12/30/2026,142,FALSE,TRUE,0.3,TRUE,proxy_synthetic
CL-0139,VAC_OPV,55,7,55.0,5/17/2027,280,FALSE,FALSE,0.29,FALSE,proxy_synthetic
CL-0139,VAC_PENTA,16,6,18.7,11/17/2026,99,FALSE,TRUE,0.47,TRUE,proxy_synthetic
CL-0139,VAC_TT,19,6,22.2,12/31/2026,143,FALSE,TRUE,0.32,TRUE,proxy_synthetic
CL-0139,MED_ANTIVENOM,18,2,63.0,11/3/2026,85,FALSE,TRUE,0.45,TRUE,proxy_synthetic
CL-0139,MED_SNAKE_ANTIVENOM,1,2,3.5,10/7/2027,423,TRUE,FALSE,0.68,TRUE,proxy_synthetic
CL-0139,MED_SNAKE_WOUND,2,4,3.5,12/28/2026,140,TRUE,TRUE,0.75,FALSE,proxy_synthetic
CL-0139,MED_OXYTOCIN,2,3,4.7,3/10/2027,212,TRUE,FALSE,0.61,FALSE,proxy_synthetic
CL-0139,MED_METFORMIN,51,12,29.8,4/15/2027,248,FALSE,FALSE,0.34,TRUE,proxy_synthetic
CL-0139,MED_GLUCOSE,1,5,1.4,4/5/2027,238,TRUE,FALSE,0.89,FALSE,proxy_synthetic
CL-0139,MED_VIT_A,69,8,60.4,11/17/2026,99,FALSE,TRUE,0.43,FALSE,proxy_synthetic
CL-0139,MED_MUAC_KIT,6,2,21.0,3/23/2027,225,FALSE,FALSE,0.26,TRUE,proxy_synthetic
CL-0139,MED_ZINC_MAL,98,13,52.8,3/18/2027,220,FALSE,FALSE,0.35,FALSE,proxy_synthetic
CL-0140,MED_ACT,60,8,52.5,5/15/2027,278,FALSE,FALSE,0.22,TRUE,proxy_synthetic
CL-0140,MED_RDT_MAL,155,17,63.8,10/5/2027,421,FALSE,FALSE,0.21,FALSE,proxy_synthetic
CL-0140,MED_DENGUE_SUP,3,6,3.5,3/23/2027,225,TRUE,FALSE,0.74,TRUE,proxy_synthetic
CL-0140,MED_RDT_DEN,19,6,22.2,5/1/2027,264,FALSE,FALSE,0.23,FALSE,proxy_synthetic
CL-0140,MED_ORS,105,29,25.3,7/18/2027,342,FALSE,FALSE,0.32,FALSE,proxy_synthetic
CL-0140,MED_CHOLERA_KIT,2,5,2.8,8/4/2027,359,TRUE,FALSE,0.78,FALSE,proxy_synthetic
CL-0140,VAC_OCV,34,13,18.3,11/19/2027,466,FALSE,FALSE,0.26,TRUE,proxy_synthetic
CL-0140,VAC_MEASLES,39,6,45.5,10/13/2027,429,FALSE,FALSE,0.27,FALSE,proxy_synthetic
CL-0140,VAC_OPV,29,7,29.0,5/21/2027,284,FALSE,FALSE,0.29,TRUE,proxy_synthetic
CL-0140,VAC_PENTA,32,6,37.3,8/22/2027,377,FALSE,FALSE,0.23,FALSE,proxy_synthetic
CL-0140,VAC_TT,29,6,33.8,7/25/2027,349,FALSE,FALSE,0.31,FALSE,proxy_synthetic
CL-0140,MED_ANTIVENOM,8,1,56.0,1/22/2028,530,FALSE,FALSE,0.26,FALSE,proxy_synthetic
CL-0140,MED_SNAKE_ANTIVENOM,10,2,35.0,5/20/2028,649,FALSE,FALSE,0.3,TRUE,proxy_synthetic
CL-0140,MED_SNAKE_WOUND,36,4,63.0,9/28/2027,414,FALSE,FALSE,0.31,FALSE,proxy_synthetic
CL-0140,MED_OXYTOCIN,22,3,51.3,9/28/2027,414,FALSE,FALSE,0.31,FALSE,proxy_synthetic
CL-0140,MED_METFORMIN,68,9,52.9,6/21/2027,315,FALSE,FALSE,0.34,FALSE,proxy_synthetic
CL-0140,MED_GLUCOSE,14,4,24.5,12/5/2026,117,FALSE,TRUE,0.4,FALSE,proxy_synthetic
CL-0140,MED_VIT_A,53,7,53.0,7/2/2027,326,FALSE,FALSE,0.24,FALSE,proxy_synthetic
CL-0140,MED_MUAC_KIT,12,2,42.0,2/17/2028,556,FALSE,FALSE,0.2,FALSE,proxy_synthetic
CL-0140,MED_ZINC_MAL,50,11,31.8,2/1/2028,540,FALSE,FALSE,0.29,FALSE,proxy_synthetic
CL-0140,VAC_HEPB,9,3,21.0,1/19/2027,162,FALSE,TRUE,0.28,FALSE,proxy_synthetic
CL-0140,VAC_BCG,3,4,5.2,6/15/2027,309,TRUE,FALSE,0.58,TRUE,proxy_synthetic
CL-0140,VAC_MR,20,4,35.0,5/30/2027,293,FALSE,FALSE,0.32,TRUE,proxy_synthetic
CL-0140,MED_TETANUS,5,1,35.0,12/10/2027,487,FALSE,FALSE,0.31,FALSE,proxy_synthetic
CL-0140,MED_DIABETES_INSULIN,13,2,45.5,2/2/2027,176,FALSE,TRUE,0.22,FALSE,proxy_synthetic
CL-0140,MED_GLIBENCLAMIDE,39,5,54.6,10/23/2027,439,FALSE,FALSE,0.23,FALSE,proxy_synthetic
CL-0140,MED_GLUCAGON,9,1,63.0,9/18/2027,404,FALSE,FALSE,0.31,FALSE,proxy_synthetic
CL-0140,MED_RUTF,15,4,26.2,10/26/2026,77,FALSE,TRUE,0.53,FALSE,proxy_synthetic
CL-0140,MED_F75,1,2,3.5,11/16/2027,463,TRUE,FALSE,0.7,FALSE,proxy_synthetic
CL-0140,MED_F100,1,2,3.5,9/16/2027,402,TRUE,FALSE,0.71,FALSE,proxy_synthetic
CL-0140,MED_THERAPEUTIC_FEED,5,1,35.0,6/28/2027,322,FALSE,FALSE,0.25,FALSE,proxy_synthetic
CL-0141,MED_ACT,16,5,22.4,3/28/2028,596,FALSE,FALSE,0.2,FALSE,proxy_synthetic
CL-0141,MED_RDT_MAL,70,16,30.6,11/5/2027,452,FALSE,FALSE,0.21,TRUE,proxy_synthetic
CL-0141,MED_DENGUE_SUP,29,5,40.6,11/21/2027,468,FALSE,FALSE,0.3,TRUE,proxy_synthetic
CL-0141,MED_RDT_DEN,26,8,22.8,12/15/2026,127,FALSE,TRUE,0.38,FALSE,proxy_synthetic
CL-0141,MED_ORS,189,21,63.0,11/18/2027,465,FALSE,FALSE,0.23,TRUE,proxy_synthetic
CL-0141,MED_CHOLERA_KIT,16,5,22.4,11/12/2026,94,FALSE,TRUE,0.43,FALSE,proxy_synthetic
CL-0141,VAC_OCV,4,14,2.0,5/28/2027,291,TRUE,FALSE,0.8,FALSE,proxy_synthetic
CL-0141,VAC_MEASLES,42,5,58.8,6/12/2028,672,FALSE,FALSE,0.26,FALSE,proxy_synthetic
CL-0141,VAC_OPV,42,5,58.8,4/11/2027,244,FALSE,FALSE,0.22,FALSE,proxy_synthetic
CL-0141,VAC_PENTA,51,6,59.5,8/6/2027,361,FALSE,FALSE,0.24,TRUE,proxy_synthetic
CL-0141,VAC_TT,12,4,21.0,12/5/2026,117,FALSE,TRUE,0.39,FALSE,proxy_synthetic
CL-0141,MED_ANTIVENOM,2,3,4.7,4/19/2027,252,TRUE,FALSE,0.62,FALSE,proxy_synthetic
CL-0141,MED_SNAKE_ANTIVENOM,6,2,21.0,6/21/2027,315,FALSE,FALSE,0.22,FALSE,proxy_synthetic
CL-0141,MED_SNAKE_WOUND,25,3,58.3,10/25/2026,76,FALSE,TRUE,0.52,TRUE,proxy_synthetic
CL-0141,MED_OXYTOCIN,32,4,56.0,10/20/2026,71,FALSE,TRUE,0.5,TRUE,proxy_synthetic
CL-0141,MED_METFORMIN,41,9,31.9,11/14/2027,461,FALSE,FALSE,0.3,FALSE,proxy_synthetic
CL-0141,MED_GLUCOSE,23,4,40.2,11/17/2027,464,FALSE,FALSE,0.24,FALSE,proxy_synthetic
CL-0141,MED_VIT_A,47,6,54.8,1/26/2027,169,FALSE,TRUE,0.21,TRUE,proxy_synthetic
CL-0141,MED_MUAC_KIT,19,3,44.3,7/15/2027,339,FALSE,FALSE,0.22,FALSE,proxy_synthetic
CL-0141,MED_ZINC_MAL,4,14,2.0,6/29/2027,323,TRUE,FALSE,0.83,TRUE,proxy_synthetic
CL-0142,MED_ACT,49,7,49.0,9/27/2027,413,FALSE,FALSE,0.24,FALSE,proxy_synthetic
CL-0142,MED_RDT_MAL,92,12,53.7,6/15/2027,309,FALSE,FALSE,0.21,TRUE,proxy_synthetic
CL-0142,MED_DENGUE_SUP,40,5,56.0,7/31/2027,355,FALSE,FALSE,0.28,FALSE,proxy_synthetic
CL-0142,MED_RDT_DEN,52,6,60.7,9/11/2027,397,FALSE,FALSE,0.28,FALSE,proxy_synthetic
CL-0142,MED_ORS,69,25,19.3,2/3/2027,177,FALSE,TRUE,0.21,FALSE,proxy_synthetic
CL-0142,MED_CHOLERA_KIT,28,7,28.0,11/15/2027,462,FALSE,FALSE,0.33,FALSE,proxy_synthetic
CL-0142,VAC_OCV,35,11,22.3,11/26/2026,108,FALSE,TRUE,0.39,FALSE,proxy_synthetic
CL-0142,VAC_MEASLES,22,5,30.8,11/1/2027,448,FALSE,FALSE,0.3,TRUE,proxy_synthetic
CL-0142,VAC_OPV,35,8,30.6,3/9/2027,211,FALSE,FALSE,0.32,FALSE,proxy_synthetic
CL-0142,VAC_PENTA,26,7,26.0,12/31/2026,143,FALSE,TRUE,0.28,FALSE,proxy_synthetic
CL-0142,VAC_TT,32,4,56.0,1/12/2028,520,FALSE,FALSE,0.3,FALSE,proxy_synthetic
CL-0142,MED_ANTIVENOM,1,2,3.5,12/4/2026,116,TRUE,TRUE,0.78,FALSE,proxy_synthetic
CL-0142,MED_SNAKE_ANTIVENOM,8,2,28.0,6/10/2027,304,FALSE,FALSE,0.28,FALSE,proxy_synthetic
CL-0142,MED_SNAKE_WOUND,25,3,58.3,9/9/2027,395,FALSE,FALSE,0.29,FALSE,proxy_synthetic
CL-0142,MED_OXYTOCIN,6,2,21.0,7/20/2027,344,FALSE,FALSE,0.29,TRUE,proxy_synthetic
CL-0142,MED_METFORMIN,58,8,50.8,9/4/2027,390,FALSE,FALSE,0.2,FALSE,proxy_synthetic
CL-0142,MED_GLUCOSE,36,4,63.0,6/29/2028,689,FALSE,FALSE,0.22,FALSE,proxy_synthetic
CL-0142,MED_VIT_A,16,6,18.7,8/5/2027,360,FALSE,FALSE,0.3,FALSE,proxy_synthetic
CL-0142,MED_MUAC_KIT,18,2,63.0,11/3/2027,450,FALSE,FALSE,0.24,TRUE,proxy_synthetic
CL-0142,MED_ZINC_MAL,33,12,19.2,1/23/2028,531,FALSE,FALSE,0.34,FALSE,proxy_synthetic
CL-0143,MED_ORS,69,10,48.3,3/12/2027,214,FALSE,FALSE,0.32,FALSE,proxy_synthetic
CL-0143,MED_DEC,230,38,42.4,6/11/2027,305,FALSE,FALSE,0.31,FALSE,proxy_synthetic
CL-0143,MED_IVERMECTIN,893,133,47,1/22/2027,165,FALSE,TRUE,0.35,TRUE,proxy_synthetic
CL-0143,MED_ALBENDAZOLE,771,149,36.2,8/2/2028,723,FALSE,FALSE,0.28,FALSE,proxy_synthetic
CL-0143,MED_TB_DOTS,25,173,1,6/14/2027,308,TRUE,FALSE,0.91,TRUE,proxy_synthetic
CL-0144,MED_ORS,51,10,35.7,12/17/2026,129,FALSE,TRUE,0.43,TRUE,proxy_synthetic
CL-0144,MED_DEC,323,46,49.2,5/19/2028,648,FALSE,FALSE,0.22,FALSE,proxy_synthetic
CL-0144,MED_IVERMECTIN,327,74,30.9,3/25/2027,227,FALSE,FALSE,0.34,FALSE,proxy_synthetic
CL-0144,MED_ALBENDAZOLE,575,88,45.7,3/21/2027,223,FALSE,FALSE,0.31,FALSE,proxy_synthetic
CL-0144,MED_TB_DOTS,620,122,35.6,7/13/2027,337,FALSE,FALSE,0.27,FALSE,proxy_synthetic
CL-0145,MED_ORS,135,16,59.1,5/11/2028,640,FALSE,FALSE,0.29,FALSE,proxy_synthetic
CL-0145,MED_DEC,182,53,24,11/10/2027,457,FALSE,FALSE,0.23,FALSE,proxy_synthetic
CL-0145,MED_IVERMECTIN,388,97,28,10/31/2027,447,FALSE,FALSE,0.2,FALSE,proxy_synthetic
CL-0145,MED_ALBENDAZOLE,1066,115,64.9,7/18/2028,708,FALSE,FALSE,0.32,FALSE,proxy_synthetic
CL-0145,MED_TB_DOTS,1078,209,36.1,4/23/2027,256,FALSE,FALSE,0.35,FALSE,proxy_synthetic
CL-0146,MED_ORS,1,8,0.9,10/25/2027,441,TRUE,FALSE,0.9,TRUE,proxy_synthetic
CL-0146,MED_DEC,5,27,1.3,6/11/2027,305,TRUE,FALSE,0.92,TRUE,proxy_synthetic
CL-0146,MED_IVERMECTIN,25,56,3.1,7/13/2027,337,TRUE,FALSE,0.78,TRUE,proxy_synthetic
CL-0146,MED_ALBENDAZOLE,180,66,19.1,4/3/2027,236,FALSE,FALSE,0.27,FALSE,proxy_synthetic
CL-0146,MED_TB_DOTS,633,81,54.7,9/14/2027,400,FALSE,FALSE,0.21,FALSE,proxy_synthetic
CL-0147,MED_ORS,37,9,28.8,10/18/2027,434,FALSE,FALSE,0.3,FALSE,proxy_synthetic
CL-0147,MED_DEC,246,27,63.8,7/31/2027,355,FALSE,FALSE,0.29,FALSE,proxy_synthetic
CL-0147,MED_IVERMECTIN,429,50,60.1,12/18/2027,495,FALSE,FALSE,0.26,FALSE,proxy_synthetic
CL-0147,MED_ALBENDAZOLE,434,80,38,4/30/2027,263,FALSE,FALSE,0.21,FALSE,proxy_synthetic
CL-0147,MED_TB_DOTS,577,76,53.1,11/23/2026,105,FALSE,TRUE,0.33,TRUE,proxy_synthetic
CL-0148,MED_ORS,906,117,54.2,10/22/2027,438,FALSE,FALSE,0.2,FALSE,proxy_synthetic
CL-0148,MED_DEC,4523,616,51.4,12/27/2027,504,FALSE,FALSE,0.29,FALSE,proxy_synthetic
CL-0148,MED_IVERMECTIN,3537,845,29.3,5/21/2028,650,FALSE,FALSE,0.23,FALSE,proxy_synthetic
CL-0148,MED_ALBENDAZOLE,607,733,5.8,11/3/2026,85,TRUE,TRUE,0.66,TRUE,proxy_synthetic
CL-0148,MED_TB_DOTS,3995,850,32.9,3/10/2027,212,FALSE,FALSE,0.31,FALSE,proxy_synthetic
CL-0149,MED_ORS,80,9,62.2,11/12/2026,94,FALSE,TRUE,0.37,TRUE,proxy_synthetic
CL-0149,MED_DEC,179,42,29.8,1/24/2027,167,FALSE,TRUE,0.32,TRUE,proxy_synthetic
CL-0149,MED_IVERMECTIN,642,198,22.7,12/28/2027,505,FALSE,FALSE,0.27,FALSE,proxy_synthetic
CL-0149,MED_ALBENDAZOLE,279,78,25,5/6/2028,635,FALSE,FALSE,0.3,FALSE,proxy_synthetic
CL-0149,MED_TB_DOTS,691,186,26,4/5/2027,238,FALSE,FALSE,0.34,FALSE,proxy_synthetic
CL-0150,MED_ORS,21,7,21,5/10/2028,639,FALSE,FALSE,0.28,FALSE,proxy_synthetic
CL-0150,MED_DEC,63,18,24.5,10/23/2027,439,FALSE,FALSE,0.25,FALSE,proxy_synthetic
CL-0150,MED_IVERMECTIN,149,47,22.2,6/29/2027,323,FALSE,FALSE,0.33,FALSE,proxy_synthetic
CL-0150,MED_ALBENDAZOLE,172,41,29.4,8/15/2027,370,FALSE,FALSE,0.25,FALSE,proxy_synthetic
CL-0150,MED_TB_DOTS,381,65,41,10/6/2027,422,FALSE,FALSE,0.28,FALSE,proxy_synthetic
CL-0151,MED_ORS,108,13,58.2,3/30/2027,232,FALSE,FALSE,0.29,FALSE,proxy_synthetic
CL-0151,MED_DEC,306,34,63,5/13/2027,276,FALSE,FALSE,0.26,FALSE,proxy_synthetic
CL-0151,MED_IVERMECTIN,463,146,22.2,1/28/2027,171,FALSE,TRUE,0.25,TRUE,proxy_synthetic
CL-0151,MED_ALBENDAZOLE,763,107,49.9,6/13/2027,307,FALSE,FALSE,0.28,FALSE,proxy_synthetic
CL-0151,MED_TB_DOTS,738,126,41,2/13/2028,552,FALSE,FALSE,0.33,FALSE,proxy_synthetic
CL-0152,MED_ORS,1827,239,53.5,8/17/2027,372,FALSE,FALSE,0.31,FALSE,proxy_synthetic
CL-0152,MED_DEC,4565,1188,26.9,10/28/2026,79,FALSE,TRUE,0.45,TRUE,proxy_synthetic
CL-0152,MED_IVERMECTIN,17793,3210,38.8,4/8/2027,241,FALSE,FALSE,0.25,FALSE,proxy_synthetic
CL-0152,MED_ALBENDAZOLE,1194,1900,4.4,5/31/2027,294,TRUE,FALSE,0.68,TRUE,proxy_synthetic
CL-0152,MED_TB_DOTS,1166,2401,3.4,6/1/2028,661,TRUE,FALSE,0.67,TRUE,proxy_synthetic
CL-0153,MED_ORS,4,12,2.3,2/5/2028,544,TRUE,FALSE,0.86,TRUE,proxy_synthetic
CL-0153,MED_DEC,515,71,50.8,6/2/2027,296,FALSE,FALSE,0.22,FALSE,proxy_synthetic
CL-0153,MED_IVERMECTIN,1220,201,42.5,3/22/2028,590,FALSE,FALSE,0.33,FALSE,proxy_synthetic
CL-0153,MED_ALBENDAZOLE,1239,154,56.3,7/9/2028,699,FALSE,FALSE,0.22,FALSE,proxy_synthetic
CL-0153,MED_TB_DOTS,1392,221,44.1,12/19/2027,496,FALSE,FALSE,0.33,FALSE,proxy_synthetic
CL-0154,MED_ORS,64,9,49.8,6/15/2028,675,FALSE,FALSE,0.32,FALSE,proxy_synthetic
CL-0154,MED_DEC,150,26,40.4,8/14/2027,369,FALSE,FALSE,0.22,FALSE,proxy_synthetic
CL-0154,MED_IVERMECTIN,906,133,47.7,7/30/2027,354,FALSE,FALSE,0.32,FALSE,proxy_synthetic
CL-0154,MED_ALBENDAZOLE,408,95,30.1,10/12/2027,428,FALSE,FALSE,0.3,FALSE,proxy_synthetic
CL-0154,MED_TB_DOTS,877,138,44.5,3/14/2027,216,FALSE,FALSE,0.21,FALSE,proxy_synthetic
CL-0155,MED_ORS,115,44,18.3,7/20/2027,344,FALSE,FALSE,0.3,FALSE,proxy_synthetic
CL-0155,MED_DEC,95,369,1.8,5/5/2027,268,TRUE,FALSE,0.79,TRUE,proxy_synthetic
CL-0155,MED_IVERMECTIN,7286,807,63.2,11/4/2026,86,FALSE,TRUE,0.39,TRUE,proxy_synthetic
CL-0155,MED_ALBENDAZOLE,2395,413,40.6,4/19/2028,618,FALSE,FALSE,0.22,FALSE,proxy_synthetic
CL-0155,MED_TB_DOTS,2850,978,20.4,6/15/2028,675,FALSE,FALSE,0.21,FALSE,proxy_synthetic
CL-0156,MED_ORS,121,24,35.3,1/12/2028,520,FALSE,FALSE,0.21,FALSE,proxy_synthetic
CL-0156,MED_DEC,624,132,33.1,3/21/2028,589,FALSE,FALSE,0.33,FALSE,proxy_synthetic
CL-0156,MED_IVERMECTIN,137,480,2,2/15/2028,554,TRUE,FALSE,0.86,TRUE,proxy_synthetic
CL-0156,MED_ALBENDAZOLE,1921,241,55.8,5/26/2027,289,FALSE,FALSE,0.3,FALSE,proxy_synthetic
CL-0156,MED_TB_DOTS,3058,364,58.8,11/25/2027,472,FALSE,FALSE,0.24,FALSE,proxy_synthetic
CL-0157,MED_ORS,3,7,3,10/31/2026,82,TRUE,TRUE,0.87,TRUE,proxy_synthetic
CL-0157,MED_DEC,224,30,52.3,1/14/2027,157,FALSE,TRUE,0.29,TRUE,proxy_synthetic
CL-0157,MED_IVERMECTIN,427,68,44,10/26/2026,77,FALSE,TRUE,0.4,TRUE,proxy_synthetic
CL-0157,MED_ALBENDAZOLE,362,40,63.4,5/17/2028,646,FALSE,FALSE,0.28,FALSE,proxy_synthetic
CL-0157,MED_TB_DOTS,46,75,4.3,7/29/2027,353,TRUE,FALSE,0.73,TRUE,proxy_synthetic
CL-0158,MED_ORS,26,8,22.8,11/17/2027,464,FALSE,FALSE,0.22,FALSE,proxy_synthetic
CL-0158,MED_DEC,288,36,56,10/10/2026,61,FALSE,TRUE,0.53,TRUE,proxy_synthetic
CL-0158,MED_IVERMECTIN,1156,128,63.2,1/5/2028,513,FALSE,FALSE,0.21,FALSE,proxy_synthetic
CL-0158,MED_ALBENDAZOLE,584,101,40.5,4/9/2027,242,FALSE,FALSE,0.26,FALSE,proxy_synthetic
CL-0158,MED_TB_DOTS,1224,148,57.9,5/26/2028,655,FALSE,FALSE,0.22,FALSE,proxy_synthetic
CL-0159,MED_ORS,77,10,53.9,4/1/2027,234,FALSE,FALSE,0.25,FALSE,proxy_synthetic
CL-0159,MED_DEC,259,40,45.3,5/2/2027,265,FALSE,FALSE,0.26,FALSE,proxy_synthetic
CL-0159,MED_IVERMECTIN,592,113,36.7,3/24/2028,592,FALSE,FALSE,0.26,FALSE,proxy_synthetic
CL-0159,MED_ALBENDAZOLE,447,86,36.4,6/12/2028,672,FALSE,FALSE,0.28,FALSE,proxy_synthetic
CL-0159,MED_TB_DOTS,818,105,54.5,1/4/2027,147,FALSE,TRUE,0.32,TRUE,proxy_synthetic
CL-0160,MED_ORS,7,14,3.5,3/16/2027,218,TRUE,FALSE,0.79,TRUE,proxy_synthetic
CL-0160,MED_DEC,15,43,2.4,5/3/2028,632,TRUE,FALSE,0.85,TRUE,proxy_synthetic
CL-0160,MED_IVERMECTIN,627,85,51.6,10/22/2027,438,FALSE,FALSE,0.31,FALSE,proxy_synthetic
CL-0160,MED_ALBENDAZOLE,35,91,2.7,8/5/2027,360,TRUE,FALSE,0.85,TRUE,proxy_synthetic
CL-0160,MED_TB_DOTS,979,125,54.8,6/11/2028,671,FALSE,FALSE,0.34,FALSE,proxy_synthetic
CL-0161,MED_ORS,139,21,46.3,10/20/2027,436,FALSE,FALSE,0.31,FALSE,proxy_synthetic
CL-0161,MED_DEC,487,83,41.1,10/27/2026,78,FALSE,TRUE,0.46,TRUE,proxy_synthetic
CL-0161,MED_IVERMECTIN,1235,197,43.9,8/22/2027,377,FALSE,FALSE,0.27,FALSE,proxy_synthetic
CL-0161,MED_ALBENDAZOLE,480,175,19.2,5/20/2027,283,FALSE,FALSE,0.29,FALSE,proxy_synthetic
CL-0161,MED_TB_DOTS,997,239,29.2,7/31/2028,721,FALSE,FALSE,0.27,FALSE,proxy_synthetic
CL-0162,MED_ORS,115,14,57.5,8/3/2028,724,FALSE,FALSE,0.35,FALSE,proxy_synthetic
CL-0162,MED_DEC,312,44,49.6,7/5/2027,329,FALSE,FALSE,0.34,FALSE,proxy_synthetic
CL-0162,MED_IVERMECTIN,445,84,37.1,4/13/2028,612,FALSE,FALSE,0.35,FALSE,proxy_synthetic
CL-0162,MED_ALBENDAZOLE,54,73,5.2,6/28/2028,688,TRUE,FALSE,0.56,TRUE,proxy_synthetic
CL-0162,MED_TB_DOTS,505,114,31,4/17/2028,616,FALSE,FALSE,0.23,FALSE,proxy_synthetic
CL-0163,MED_ORS,1,8,0.9,6/25/2028,685,TRUE,FALSE,0.93,TRUE,proxy_synthetic
CL-0163,MED_DEC,241,32,52.7,6/10/2028,670,FALSE,FALSE,0.31,FALSE,proxy_synthetic
CL-0163,MED_IVERMECTIN,223,60,26,12/7/2027,484,FALSE,FALSE,0.29,FALSE,proxy_synthetic
CL-0163,MED_ALBENDAZOLE,614,75,57.3,4/28/2028,627,FALSE,FALSE,0.29,FALSE,proxy_synthetic
CL-0163,MED_TB_DOTS,539,89,42.4,2/2/2028,541,FALSE,FALSE,0.26,FALSE,proxy_synthetic
CL-0164,MED_ORS,28,5,39.2,7/12/2028,702,FALSE,FALSE,0.28,FALSE,proxy_synthetic
CL-0164,MED_DEC,103,12,60.1,1/14/2028,522,FALSE,FALSE,0.23,FALSE,proxy_synthetic
CL-0164,MED_IVERMECTIN,21,45,3.3,12/29/2027,506,TRUE,FALSE,0.75,TRUE,proxy_synthetic
CL-0164,MED_ALBENDAZOLE,339,52,45.6,7/26/2027,350,FALSE,FALSE,0.29,FALSE,proxy_synthetic
CL-0164,MED_TB_DOTS,238,66,25.2,7/2/2028,692,FALSE,FALSE,0.33,FALSE,proxy_synthetic
CL-0165,MED_ORS,535,66,56.7,3/23/2028,591,FALSE,FALSE,0.21,FALSE,proxy_synthetic
CL-0165,MED_DEC,40,187,1.5,9/19/2027,405,TRUE,FALSE,0.86,TRUE,proxy_synthetic
CL-0165,MED_IVERMECTIN,3201,604,37.1,7/27/2027,351,FALSE,FALSE,0.34,FALSE,proxy_synthetic
CL-0165,MED_ALBENDAZOLE,171,323,3.7,5/2/2028,631,TRUE,FALSE,0.76,TRUE,proxy_synthetic
CL-0165,MED_TB_DOTS,5400,820,46.1,11/12/2027,459,FALSE,FALSE,0.35,FALSE,proxy_synthetic
CL-0166,MED_ORS,27,10,18.9,11/22/2026,104,FALSE,TRUE,0.41,TRUE,proxy_synthetic
CL-0166,MED_DEC,10,21,3.3,8/4/2027,359,TRUE,FALSE,0.77,TRUE,proxy_synthetic
CL-0166,MED_IVERMECTIN,414,59,49.1,4/12/2028,611,FALSE,FALSE,0.24,FALSE,proxy_synthetic
CL-0166,MED_ALBENDAZOLE,732,90,56.9,12/16/2026,128,FALSE,TRUE,0.32,TRUE,proxy_synthetic
CL-0166,MED_TB_DOTS,15,63,1.7,4/26/2027,259,TRUE,FALSE,0.85,TRUE,proxy_synthetic
CL-0167,MED_ORS,129,34,26.6,5/17/2028,646,FALSE,FALSE,0.24,FALSE,proxy_synthetic
CL-0167,MED_DEC,992,155,44.8,5/31/2027,294,FALSE,FALSE,0.25,FALSE,proxy_synthetic
CL-0167,MED_IVERMECTIN,3447,541,44.6,2/1/2028,540,FALSE,FALSE,0.2,FALSE,proxy_synthetic
CL-0167,MED_ALBENDAZOLE,3060,449,47.7,12/28/2027,505,FALSE,FALSE,0.25,FALSE,proxy_synthetic
CL-0167,MED_TB_DOTS,2626,569,32.3,1/4/2028,512,FALSE,FALSE,0.3,FALSE,proxy_synthetic
CL-0168,MED_ORS,51,16,22.3,2/2/2028,541,FALSE,FALSE,0.21,FALSE,proxy_synthetic
CL-0168,MED_DEC,26,58,3.1,4/20/2028,619,TRUE,FALSE,0.82,TRUE,proxy_synthetic
CL-0168,MED_IVERMECTIN,1176,133,61.9,5/13/2028,642,FALSE,FALSE,0.25,FALSE,proxy_synthetic
CL-0168,MED_ALBENDAZOLE,490,62,55.3,10/14/2027,430,FALSE,FALSE,0.31,FALSE,proxy_synthetic
CL-0168,MED_TB_DOTS,951,104,64,7/2/2028,692,FALSE,FALSE,0.22,FALSE,proxy_synthetic
CL-0169,MED_ORS,48,8,42,5/14/2027,277,FALSE,FALSE,0.27,FALSE,proxy_synthetic
CL-0169,MED_DEC,236,28,59,9/2/2027,388,FALSE,FALSE,0.34,FALSE,proxy_synthetic
CL-0169,MED_IVERMECTIN,729,83,61.5,6/26/2028,686,FALSE,FALSE,0.32,FALSE,proxy_synthetic
CL-0169,MED_ALBENDAZOLE,463,90,36,11/7/2026,89,FALSE,TRUE,0.48,TRUE,proxy_synthetic
CL-0169,MED_TB_DOTS,940,102,64.5,10/24/2026,75,FALSE,TRUE,0.47,TRUE,proxy_synthetic
CL-0170,MED_ORS,119,14,59.5,8/4/2028,725,FALSE,FALSE,0.34,FALSE,proxy_synthetic
CL-0170,MED_DEC,477,64,52.2,9/26/2027,412,FALSE,FALSE,0.27,FALSE,proxy_synthetic
CL-0170,MED_IVERMECTIN,46,128,2.5,6/19/2028,679,TRUE,FALSE,0.87,TRUE,proxy_synthetic
CL-0170,MED_ALBENDAZOLE,617,97,44.5,11/8/2027,455,FALSE,FALSE,0.34,FALSE,proxy_synthetic
CL-0170,MED_TB_DOTS,1014,146,48.6,6/20/2027,314,FALSE,FALSE,0.29,FALSE,proxy_synthetic
CL-0171,MED_ORS,364,86,29.6,6/3/2028,663,FALSE,FALSE,0.24,FALSE,proxy_synthetic
CL-0171,MED_DEC,1301,360,25.3,11/7/2027,454,FALSE,FALSE,0.22,FALSE,proxy_synthetic
CL-0171,MED_IVERMECTIN,7933,1145,48.5,11/10/2026,92,FALSE,TRUE,0.46,TRUE,proxy_synthetic
CL-0171,MED_ALBENDAZOLE,3688,932,27.7,10/27/2027,443,FALSE,FALSE,0.3,FALSE,proxy_synthetic
CL-0171,MED_TB_DOTS,10746,1275,59,6/26/2027,320,FALSE,FALSE,0.25,FALSE,proxy_synthetic
CL-0172,MED_ORS,50,8,43.8,1/20/2027,163,FALSE,TRUE,0.31,TRUE,proxy_synthetic
CL-0172,MED_DEC,241,71,23.8,7/13/2027,337,FALSE,FALSE,0.21,FALSE,proxy_synthetic
CL-0172,MED_IVERMECTIN,770,119,45.3,6/25/2027,319,FALSE,FALSE,0.23,FALSE,proxy_synthetic
CL-0172,MED_ALBENDAZOLE,736,93,55.4,3/15/2028,583,FALSE,FALSE,0.27,FALSE,proxy_synthetic
CL-0172,MED_TB_DOTS,1320,204,45.3,8/17/2027,372,FALSE,FALSE,0.25,FALSE,proxy_synthetic
CL-0173,MED_ORS,95,11,60.5,3/24/2027,226,FALSE,FALSE,0.21,FALSE,proxy_synthetic
CL-0173,MED_DEC,10,35,2,10/28/2027,444,TRUE,FALSE,0.77,TRUE,proxy_synthetic
CL-0173,MED_IVERMECTIN,959,161,41.7,5/12/2027,275,FALSE,FALSE,0.21,FALSE,proxy_synthetic
CL-0173,MED_ALBENDAZOLE,283,72,27.5,2/26/2028,565,FALSE,FALSE,0.32,FALSE,proxy_synthetic
CL-0173,MED_TB_DOTS,948,161,41.2,7/18/2028,708,FALSE,FALSE,0.34,FALSE,proxy_synthetic
CL-0174,MED_ORS,144,19,53.1,6/20/2027,314,FALSE,FALSE,0.32,FALSE,proxy_synthetic
CL-0174,MED_DEC,532,98,38,11/9/2027,456,FALSE,FALSE,0.21,FALSE,proxy_synthetic
CL-0174,MED_IVERMECTIN,1451,268,37.9,11/8/2027,455,FALSE,FALSE,0.24,FALSE,proxy_synthetic
CL-0174,MED_ALBENDAZOLE,602,135,31.2,5/9/2027,272,FALSE,FALSE,0.25,FALSE,proxy_synthetic
CL-0174,MED_TB_DOTS,1987,319,43.6,10/31/2026,82,FALSE,TRUE,0.42,TRUE,proxy_synthetic
CL-0175,MED_ORS,44,6,51.3,8/6/2028,727,FALSE,FALSE,0.31,FALSE,proxy_synthetic
CL-0175,MED_DEC,84,29,20.3,11/11/2027,458,FALSE,FALSE,0.22,FALSE,proxy_synthetic
CL-0175,MED_IVERMECTIN,230,53,30.4,7/29/2027,353,FALSE,FALSE,0.32,FALSE,proxy_synthetic
CL-0175,MED_ALBENDAZOLE,443,66,47,10/14/2027,430,FALSE,FALSE,0.21,FALSE,proxy_synthetic
CL-0175,MED_TB_DOTS,486,76,44.8,5/21/2028,650,FALSE,FALSE,0.31,FALSE,proxy_synthetic
CL-0176,MED_ORS,55,17,22.6,12/29/2027,506,FALSE,FALSE,0.26,FALSE,proxy_synthetic
CL-0176,MED_DEC,591,79,52.4,4/12/2028,611,FALSE,FALSE,0.23,FALSE,proxy_synthetic
CL-0176,MED_IVERMECTIN,828,119,48.7,3/29/2027,231,FALSE,FALSE,0.25,FALSE,proxy_synthetic
CL-0176,MED_ALBENDAZOLE,142,191,5.2,4/23/2028,622,TRUE,FALSE,0.58,TRUE,proxy_synthetic
CL-0176,MED_TB_DOTS,696,124,39.3,11/23/2026,105,FALSE,TRUE,0.47,TRUE,proxy_synthetic
CL-0177,MED_ORS,16,6,18.7,7/18/2027,342,FALSE,FALSE,0.33,FALSE,proxy_synthetic
CL-0177,MED_DEC,5,29,1.2,7/21/2027,345,TRUE,FALSE,0.93,TRUE,proxy_synthetic
CL-0177,MED_IVERMECTIN,706,112,44.1,12/13/2026,125,FALSE,TRUE,0.43,TRUE,proxy_synthetic
CL-0177,MED_ALBENDAZOLE,759,98,54.2,11/21/2026,103,FALSE,TRUE,0.4,TRUE,proxy_synthetic
CL-0177,MED_TB_DOTS,653,83,55.1,3/12/2027,214,FALSE,FALSE,0.29,FALSE,proxy_synthetic
CL-0178,MED_ORS,93,13,50.1,5/31/2027,294,FALSE,FALSE,0.22,FALSE,proxy_synthetic
CL-0178,MED_DEC,288,34,59.3,11/6/2027,453,FALSE,FALSE,0.33,FALSE,proxy_synthetic
CL-0178,MED_IVERMECTIN,618,175,24.7,2/10/2028,549,FALSE,FALSE,0.25,FALSE,proxy_synthetic
CL-0178,MED_ALBENDAZOLE,93,118,5.5,10/26/2026,77,TRUE,TRUE,0.76,TRUE,proxy_synthetic
CL-0178,MED_TB_DOTS,1193,138,60.5,5/21/2027,284,FALSE,FALSE,0.33,FALSE,proxy_synthetic
CL-0179,MED_ORS,29,50,4.1,3/7/2028,575,TRUE,FALSE,0.66,TRUE,proxy_synthetic
CL-0179,MED_DEC,1442,189,53.4,7/21/2028,711,FALSE,FALSE,0.24,FALSE,proxy_synthetic
CL-0179,MED_IVERMECTIN,1292,489,18.5,9/9/2027,395,FALSE,FALSE,0.33,FALSE,proxy_synthetic
CL-0179,MED_ALBENDAZOLE,2138,418,35.8,2/24/2028,563,FALSE,FALSE,0.26,FALSE,proxy_synthetic
CL-0179,MED_TB_DOTS,111,457,1.7,8/14/2027,369,TRUE,FALSE,0.82,TRUE,proxy_synthetic
CL-0180,MED_ORS,67,12,39.1,7/18/2028,708,FALSE,FALSE,0.3,FALSE,proxy_synthetic
CL-0180,MED_DEC,150,38,27.6,10/16/2027,432,FALSE,FALSE,0.27,FALSE,proxy_synthetic
CL-0180,MED_IVERMECTIN,689,91,53,5/23/2027,286,FALSE,FALSE,0.31,FALSE,proxy_synthetic
CL-0180,MED_ALBENDAZOLE,521,95,38.4,3/24/2028,592,FALSE,FALSE,0.3,FALSE,proxy_synthetic
CL-0180,MED_TB_DOTS,1011,132,53.6,4/1/2027,234,FALSE,FALSE,0.28,FALSE,proxy_synthetic
CL-0181,MED_ORS,37,12,21.6,12/10/2026,122,FALSE,TRUE,0.39,TRUE,proxy_synthetic
CL-0181,MED_DEC,738,90,57.4,12/16/2027,493,FALSE,FALSE,0.33,FALSE,proxy_synthetic
CL-0181,MED_IVERMECTIN,474,130,25.5,6/10/2027,304,FALSE,FALSE,0.29,FALSE,proxy_synthetic
CL-0181,MED_ALBENDAZOLE,651,212,21.5,10/17/2027,433,FALSE,FALSE,0.25,FALSE,proxy_synthetic
CL-0181,MED_TB_DOTS,1740,194,62.8,10/12/2027,428,FALSE,FALSE,0.24,FALSE,proxy_synthetic
CL-0182,MED_ORS,54,8,47.2,12/5/2026,117,FALSE,TRUE,0.33,TRUE,proxy_synthetic
CL-0182,MED_DEC,312,50,43.7,10/21/2026,72,FALSE,TRUE,0.49,TRUE,proxy_synthetic
CL-0182,MED_IVERMECTIN,55,161,2.4,4/6/2028,605,TRUE,FALSE,0.86,TRUE,proxy_synthetic
CL-0182,MED_ALBENDAZOLE,814,92,61.9,10/23/2026,74,FALSE,TRUE,0.52,TRUE,proxy_synthetic
CL-0182,MED_TB_DOTS,699,134,36.5,8/6/2028,727,FALSE,FALSE,0.25,FALSE,proxy_synthetic
CL-0183,MED_ORS,29,6,33.8,3/15/2027,217,FALSE,FALSE,0.31,FALSE,proxy_synthetic
CL-0183,MED_DEC,8,35,1.6,4/12/2028,611,TRUE,FALSE,0.91,TRUE,proxy_synthetic
CL-0183,MED_IVERMECTIN,581,93,43.7,10/13/2026,64,FALSE,TRUE,0.54,TRUE,proxy_synthetic
CL-0183,MED_ALBENDAZOLE,399,58,48.2,11/19/2026,101,FALSE,TRUE,0.4,TRUE,proxy_synthetic
CL-0183,MED_TB_DOTS,15,117,0.9,3/10/2028,578,TRUE,FALSE,0.91,TRUE,proxy_synthetic
CL-0184,MED_ORS,22,6,25.7,8/30/2027,385,FALSE,FALSE,0.34,FALSE,proxy_synthetic
CL-0184,MED_DEC,187,37,35.4,11/25/2027,472,FALSE,FALSE,0.3,FALSE,proxy_synthetic
CL-0184,MED_IVERMECTIN,288,49,41.1,1/23/2028,531,FALSE,FALSE,0.21,FALSE,proxy_synthetic
CL-0184,MED_ALBENDAZOLE,495,87,39.8,11/22/2026,104,FALSE,TRUE,0.44,TRUE,proxy_synthetic
CL-0184,MED_TB_DOTS,773,89,60.8,2/3/2028,542,FALSE,FALSE,0.34,FALSE,proxy_synthetic
CL-0185,MED_ORS,206,40,36,7/12/2028,702,FALSE,FALSE,0.34,FALSE,proxy_synthetic
CL-0185,MED_DEC,721,106,47.6,11/24/2027,471,FALSE,FALSE,0.3,FALSE,proxy_synthetic
CL-0185,MED_IVERMECTIN,1329,248,37.5,5/1/2028,630,FALSE,FALSE,0.22,FALSE,proxy_synthetic
CL-0185,MED_ALBENDAZOLE,691,227,21.3,7/26/2027,350,FALSE,FALSE,0.34,FALSE,proxy_synthetic
CL-0185,MED_TB_DOTS,2423,344,49.3,6/23/2027,317,FALSE,FALSE,0.26,FALSE,proxy_synthetic
CL-0186,MED_ORS,101,12,58.9,8/17/2027,372,FALSE,FALSE,0.33,FALSE,proxy_synthetic
CL-0186,MED_DEC,236,52,31.8,4/19/2027,252,FALSE,FALSE,0.34,FALSE,proxy_synthetic
CL-0186,MED_IVERMECTIN,39,135,2,12/13/2026,125,TRUE,TRUE,0.88,TRUE,proxy_synthetic
CL-0186,MED_ALBENDAZOLE,922,107,60.3,1/31/2028,539,FALSE,FALSE,0.25,FALSE,proxy_synthetic
CL-0186,MED_TB_DOTS,1258,161,54.7,10/14/2026,65,FALSE,TRUE,0.48,TRUE,proxy_synthetic
CL-0187,MED_ORS,63,10,44.1,9/9/2027,395,FALSE,FALSE,0.31,FALSE,proxy_synthetic
CL-0187,MED_DEC,377,41,64.4,1/6/2028,514,FALSE,FALSE,0.31,FALSE,proxy_synthetic
CL-0187,MED_IVERMECTIN,276,73,26.5,1/5/2028,513,FALSE,FALSE,0.29,FALSE,proxy_synthetic
CL-0187,MED_ALBENDAZOLE,339,82,28.9,9/3/2027,389,FALSE,FALSE,0.27,FALSE,proxy_synthetic
CL-0187,MED_TB_DOTS,302,101,20.9,2/8/2028,547,FALSE,FALSE,0.31,FALSE,proxy_synthetic
CL-0188,MED_ORS,30,6,35,9/3/2027,389,FALSE,FALSE,0.27,FALSE,proxy_synthetic
CL-0188,MED_DEC,106,21,35.3,8/30/2027,385,FALSE,FALSE,0.22,FALSE,proxy_synthetic
CL-0188,MED_IVERMECTIN,20,57,2.5,3/16/2028,584,TRUE,FALSE,0.78,TRUE,proxy_synthetic
CL-0188,MED_ALBENDAZOLE,207,45,32.2,8/21/2027,376,FALSE,FALSE,0.33,FALSE,proxy_synthetic
CL-0188,MED_TB_DOTS,305,66,32.3,4/1/2028,600,FALSE,FALSE,0.35,FALSE,proxy_synthetic
CL-0189,MED_ORS,467,56,58.4,7/10/2027,334,FALSE,FALSE,0.24,FALSE,proxy_synthetic
CL-0189,MED_DEC,129,184,4.9,4/3/2027,236,TRUE,FALSE,0.69,TRUE,proxy_synthetic
CL-0189,MED_IVERMECTIN,6342,735,60.4,7/4/2028,694,FALSE,FALSE,0.3,FALSE,proxy_synthetic
CL-0189,MED_ALBENDAZOLE,6263,776,56.5,1/25/2027,168,FALSE,TRUE,0.31,TRUE,proxy_synthetic
CL-0189,MED_TB_DOTS,3338,946,24.7,7/11/2027,335,FALSE,FALSE,0.22,FALSE,proxy_synthetic
CL-0190,MED_ORS,26,7,26,4/27/2027,260,FALSE,FALSE,0.23,FALSE,proxy_synthetic
CL-0190,MED_DEC,166,19,61.2,1/27/2027,170,FALSE,TRUE,0.3,TRUE,proxy_synthetic
CL-0190,MED_IVERMECTIN,15,76,1.4,5/7/2028,636,TRUE,FALSE,0.94,TRUE,proxy_synthetic
CL-0190,MED_ALBENDAZOLE,13,50,1.8,5/11/2027,274,TRUE,FALSE,0.91,TRUE,proxy_synthetic
CL-0190,MED_TB_DOTS,13,104,0.9,6/2/2028,662,TRUE,FALSE,0.84,TRUE,proxy_synthetic
CL-0191,MED_ORS,100,14,50,11/14/2026,96,FALSE,TRUE,0.44,TRUE,proxy_synthetic
CL-0191,MED_DEC,453,53,59.8,6/20/2028,680,FALSE,FALSE,0.28,FALSE,proxy_synthetic
CL-0191,MED_IVERMECTIN,77,128,4.2,9/19/2027,405,TRUE,FALSE,0.75,TRUE,proxy_synthetic
CL-0191,MED_ALBENDAZOLE,728,110,46.3,10/22/2027,438,FALSE,FALSE,0.2,FALSE,proxy_synthetic
CL-0191,MED_TB_DOTS,901,113,55.8,6/21/2027,315,FALSE,FALSE,0.25,FALSE,proxy_synthetic
CL-0192,MED_ORS,21,6,24.5,12/22/2027,499,FALSE,FALSE,0.23,FALSE,proxy_synthetic
CL-0192,MED_DEC,129,33,27.4,4/9/2028,608,FALSE,FALSE,0.26,FALSE,proxy_synthetic
CL-0192,MED_IVERMECTIN,571,70,57.1,12/9/2026,121,FALSE,TRUE,0.31,TRUE,proxy_synthetic
CL-0192,MED_ALBENDAZOLE,283,75,26.4,11/14/2027,461,FALSE,FALSE,0.33,FALSE,proxy_synthetic
CL-0192,MED_TB_DOTS,692,99,48.9,12/4/2027,481,FALSE,FALSE,0.33,FALSE,proxy_synthetic
CL-0193,MED_ORS,112,24,32.7,1/5/2028,513,FALSE,FALSE,0.34,FALSE,proxy_synthetic
CL-0193,MED_DEC,402,61,46.1,6/2/2028,662,FALSE,FALSE,0.22,FALSE,proxy_synthetic
CL-0193,MED_IVERMECTIN,749,234,22.4,3/27/2028,595,FALSE,FALSE,0.28,FALSE,proxy_synthetic
CL-0193,MED_ALBENDAZOLE,153,191,5.6,3/14/2027,216,TRUE,FALSE,0.54,TRUE,proxy_synthetic
CL-0193,MED_TB_DOTS,639,197,22.7,7/8/2027,332,FALSE,FALSE,0.35,FALSE,proxy_synthetic
CL-0194,MED_ORS,86,12,50.2,6/6/2028,666,FALSE,FALSE,0.24,FALSE,proxy_synthetic
CL-0194,MED_DEC,4,60,0.5,11/18/2026,100,TRUE,TRUE,1,TRUE,proxy_synthetic
CL-0194,MED_IVERMECTIN,874,131,46.7,8/12/2027,367,FALSE,FALSE,0.29,FALSE,proxy_synthetic
CL-0194,MED_ALBENDAZOLE,947,108,61.4,6/7/2028,667,FALSE,FALSE,0.29,FALSE,proxy_synthetic
CL-0194,MED_TB_DOTS,47,195,1.7,10/10/2026,61,TRUE,TRUE,1,TRUE,proxy_synthetic
CL-0195,MED_ORS,40,7,40,9/9/2027,395,FALSE,FALSE,0.2,FALSE,proxy_synthetic
CL-0195,MED_DEC,130,24,37.9,3/16/2028,584,FALSE,FALSE,0.32,FALSE,proxy_synthetic
CL-0195,MED_IVERMECTIN,256,78,23,10/29/2027,445,FALSE,FALSE,0.26,FALSE,proxy_synthetic
CL-0195,MED_ALBENDAZOLE,239,59,28.4,3/21/2027,223,FALSE,FALSE,0.29,FALSE,proxy_synthetic
CL-0195,MED_TB_DOTS,240,57,29.5,7/3/2027,327,FALSE,FALSE,0.34,FALSE,proxy_synthetic
CL-0196,MED_ORS,57,7,57,11/16/2026,98,FALSE,TRUE,0.45,TRUE,proxy_synthetic
CL-0196,MED_DEC,216,34,44.5,4/5/2028,604,FALSE,FALSE,0.23,FALSE,proxy_synthetic
CL-0196,MED_IVERMECTIN,41,54,5.3,6/6/2028,666,TRUE,FALSE,0.65,TRUE,proxy_synthetic
CL-0196,MED_ALBENDAZOLE,301,64,32.9,5/27/2028,656,FALSE,FALSE,0.22,FALSE,proxy_synthetic
CL-0196,MED_TB_DOTS,454,51,62.3,3/9/2027,211,FALSE,FALSE,0.3,FALSE,proxy_synthetic
CL-0197,MED_ORS,40,8,35,7/19/2027,343,FALSE,FALSE,0.33,FALSE,proxy_synthetic
CL-0197,MED_DEC,335,37,63.4,7/30/2028,720,FALSE,FALSE,0.29,FALSE,proxy_synthetic
CL-0197,MED_IVERMECTIN,550,123,31.3,9/10/2027,396,FALSE,FALSE,0.34,FALSE,proxy_synthetic
CL-0197,MED_ALBENDAZOLE,525,113,32.5,7/16/2028,706,FALSE,FALSE,0.21,FALSE,proxy_synthetic
CL-0197,MED_TB_DOTS,810,93,61,11/19/2026,101,FALSE,TRUE,0.48,TRUE,proxy_synthetic
CL-0198,MED_ORS,196,35,39.2,7/24/2028,714,FALSE,FALSE,0.32,FALSE,proxy_synthetic
CL-0198,MED_DEC,683,96,49.8,10/15/2027,431,FALSE,FALSE,0.25,FALSE,proxy_synthetic
CL-0198,MED_IVERMECTIN,1959,434,31.6,5/27/2027,290,FALSE,FALSE,0.25,FALSE,proxy_synthetic
CL-0198,MED_ALBENDAZOLE,2726,356,53.6,4/8/2028,607,FALSE,FALSE,0.26,FALSE,proxy_synthetic
CL-0198,MED_TB_DOTS,1341,327,28.7,11/15/2027,462,FALSE,FALSE,0.34,FALSE,proxy_synthetic
CL-0199,MED_ORS,4,5,5.6,7/19/2028,709,TRUE,FALSE,0.55,TRUE,proxy_synthetic
CL-0199,MED_DEC,124,24,36.2,4/8/2027,241,FALSE,FALSE,0.21,FALSE,proxy_synthetic
CL-0199,MED_IVERMECTIN,583,65,62.8,11/22/2026,104,FALSE,TRUE,0.38,TRUE,proxy_synthetic
CL-0199,MED_ALBENDAZOLE,235,60,27.4,6/28/2027,322,FALSE,FALSE,0.28,FALSE,proxy_synthetic
CL-0199,MED_TB_DOTS,425,78,38.1,4/4/2028,603,FALSE,FALSE,0.33,FALSE,proxy_synthetic
CL-0200,MED_ORS,2,7,2,1/12/2028,520,TRUE,FALSE,0.82,TRUE,proxy_synthetic
CL-0200,MED_DEC,16,26,4.3,1/16/2028,524,TRUE,FALSE,0.68,TRUE,proxy_synthetic
CL-0200,MED_IVERMECTIN,597,103,40.6,11/8/2027,455,FALSE,FALSE,0.27,FALSE,proxy_synthetic
CL-0200,MED_ALBENDAZOLE,375,46,57.1,12/16/2026,128,FALSE,TRUE,0.34,TRUE,proxy_synthetic
CL-0200,MED_TB_DOTS,850,112,53.1,6/11/2028,671,FALSE,FALSE,0.34,FALSE,proxy_synthetic
CL-0201,MED_ORS,118,13,63.5,1/27/2028,535,FALSE,FALSE,0.27,FALSE,proxy_synthetic
CL-0201,MED_DEC,191,30,44.6,7/5/2027,329,FALSE,FALSE,0.31,FALSE,proxy_synthetic
CL-0201,MED_IVERMECTIN,82,112,5.1,2/15/2028,554,TRUE,FALSE,0.65,TRUE,proxy_synthetic
CL-0201,MED_ALBENDAZOLE,411,115,25,4/5/2028,604,FALSE,FALSE,0.32,FALSE,proxy_synthetic
CL-0201,MED_TB_DOTS,549,89,43.2,11/7/2027,454,FALSE,FALSE,0.28,FALSE,proxy_synthetic
CL-0202,MED_ORS,95,35,19,8/6/2028,727,FALSE,FALSE,0.26,FALSE,proxy_synthetic
CL-0202,MED_DEC,1245,209,41.7,6/24/2027,318,FALSE,FALSE,0.21,FALSE,proxy_synthetic
CL-0202,MED_IVERMECTIN,842,269,21.9,4/24/2028,623,FALSE,FALSE,0.35,FALSE,proxy_synthetic
CL-0202,MED_ALBENDAZOLE,1042,309,23.6,9/11/2027,397,FALSE,FALSE,0.29,FALSE,proxy_synthetic
CL-0202,MED_TB_DOTS,4142,604,48,5/25/2027,288,FALSE,FALSE,0.32,FALSE,proxy_synthetic
CL-0203,MED_ORS,68,18,26.4,6/1/2028,661,FALSE,FALSE,0.23,FALSE,proxy_synthetic
CL-0203,MED_DEC,139,39,24.9,8/4/2028,725,FALSE,FALSE,0.28,FALSE,proxy_synthetic
CL-0203,MED_IVERMECTIN,770,91,59.2,12/1/2026,113,FALSE,TRUE,0.34,TRUE,proxy_synthetic
CL-0203,MED_ALBENDAZOLE,647,134,33.8,6/22/2027,316,FALSE,FALSE,0.24,FALSE,proxy_synthetic
CL-0203,MED_TB_DOTS,986,123,56.1,5/25/2028,654,FALSE,FALSE,0.24,FALSE,proxy_synthetic
CL-0204,MED_ORS,1,9,0.8,7/16/2027,340,TRUE,FALSE,0.86,TRUE,proxy_synthetic
CL-0204,MED_DEC,269,40,47.1,9/12/2027,398,FALSE,FALSE,0.26,FALSE,proxy_synthetic
CL-0204,MED_IVERMECTIN,658,77,59.8,12/31/2026,143,FALSE,TRUE,0.35,TRUE,proxy_synthetic
CL-0204,MED_ALBENDAZOLE,628,89,49.4,10/16/2027,432,FALSE,FALSE,0.21,FALSE,proxy_synthetic
CL-0204,MED_TB_DOTS,344,74,32.5,2/10/2028,549,FALSE,FALSE,0.34,FALSE,proxy_synthetic
CL-0205,MED_ORS,41,5,57.4,8/2/2027,357,FALSE,FALSE,0.34,FALSE,proxy_synthetic
CL-0205,MED_DEC,103,19,37.9,3/12/2027,214,FALSE,FALSE,0.29,FALSE,proxy_synthetic
CL-0205,MED_IVERMECTIN,518,90,40.3,11/20/2026,102,FALSE,TRUE,0.39,TRUE,proxy_synthetic
CL-0205,MED_ALBENDAZOLE,463,53,61.2,2/29/2028,568,FALSE,FALSE,0.31,FALSE,proxy_synthetic
CL-0205,MED_TB_DOTS,290,70,29,6/30/2027,324,FALSE,FALSE,0.35,FALSE,proxy_synthetic
CL-0206,MED_ORS,54,17,22.2,1/9/2028,517,FALSE,FALSE,0.21,FALSE,proxy_synthetic
CL-0206,MED_DEC,167,53,22.1,5/8/2028,637,FALSE,FALSE,0.2,FALSE,proxy_synthetic
CL-0206,MED_IVERMECTIN,52,172,2.1,4/2/2028,601,TRUE,FALSE,0.79,TRUE,proxy_synthetic
CL-0206,MED_ALBENDAZOLE,684,197,24.3,10/3/2027,419,FALSE,FALSE,0.27,FALSE,proxy_synthetic
CL-0206,MED_TB_DOTS,2479,275,63.1,3/30/2027,232,FALSE,FALSE,0.27,FALSE,proxy_synthetic
CL-0207,MED_ORS,45,5,63,6/1/2028,661,FALSE,FALSE,0.21,FALSE,proxy_synthetic
CL-0207,MED_DEC,187,28,46.8,5/11/2027,274,FALSE,FALSE,0.23,FALSE,proxy_synthetic
CL-0207,MED_IVERMECTIN,646,87,52,9/18/2027,404,FALSE,FALSE,0.33,FALSE,proxy_synthetic
CL-0207,MED_ALBENDAZOLE,420,73,40.3,7/29/2027,353,FALSE,FALSE,0.3,FALSE,proxy_synthetic
CL-0207,MED_TB_DOTS,219,80,19.2,10/11/2027,427,FALSE,FALSE,0.26,FALSE,proxy_synthetic
CL-0208,MED_ORS,2,14,1,7/9/2028,699,TRUE,FALSE,0.84,TRUE,proxy_synthetic
CL-0208,MED_DEC,224,28,56,10/31/2027,447,FALSE,FALSE,0.33,FALSE,proxy_synthetic
CL-0208,MED_IVERMECTIN,442,83,37.3,12/26/2026,138,FALSE,TRUE,0.33,TRUE,proxy_synthetic
CL-0208,MED_ALBENDAZOLE,856,104,57.6,10/2/2027,418,FALSE,FALSE,0.29,FALSE,proxy_synthetic
CL-0208,MED_TB_DOTS,1040,117,62.2,12/14/2027,491,FALSE,FALSE,0.25,FALSE,proxy_synthetic
CL-0209,MED_ORS,646,96,47.1,7/21/2027,345,FALSE,FALSE,0.33,FALSE,proxy_synthetic
CL-0209,MED_DEC,901,332,19,4/20/2028,619,FALSE,FALSE,0.28,FALSE,proxy_synthetic
CL-0209,MED_IVERMECTIN,1996,650,21.5,5/22/2028,651,FALSE,FALSE,0.31,FALSE,proxy_synthetic
CL-0209,MED_ALBENDAZOLE,4713,743,44.4,6/9/2027,303,FALSE,FALSE,0.26,FALSE,proxy_synthetic
CL-0209,MED_TB_DOTS,8484,1183,50.2,4/17/2028,616,FALSE,FALSE,0.26,FALSE,proxy_synthetic
CL-0210,MED_ORS,61,7,61,6/3/2028,663,FALSE,FALSE,0.26,FALSE,proxy_synthetic
CL-0210,MED_DEC,105,23,32,3/17/2027,219,FALSE,FALSE,0.33,FALSE,proxy_synthetic
CL-0210,MED_IVERMECTIN,350,108,22.7,11/20/2026,102,FALSE,TRUE,0.42,TRUE,proxy_synthetic
CL-0210,MED_ALBENDAZOLE,875,111,55.2,8/4/2027,359,FALSE,FALSE,0.26,FALSE,proxy_synthetic
CL-0210,MED_TB_DOTS,506,114,31.1,10/28/2026,79,FALSE,TRUE,0.48,TRUE,proxy_synthetic
CL-0211,MED_ORS,33,8,28.9,1/14/2027,157,FALSE,TRUE,0.33,TRUE,proxy_synthetic
CL-0211,MED_DEC,236,28,59,6/3/2027,297,FALSE,FALSE,0.29,FALSE,proxy_synthetic
CL-0211,MED_IVERMECTIN,57,111,3.6,5/22/2027,285,TRUE,FALSE,0.7,TRUE,proxy_synthetic
CL-0211,MED_ALBENDAZOLE,36,98,2.6,2/1/2028,540,TRUE,FALSE,0.74,TRUE,proxy_synthetic
CL-0211,MED_TB_DOTS,755,148,35.7,3/17/2028,585,FALSE,FALSE,0.24,FALSE,proxy_synthetic
CL-0212,MED_ORS,37,6,43.2,4/24/2027,257,FALSE,FALSE,0.27,FALSE,proxy_synthetic
CL-0212,MED_DEC,185,45,28.8,7/6/2027,330,FALSE,FALSE,0.29,FALSE,proxy_synthetic
CL-0212,MED_IVERMECTIN,723,116,43.6,5/6/2027,269,FALSE,FALSE,0.32,FALSE,proxy_synthetic
CL-0212,MED_ALBENDAZOLE,920,105,61.3,4/12/2028,611,FALSE,FALSE,0.23,FALSE,proxy_synthetic
CL-0212,MED_TB_DOTS,634,154,28.8,10/23/2027,439,FALSE,FALSE,0.32,FALSE,proxy_synthetic
CL-0213,MED_ORS,29,9,22.6,8/9/2027,364,FALSE,FALSE,0.3,FALSE,proxy_synthetic
CL-0213,MED_DEC,63,24,18.4,6/26/2028,686,FALSE,FALSE,0.26,FALSE,proxy_synthetic
CL-0213,MED_IVERMECTIN,140,45,21.8,7/9/2028,699,FALSE,FALSE,0.3,FALSE,proxy_synthetic
CL-0213,MED_ALBENDAZOLE,284,51,39,9/7/2027,393,FALSE,FALSE,0.26,FALSE,proxy_synthetic
CL-0213,MED_TB_DOTS,381,60,44.5,11/20/2027,467,FALSE,FALSE,0.29,FALSE,proxy_synthetic
CL-0214,MED_ORS,73,10,51.1,11/8/2026,90,FALSE,TRUE,0.49,TRUE,proxy_synthetic
CL-0214,MED_DEC,294,62,33.2,12/13/2027,490,FALSE,FALSE,0.24,FALSE,proxy_synthetic
CL-0214,MED_IVERMECTIN,1080,153,49.4,8/31/2027,386,FALSE,FALSE,0.34,FALSE,proxy_synthetic
CL-0214,MED_ALBENDAZOLE,559,69,56.7,1/30/2027,173,FALSE,TRUE,0.31,TRUE,proxy_synthetic
CL-0214,MED_TB_DOTS,615,142,30.3,9/21/2027,407,FALSE,FALSE,0.29,FALSE,proxy_synthetic
CL-0215,MED_ORS,56,7,56,4/25/2028,624,FALSE,FALSE,0.31,FALSE,proxy_synthetic
CL-0215,MED_DEC,139,34,28.6,9/24/2027,410,FALSE,FALSE,0.3,FALSE,proxy_synthetic
CL-0215,MED_IVERMECTIN,994,161,43.2,6/1/2027,295,FALSE,FALSE,0.32,FALSE,proxy_synthetic
CL-0215,MED_ALBENDAZOLE,61,84,5.1,8/6/2027,361,TRUE,FALSE,0.69,TRUE,proxy_synthetic
CL-0215,MED_TB_DOTS,420,121,24.3,2/12/2028,551,FALSE,FALSE,0.22,FALSE,proxy_synthetic
CL-0216,MED_ORS,34,9,26.4,5/19/2028,648,FALSE,FALSE,0.31,FALSE,proxy_synthetic
CL-0216,MED_DEC,162,28,40.5,11/1/2027,448,FALSE,FALSE,0.3,FALSE,proxy_synthetic
CL-0216,MED_IVERMECTIN,554,73,53.1,11/6/2027,453,FALSE,FALSE,0.25,FALSE,proxy_synthetic
CL-0216,MED_ALBENDAZOLE,327,82,27.9,4/1/2028,600,FALSE,FALSE,0.31,FALSE,proxy_synthetic
CL-0216,MED_TB_DOTS,1237,183,47.3,5/9/2028,638,FALSE,FALSE,0.33,FALSE,proxy_synthetic
CL-0217,MED_ORS,40,7,40,4/18/2027,251,FALSE,FALSE,0.21,FALSE,proxy_synthetic
CL-0217,MED_DEC,169,20,59.1,7/14/2028,704,FALSE,FALSE,0.22,FALSE,proxy_synthetic
CL-0217,MED_IVERMECTIN,477,87,38.4,11/8/2026,90,FALSE,TRUE,0.4,TRUE,proxy_synthetic
CL-0217,MED_ALBENDAZOLE,44,67,4.6,2/29/2028,568,TRUE,FALSE,0.59,TRUE,proxy_synthetic
CL-0217,MED_TB_DOTS,521,57,64,3/26/2028,594,FALSE,FALSE,0.23,FALSE,proxy_synthetic
CL-0218,MED_ORS,3,7,3,3/18/2028,586,TRUE,FALSE,0.79,TRUE,proxy_synthetic
CL-0218,MED_DEC,132,18,51.3,9/10/2027,396,FALSE,FALSE,0.3,FALSE,proxy_synthetic
CL-0218,MED_IVERMECTIN,359,47,53.5,5/20/2028,649,FALSE,FALSE,0.24,FALSE,proxy_synthetic
CL-0218,MED_ALBENDAZOLE,223,59,26.5,4/6/2028,605,FALSE,FALSE,0.27,FALSE,proxy_synthetic
CL-0218,MED_TB_DOTS,713,79,63.2,6/25/2027,319,FALSE,FALSE,0.35,FALSE,proxy_synthetic
CL-0219,MED_ORS,168,47,25,1/4/2027,147,FALSE,TRUE,0.35,TRUE,proxy_synthetic
CL-0219,MED_DEC,1268,193,46,6/26/2028,686,FALSE,FALSE,0.31,FALSE,proxy_synthetic
CL-0219,MED_IVERMECTIN,2402,266,63.2,11/11/2026,93,FALSE,TRUE,0.48,TRUE,proxy_synthetic
CL-0219,MED_ALBENDAZOLE,2189,388,39.5,6/7/2028,667,FALSE,FALSE,0.29,FALSE,proxy_synthetic
CL-0219,MED_TB_DOTS,1867,608,21.5,2/8/2028,547,FALSE,FALSE,0.3,FALSE,proxy_synthetic
CL-0220,MED_ORS,69,8,60.4,3/19/2027,221,FALSE,FALSE,0.22,FALSE,proxy_synthetic
CL-0220,MED_DEC,177,27,45.9,10/14/2027,430,FALSE,FALSE,0.26,FALSE,proxy_synthetic
CL-0220,MED_IVERMECTIN,513,120,29.9,2/5/2027,179,FALSE,TRUE,0.21,TRUE,proxy_synthetic
CL-0220,MED_ALBENDAZOLE,33,78,3,11/20/2027,467,TRUE,FALSE,0.69,TRUE,proxy_synthetic
CL-0220,MED_TB_DOTS,595,79,52.7,11/8/2026,90,FALSE,TRUE,0.4,TRUE,proxy_synthetic
CL-0221,MED_ORS,23,7,23,12/18/2027,495,FALSE,FALSE,0.26,FALSE,proxy_synthetic
CL-0221,MED_DEC,166,24,48.4,3/6/2028,574,FALSE,FALSE,0.23,FALSE,proxy_synthetic
CL-0221,MED_IVERMECTIN,679,109,43.6,5/22/2027,285,FALSE,FALSE,0.33,FALSE,proxy_synthetic
CL-0221,MED_ALBENDAZOLE,323,40,56.5,12/11/2026,123,FALSE,TRUE,0.33,TRUE,proxy_synthetic
CL-0221,MED_TB_DOTS,607,79,53.8,11/15/2027,462,FALSE,FALSE,0.25,FALSE,proxy_synthetic
CL-0222,MED_ORS,48,11,30.5,4/17/2027,250,FALSE,FALSE,0.27,FALSE,proxy_synthetic
CL-0222,MED_DEC,309,48,45.1,12/21/2027,498,FALSE,FALSE,0.23,FALSE,proxy_synthetic
CL-0222,MED_IVERMECTIN,353,78,31.7,10/6/2027,422,FALSE,FALSE,0.32,FALSE,proxy_synthetic
CL-0222,MED_ALBENDAZOLE,369,51,50.6,4/23/2027,256,FALSE,FALSE,0.21,FALSE,proxy_synthetic
CL-0222,MED_TB_DOTS,567,71,55.9,11/12/2027,459,FALSE,FALSE,0.29,FALSE,proxy_synthetic
CL-0223,MED_ORS,55,10,38.5,4/2/2028,601,FALSE,FALSE,0.29,FALSE,proxy_synthetic
CL-0223,MED_DEC,83,26,22.3,7/10/2028,700,FALSE,FALSE,0.31,FALSE,proxy_synthetic
CL-0223,MED_IVERMECTIN,1168,150,54.5,2/17/2028,556,FALSE,FALSE,0.27,FALSE,proxy_synthetic
CL-0223,MED_ALBENDAZOLE,658,92,50.1,1/28/2027,171,FALSE,TRUE,0.36,TRUE,proxy_synthetic
CL-0223,MED_TB_DOTS,538,80,47.1,7/11/2027,335,FALSE,FALSE,0.23,FALSE,proxy_synthetic
CL-0224,MED_ORS,68,14,34,8/5/2027,360,FALSE,FALSE,0.31,FALSE,proxy_synthetic
CL-0224,MED_DEC,277,46,42.2,11/23/2026,105,FALSE,TRUE,0.46,TRUE,proxy_synthetic
CL-0224,MED_IVERMECTIN,1141,127,62.9,2/29/2028,568,FALSE,FALSE,0.31,FALSE,proxy_synthetic
CL-0224,MED_ALBENDAZOLE,431,157,19.2,11/25/2027,472,FALSE,FALSE,0.35,FALSE,proxy_synthetic
CL-0224,MED_TB_DOTS,32,188,1.2,12/16/2026,128,TRUE,TRUE,0.99,TRUE,proxy_synthetic
CL-0225,MED_ORS,53,8,46.4,12/30/2027,507,FALSE,FALSE,0.35,FALSE,proxy_synthetic
CL-0225,MED_DEC,192,29,46.3,12/12/2027,489,FALSE,FALSE,0.28,FALSE,proxy_synthetic
CL-0225,MED_IVERMECTIN,597,66,63.3,5/6/2027,269,FALSE,FALSE,0.3,FALSE,proxy_synthetic
CL-0225,MED_ALBENDAZOLE,298,74,28.2,11/22/2027,469,FALSE,FALSE,0.3,FALSE,proxy_synthetic
CL-0225,MED_TB_DOTS,760,82,64.9,4/19/2028,618,FALSE,FALSE,0.33,FALSE,proxy_synthetic
CL-0226,MED_ORS,28,10,19.6,5/22/2028,651,FALSE,FALSE,0.21,FALSE,proxy_synthetic
CL-0226,MED_DEC,159,45,24.7,12/28/2027,505,FALSE,FALSE,0.32,FALSE,proxy_synthetic
CL-0226,MED_IVERMECTIN,1190,168,49.6,5/24/2028,653,FALSE,FALSE,0.33,FALSE,proxy_synthetic
CL-0226,MED_ALBENDAZOLE,684,77,62.2,6/21/2027,315,FALSE,FALSE,0.28,FALSE,proxy_synthetic
CL-0226,MED_TB_DOTS,725,126,40.3,4/21/2027,254,FALSE,FALSE,0.28,FALSE,proxy_synthetic
CL-0227,MED_ORS,436,64,47.7,6/18/2028,678,FALSE,FALSE,0.22,FALSE,proxy_synthetic
CL-0227,MED_DEC,247,346,5,9/8/2027,394,TRUE,FALSE,0.6,TRUE,proxy_synthetic
CL-0227,MED_IVERMECTIN,275,712,2.7,7/30/2028,720,TRUE,FALSE,0.84,TRUE,proxy_synthetic
CL-0227,MED_ALBENDAZOLE,3437,412,58.4,2/9/2028,548,FALSE,FALSE,0.23,FALSE,proxy_synthetic
CL-0227,MED_TB_DOTS,4709,606,54.4,5/10/2028,639,FALSE,FALSE,0.29,FALSE,proxy_synthetic
CL-0228,MED_ORS,89,12,51.9,11/12/2026,94,FALSE,TRUE,0.45,TRUE,proxy_synthetic
CL-0228,MED_DEC,153,44,24.3,3/11/2027,213,FALSE,FALSE,0.29,FALSE,proxy_synthetic
CL-0228,MED_IVERMECTIN,560,85,46.1,6/17/2028,677,FALSE,FALSE,0.33,FALSE,proxy_synthetic
CL-0228,MED_ALBENDAZOLE,744,95,54.8,4/2/2028,601,FALSE,FALSE,0.23,FALSE,proxy_synthetic
CL-0228,MED_TB_DOTS,1160,136,59.7,10/13/2027,429,FALSE,FALSE,0.26,FALSE,proxy_synthetic
CL-0229,MED_ORS,31,9,24.1,4/20/2028,619,FALSE,FALSE,0.34,FALSE,proxy_synthetic
CL-0229,MED_DEC,98,36,19.1,5/30/2027,293,FALSE,FALSE,0.26,FALSE,proxy_synthetic
CL-0229,MED_IVERMECTIN,517,81,44.7,9/28/2027,414,FALSE,FALSE,0.25,FALSE,proxy_synthetic
CL-0229,MED_ALBENDAZOLE,593,99,41.9,12/19/2027,496,FALSE,FALSE,0.3,FALSE,proxy_synthetic
CL-0229,MED_TB_DOTS,368,132,19.5,2/20/2028,559,FALSE,FALSE,0.34,FALSE,proxy_synthetic
CL-0230,MED_ORS,138,15,64.4,12/20/2026,132,FALSE,TRUE,0.38,TRUE,proxy_synthetic
CL-0230,MED_DEC,562,71,55.4,6/21/2027,315,FALSE,FALSE,0.27,FALSE,proxy_synthetic
CL-0230,MED_IVERMECTIN,1155,125,64.7,7/23/2028,713,FALSE,FALSE,0.27,FALSE,proxy_synthetic
CL-0230,MED_ALBENDAZOLE,26,181,1,3/26/2028,594,TRUE,FALSE,0.95,TRUE,proxy_synthetic
CL-0230,MED_TB_DOTS,2246,288,54.6,6/15/2027,309,FALSE,FALSE,0.2,FALSE,proxy_synthetic
CL-0231,MED_ORS,32,7,32,6/10/2028,670,FALSE,FALSE,0.26,FALSE,proxy_synthetic
CL-0231,MED_DEC,173,25,48.4,7/15/2027,339,FALSE,FALSE,0.3,FALSE,proxy_synthetic
CL-0231,MED_IVERMECTIN,449,67,46.9,7/31/2027,355,FALSE,FALSE,0.2,FALSE,proxy_synthetic
CL-0231,MED_ALBENDAZOLE,47,73,4.5,5/24/2027,287,TRUE,FALSE,0.6,TRUE,proxy_synthetic
CL-0231,MED_TB_DOTS,277,99,19.6,6/6/2028,666,FALSE,FALSE,0.33,FALSE,proxy_synthetic
CL-0232,MED_ORS,38,8,33.2,11/24/2027,471,FALSE,FALSE,0.27,FALSE,proxy_synthetic
CL-0232,MED_DEC,97,21,32.3,12/27/2026,139,FALSE,TRUE,0.3,TRUE,proxy_synthetic
CL-0232,MED_IVERMECTIN,223,63,24.8,11/23/2026,105,FALSE,TRUE,0.47,TRUE,proxy_synthetic
CL-0232,MED_ALBENDAZOLE,364,60,42.5,7/1/2028,691,FALSE,FALSE,0.27,FALSE,proxy_synthetic
CL-0232,MED_TB_DOTS,281,84,23.4,4/30/2028,629,FALSE,FALSE,0.25,FALSE,proxy_synthetic
CL-0233,MED_ORS,58,9,45.1,12/15/2027,492,FALSE,FALSE,0.25,FALSE,proxy_synthetic
CL-0233,MED_DEC,489,60,57,11/17/2026,99,FALSE,TRUE,0.35,TRUE,proxy_synthetic
CL-0233,MED_IVERMECTIN,675,124,38.1,3/2/2028,570,FALSE,FALSE,0.24,FALSE,proxy_synthetic
CL-0233,MED_ALBENDAZOLE,787,100,55.1,1/28/2028,536,FALSE,FALSE,0.33,FALSE,proxy_synthetic
CL-0233,MED_TB_DOTS,547,145,26.4,2/17/2028,556,FALSE,FALSE,0.29,FALSE,proxy_synthetic
CL-0234,MED_ORS,11,36,2.1,8/31/2027,386,TRUE,FALSE,0.8,TRUE,proxy_synthetic
CL-0234,MED_DEC,1089,129,59.1,8/21/2027,376,FALSE,FALSE,0.21,FALSE,proxy_synthetic
CL-0234,MED_IVERMECTIN,2913,396,51.5,7/7/2027,331,FALSE,FALSE,0.3,FALSE,proxy_synthetic
CL-0234,MED_ALBENDAZOLE,1762,329,37.5,8/28/2027,383,FALSE,FALSE,0.34,FALSE,proxy_synthetic
CL-0234,MED_TB_DOTS,2993,511,41,8/13/2027,368,FALSE,FALSE,0.24,FALSE,proxy_synthetic
CL-0235,MED_ORS,61,23,18.6,11/29/2026,111,FALSE,TRUE,0.46,TRUE,proxy_synthetic
CL-0235,MED_DEC,323,48,47.1,11/20/2026,102,FALSE,TRUE,0.42,TRUE,proxy_synthetic
CL-0235,MED_IVERMECTIN,523,134,27.3,9/29/2027,415,FALSE,FALSE,0.31,FALSE,proxy_synthetic
CL-0235,MED_ALBENDAZOLE,1622,223,50.9,5/14/2028,643,FALSE,FALSE,0.22,FALSE,proxy_synthetic
CL-0235,MED_TB_DOTS,86,151,4,5/7/2027,270,TRUE,FALSE,0.67,TRUE,proxy_synthetic
CL-0236,MED_ORS,98,15,45.7,8/2/2027,357,FALSE,FALSE,0.22,FALSE,proxy_synthetic
CL-0236,MED_DEC,671,89,52.8,4/23/2027,256,FALSE,FALSE,0.23,FALSE,proxy_synthetic
CL-0236,MED_IVERMECTIN,77,122,4.4,3/14/2028,582,TRUE,FALSE,0.66,TRUE,proxy_synthetic
CL-0236,MED_ALBENDAZOLE,1601,173,64.8,11/20/2027,467,FALSE,FALSE,0.26,FALSE,proxy_synthetic
CL-0236,MED_TB_DOTS,1380,276,35,2/2/2027,176,FALSE,TRUE,0.21,TRUE,proxy_synthetic
CL-0237,MED_ORS,153,19,56.4,1/31/2028,539,FALSE,FALSE,0.2,FALSE,proxy_synthetic
CL-0237,MED_DEC,184,37,34.8,4/17/2028,616,FALSE,FALSE,0.34,FALSE,proxy_synthetic
CL-0237,MED_IVERMECTIN,806,138,40.9,5/21/2027,284,FALSE,FALSE,0.29,FALSE,proxy_synthetic
CL-0237,MED_ALBENDAZOLE,624,75,58.2,10/19/2027,435,FALSE,FALSE,0.27,FALSE,proxy_synthetic
CL-0237,MED_TB_DOTS,55,133,2.9,9/20/2027,406,TRUE,FALSE,0.7,TRUE,proxy_synthetic
CL-0238,MED_ORS,232,40,40.6,11/12/2026,94,FALSE,TRUE,0.49,TRUE,proxy_synthetic
CL-0238,MED_DEC,247,86,20.1,2/11/2028,550,FALSE,FALSE,0.32,FALSE,proxy_synthetic
CL-0238,MED_IVERMECTIN,1092,324,23.6,2/13/2028,552,FALSE,FALSE,0.34,FALSE,proxy_synthetic
CL-0238,MED_ALBENDAZOLE,2873,361,55.7,5/4/2027,267,FALSE,FALSE,0.23,FALSE,proxy_synthetic
CL-0238,MED_TB_DOTS,5170,580,62.4,2/28/2028,567,FALSE,FALSE,0.21,FALSE,proxy_synthetic
CL-0239,MED_ORS,24,5,33.6,1/19/2027,162,FALSE,TRUE,0.37,TRUE,proxy_synthetic
CL-0239,MED_DEC,147,20,51.5,1/29/2028,537,FALSE,FALSE,0.31,FALSE,proxy_synthetic
CL-0239,MED_IVERMECTIN,397,52,53.4,12/27/2026,139,FALSE,TRUE,0.34,TRUE,proxy_synthetic
CL-0239,MED_ALBENDAZOLE,81,27,21,4/13/2027,246,FALSE,FALSE,0.21,FALSE,proxy_synthetic
CL-0239,MED_TB_DOTS,118,41,20.1,11/11/2026,93,FALSE,TRUE,0.44,TRUE,proxy_synthetic
CL-0240,MED_ORS,6,8,5.2,12/31/2026,143,TRUE,TRUE,0.73,TRUE,proxy_synthetic
CL-0240,MED_DEC,226,25,63.3,2/7/2028,546,FALSE,FALSE,0.27,FALSE,proxy_synthetic
CL-0240,MED_IVERMECTIN,370,60,43.2,3/9/2028,577,FALSE,FALSE,0.22,FALSE,proxy_synthetic
CL-0240,MED_ALBENDAZOLE,213,45,33.1,7/31/2028,721,FALSE,FALSE,0.24,FALSE,proxy_synthetic
CL-0240,MED_TB_DOTS,197,50,27.6,4/19/2028,618,FALSE,FALSE,0.23,FALSE,proxy_synthetic
CL-0241,MED_ORS,69,10,48.3,4/24/2027,257,FALSE,FALSE,0.27,FALSE,proxy_synthetic
CL-0241,MED_DEC,427,58,51.5,1/4/2028,512,FALSE,FALSE,0.31,FALSE,proxy_synthetic
CL-0241,MED_IVERMECTIN,742,120,43.3,11/12/2027,459,FALSE,FALSE,0.35,FALSE,proxy_synthetic
CL-0241,MED_ALBENDAZOLE,663,129,36,10/9/2027,425,FALSE,FALSE,0.33,FALSE,proxy_synthetic
CL-0241,MED_TB_DOTS,1337,163,57.4,3/20/2028,588,FALSE,FALSE,0.32,FALSE,proxy_synthetic
CL-0242,MED_ACT,3612,540,46.8,5/10/2027,273,FALSE,FALSE,0.31,FALSE,proxy_synthetic
CL-0242,MED_RDT_MAL,4243,942,31.5,11/17/2027,464,FALSE,FALSE,0.24,FALSE,proxy_synthetic
CL-0242,MED_DENGUE_SUP,43,320,0.9,8/27/2027,382,TRUE,FALSE,0.93,FALSE,proxy_synthetic
CL-0242,MED_RDT_DEN,1826,374,34.2,8/28/2027,383,FALSE,FALSE,0.31,TRUE,proxy_synthetic
CL-0242,MED_ORS,4466,687,45.5,10/27/2026,78,FALSE,TRUE,0.5,FALSE,proxy_synthetic
CL-0242,MED_CHOLERA_KIT,1153,132,61.1,3/2/2028,570,FALSE,FALSE,0.29,TRUE,proxy_synthetic
CL-0242,VAC_OCV,2953,328,63.0,4/3/2028,602,FALSE,FALSE,0.29,FALSE,proxy_synthetic
CL-0242,VAC_MEASLES,795,179,31.1,3/10/2028,578,FALSE,FALSE,0.33,FALSE,proxy_synthetic
CL-0242,VAC_OPV,1368,190,50.4,3/29/2027,231,FALSE,FALSE,0.29,FALSE,proxy_synthetic
CL-0242,VAC_PENTA,13,119,0.8,10/24/2027,440,TRUE,FALSE,0.94,TRUE,proxy_synthetic
CL-0242,VAC_TT,1269,148,60.0,11/16/2026,98,FALSE,TRUE,0.43,TRUE,proxy_synthetic
CL-0242,MED_ANTIVENOM,14,28,3.5,5/20/2027,283,TRUE,FALSE,0.72,TRUE,proxy_synthetic
CL-0242,MED_SNAKE_ANTIVENOM,174,30,40.6,1/19/2028,527,FALSE,FALSE,0.3,FALSE,proxy_synthetic
CL-0242,MED_SNAKE_WOUND,458,59,54.3,6/20/2028,680,FALSE,FALSE,0.25,FALSE,proxy_synthetic
CL-0242,MED_OXYTOCIN,225,59,26.7,5/31/2028,660,FALSE,FALSE,0.23,FALSE,proxy_synthetic
CL-0242,MED_METFORMIN,23,178,0.9,8/14/2027,369,TRUE,FALSE,0.9,FALSE,proxy_synthetic
CL-0242,MED_GLUCOSE,48,100,3.4,8/1/2027,356,TRUE,FALSE,0.7,FALSE,proxy_synthetic
CL-0242,MED_VIT_A,1561,191,57.2,9/20/2027,406,FALSE,FALSE,0.22,TRUE,proxy_synthetic
CL-0242,MED_MUAC_KIT,492,64,53.8,5/22/2027,285,FALSE,FALSE,0.32,FALSE,proxy_synthetic
CL-0242,MED_ZINC_MAL,1195,294,28.5,12/24/2026,136,FALSE,TRUE,0.34,FALSE,proxy_synthetic
CL-0242,VAC_HEPB,43,61,4.9,9/20/2027,406,TRUE,FALSE,0.6,FALSE,proxy_synthetic
CL-0242,VAC_BCG,637,115,38.8,11/13/2026,95,FALSE,TRUE,0.45,TRUE,proxy_synthetic
CL-0242,VAC_MR,590,95,43.5,6/2/2028,662,FALSE,FALSE,0.25,TRUE,proxy_synthetic
CL-0242,MED_TETANUS,292,44,46.5,7/15/2028,705,FALSE,FALSE,0.2,TRUE,proxy_synthetic
CL-0242,MED_DIABETES_INSULIN,179,64,19.6,4/30/2028,629,FALSE,FALSE,0.29,FALSE,proxy_synthetic
CL-0242,MED_GLIBENCLAMIDE,1148,142,56.6,10/27/2026,78,FALSE,TRUE,0.5,FALSE,proxy_synthetic
CL-0242,MED_GLUCAGON,7,14,3.5,6/22/2027,316,TRUE,FALSE,0.7,FALSE,proxy_synthetic
CL-0242,MED_RUTF,77,138,3.9,12/24/2027,501,TRUE,FALSE,0.67,FALSE,proxy_synthetic
CL-0242,MED_F75,255,31,57.6,3/1/2028,569,FALSE,FALSE,0.24,FALSE,proxy_synthetic
CL-0242,MED_F100,363,40,63.5,3/5/2028,573,FALSE,FALSE,0.29,FALSE,proxy_synthetic
CL-0242,MED_THERAPEUTIC_FEED,211,47,31.4,3/5/2028,573,FALSE,FALSE,0.35,TRUE,proxy_synthetic
CL-0243,MED_ACT,104,15,48.5,6/8/2028,668,FALSE,FALSE,0.28,TRUE,proxy_synthetic
CL-0243,MED_RDT_MAL,232,31,52.4,7/27/2027,351,FALSE,FALSE,0.32,TRUE,proxy_synthetic
CL-0243,MED_DENGUE_SUP,39,10,27.3,12/15/2027,492,FALSE,FALSE,0.34,FALSE,proxy_synthetic
CL-0243,MED_RDT_DEN,92,17,37.9,3/27/2027,229,FALSE,FALSE,0.23,FALSE,proxy_synthetic
CL-0243,MED_ORS,65,19,23.9,5/30/2027,293,FALSE,FALSE,0.21,FALSE,proxy_synthetic
CL-0243,MED_CHOLERA_KIT,16,3,37.3,1/3/2027,146,FALSE,TRUE,0.31,TRUE,proxy_synthetic
CL-0243,VAC_OCV,37,6,43.2,3/20/2027,222,FALSE,FALSE,0.29,FALSE,proxy_synthetic
CL-0243,VAC_MEASLES,14,4,24.5,12/6/2026,118,FALSE,TRUE,0.38,FALSE,proxy_synthetic
CL-0243,VAC_OPV,1,6,1.2,5/17/2027,280,TRUE,FALSE,0.88,FALSE,proxy_synthetic
CL-0243,VAC_PENTA,1,5,1.4,11/15/2026,97,TRUE,TRUE,1.0,FALSE,proxy_synthetic
CL-0243,VAC_TT,19,3,44.3,6/19/2028,679,FALSE,FALSE,0.22,TRUE,proxy_synthetic
CL-0243,MED_ANTIVENOM,4,1,28.0,2/11/2028,550,FALSE,FALSE,0.28,FALSE,proxy_synthetic
CL-0243,MED_SNAKE_ANTIVENOM,6,1,42.0,3/11/2028,579,FALSE,FALSE,0.22,FALSE,proxy_synthetic
CL-0243,MED_SNAKE_WOUND,11,2,38.5,6/6/2028,666,FALSE,FALSE,0.25,TRUE,proxy_synthetic
CL-0243,MED_OXYTOCIN,1,2,3.5,5/16/2028,645,TRUE,FALSE,0.71,FALSE,proxy_synthetic
CL-0243,MED_METFORMIN,44,8,38.5,10/17/2027,433,FALSE,FALSE,0.33,FALSE,proxy_synthetic
CL-0243,MED_GLUCOSE,32,4,56.0,8/2/2028,723,FALSE,FALSE,0.25,FALSE,proxy_synthetic
CL-0243,MED_VIT_A,29,5,40.6,2/19/2028,558,FALSE,FALSE,0.25,FALSE,proxy_synthetic
CL-0243,MED_MUAC_KIT,9,2,31.5,8/7/2027,362,FALSE,FALSE,0.26,TRUE,proxy_synthetic
CL-0243,MED_ZINC_MAL,81,11,51.5,3/20/2027,222,FALSE,FALSE,0.26,TRUE,proxy_synthetic
CL-0244,MED_ACT,86,25,24.1,8/19/2027,374,FALSE,FALSE,0.28,FALSE,proxy_synthetic
CL-0244,MED_RDT_MAL,156,53,20.6,4/18/2027,251,FALSE,FALSE,0.27,FALSE,proxy_synthetic
CL-0244,MED_DENGUE_SUP,91,22,29.0,3/15/2027,217,FALSE,FALSE,0.27,FALSE,proxy_synthetic
CL-0244,MED_RDT_DEN,201,24,58.6,12/16/2026,128,FALSE,TRUE,0.34,FALSE,proxy_synthetic
CL-0244,MED_ORS,291,37,55.1,11/18/2027,465,FALSE,FALSE,0.28,FALSE,proxy_synthetic
CL-0244,MED_CHOLERA_KIT,60,8,52.5,1/25/2027,168,FALSE,TRUE,0.28,FALSE,proxy_synthetic
CL-0244,VAC_OCV,152,18,59.1,5/13/2028,642,FALSE,FALSE,0.24,FALSE,proxy_synthetic
CL-0244,VAC_MEASLES,62,9,48.2,4/24/2027,257,FALSE,FALSE,0.27,FALSE,proxy_synthetic
CL-0244,VAC_OPV,46,13,24.8,5/7/2027,270,FALSE,FALSE,0.31,TRUE,proxy_synthetic
CL-0244,VAC_PENTA,51,7,51.0,3/1/2028,569,FALSE,FALSE,0.26,FALSE,proxy_synthetic
CL-0244,VAC_TT,2,8,1.8,2/18/2028,557,TRUE,FALSE,0.86,FALSE,proxy_synthetic
CL-0244,MED_ANTIVENOM,1,2,3.5,1/11/2027,154,TRUE,TRUE,0.79,FALSE,proxy_synthetic
CL-0244,MED_SNAKE_ANTIVENOM,12,2,42.0,9/25/2027,411,FALSE,FALSE,0.24,FALSE,proxy_synthetic
CL-0244,MED_SNAKE_WOUND,31,4,54.2,10/27/2027,443,FALSE,FALSE,0.29,TRUE,proxy_synthetic
CL-0244,MED_OXYTOCIN,46,5,64.4,9/27/2027,413,FALSE,FALSE,0.31,FALSE,proxy_synthetic
CL-0244,MED_METFORMIN,116,14,58.0,7/17/2027,341,FALSE,FALSE,0.34,FALSE,proxy_synthetic
CL-0244,MED_GLUCOSE,19,7,19.0,6/24/2028,684,FALSE,FALSE,0.24,FALSE,proxy_synthetic
CL-0244,MED_VIT_A,25,7,25.0,4/6/2028,605,FALSE,FALSE,0.21,FALSE,proxy_synthetic
CL-0244,MED_MUAC_KIT,2,3,4.7,3/9/2027,211,TRUE,FALSE,0.65,TRUE,proxy_synthetic
CL-0244,MED_ZINC_MAL,98,17,40.4,12/7/2027,484,FALSE,FALSE,0.3,FALSE,proxy_synthetic
CL-0244,VAC_HEPB,12,3,28.0,11/18/2027,465,FALSE,FALSE,0.3,FALSE,proxy_synthetic
CL-0244,VAC_BCG,12,4,21.0,7/22/2027,346,FALSE,FALSE,0.21,FALSE,proxy_synthetic
CL-0244,VAC_MR,50,7,50.0,6/12/2027,306,FALSE,FALSE,0.3,TRUE,proxy_synthetic
CL-0244,MED_TETANUS,14,3,32.7,11/16/2027,463,FALSE,FALSE,0.23,FALSE,proxy_synthetic
CL-0244,MED_DIABETES_INSULIN,18,3,42.0,7/27/2027,351,FALSE,FALSE,0.22,FALSE,proxy_synthetic
CL-0244,MED_GLIBENCLAMIDE,29,9,22.6,3/28/2027,230,FALSE,FALSE,0.33,FALSE,proxy_synthetic
CL-0244,MED_GLUCAGON,7,1,49.0,1/25/2028,533,FALSE,FALSE,0.23,FALSE,proxy_synthetic
CL-0244,MED_RUTF,3,7,3.0,7/10/2028,700,TRUE,FALSE,0.73,TRUE,proxy_synthetic
CL-0244,MED_F75,10,2,35.0,3/10/2028,578,FALSE,FALSE,0.28,FALSE,proxy_synthetic
CL-0244,MED_F100,1,2,3.5,5/13/2028,642,TRUE,FALSE,0.71,FALSE,proxy_synthetic
CL-0244,MED_THERAPEUTIC_FEED,12,3,28.0,12/3/2027,480,FALSE,FALSE,0.29,FALSE,proxy_synthetic
CL-0245,MED_ACT,8,23,2.4,7/6/2027,330,TRUE,FALSE,0.8,FALSE,proxy_synthetic
CL-0245,MED_RDT_MAL,243,47,36.2,4/7/2027,240,FALSE,FALSE,0.34,FALSE,proxy_synthetic
CL-0245,MED_DENGUE_SUP,8,14,4.0,5/30/2027,293,TRUE,FALSE,0.7,FALSE,proxy_synthetic
CL-0245,MED_RDT_DEN,79,20,27.6,11/3/2027,450,FALSE,FALSE,0.2,FALSE,proxy_synthetic
CL-0245,MED_ORS,162,20,56.7,4/1/2028,600,FALSE,FALSE,0.26,FALSE,proxy_synthetic
CL-0245,MED_CHOLERA_KIT,15,5,21.0,3/11/2028,579,FALSE,FALSE,0.21,FALSE,proxy_synthetic
CL-0245,VAC_OCV,60,13,32.3,11/7/2026,89,FALSE,TRUE,0.47,TRUE,proxy_synthetic
CL-0245,VAC_MEASLES,51,8,44.6,5/24/2028,653,FALSE,FALSE,0.33,FALSE,proxy_synthetic
CL-0245,VAC_OPV,75,9,58.3,7/14/2027,338,FALSE,FALSE,0.32,FALSE,proxy_synthetic
CL-0245,VAC_PENTA,27,8,23.6,11/14/2027,461,FALSE,FALSE,0.22,TRUE,proxy_synthetic
CL-0245,VAC_TT,53,6,61.8,1/10/2027,153,FALSE,TRUE,0.26,TRUE,proxy_synthetic
CL-0245,MED_ANTIVENOM,1,2,3.5,3/12/2028,580,TRUE,FALSE,0.71,FALSE,proxy_synthetic
CL-0245,MED_SNAKE_ANTIVENOM,18,2,63.0,2/11/2028,550,FALSE,FALSE,0.33,FALSE,proxy_synthetic
CL-0245,MED_SNAKE_WOUND,23,3,53.7,4/16/2028,615,FALSE,FALSE,0.34,FALSE,proxy_synthetic
CL-0245,MED_OXYTOCIN,17,3,39.7,2/26/2028,565,FALSE,FALSE,0.27,FALSE,proxy_synthetic
CL-0245,MED_METFORMIN,41,9,31.9,3/16/2028,584,FALSE,FALSE,0.26,FALSE,proxy_synthetic
CL-0245,MED_GLUCOSE,11,4,19.2,9/14/2027,400,FALSE,FALSE,0.22,FALSE,proxy_synthetic
CL-0245,MED_VIT_A,43,6,50.2,9/13/2027,399,FALSE,FALSE,0.32,FALSE,proxy_synthetic
CL-0245,MED_MUAC_KIT,25,3,58.3,4/4/2028,603,FALSE,FALSE,0.24,FALSE,proxy_synthetic
CL-0245,MED_ZINC_MAL,6,10,4.2,7/12/2027,336,TRUE,FALSE,0.67,TRUE,proxy_synthetic
CL-0246,MED_ACT,151,22,48.0,1/25/2027,168,FALSE,TRUE,0.23,TRUE,proxy_synthetic
CL-0246,MED_RDT_MAL,382,44,60.8,3/18/2027,220,FALSE,FALSE,0.2,FALSE,proxy_synthetic
CL-0246,MED_DENGUE_SUP,134,19,49.4,12/15/2027,492,FALSE,FALSE,0.29,FALSE,proxy_synthetic
CL-0246,MED_RDT_DEN,9,28,2.2,10/15/2027,431,TRUE,FALSE,0.84,FALSE,proxy_synthetic
CL-0246,MED_ORS,102,31,23.0,11/7/2027,454,FALSE,FALSE,0.21,TRUE,proxy_synthetic
CL-0246,MED_CHOLERA_KIT,30,5,42.0,1/19/2028,527,FALSE,FALSE,0.33,FALSE,proxy_synthetic
CL-0246,VAC_OCV,101,12,58.9,2/4/2027,178,FALSE,TRUE,0.21,FALSE,proxy_synthetic
CL-0246,VAC_MEASLES,42,7,42.0,12/2/2027,479,FALSE,FALSE,0.24,FALSE,proxy_synthetic
CL-0246,VAC_OPV,65,11,41.4,10/10/2026,61,FALSE,TRUE,0.54,FALSE,proxy_synthetic
CL-0246,VAC_PENTA,56,8,49.0,11/25/2026,107,FALSE,TRUE,0.43,FALSE,proxy_synthetic
CL-0246,VAC_TT,46,7,46.0,8/30/2027,385,FALSE,FALSE,0.23,TRUE,proxy_synthetic
CL-0246,MED_ANTIVENOM,7,1,49.0,6/4/2028,664,FALSE,FALSE,0.3,TRUE,proxy_synthetic
CL-0246,MED_SNAKE_ANTIVENOM,16,2,56.0,9/21/2027,407,FALSE,FALSE,0.31,FALSE,proxy_synthetic
CL-0246,MED_SNAKE_WOUND,2,3,4.7,10/14/2026,65,TRUE,TRUE,0.72,TRUE,proxy_synthetic
CL-0246,MED_OXYTOCIN,1,4,1.8,5/7/2028,636,TRUE,FALSE,0.85,FALSE,proxy_synthetic
CL-0246,MED_METFORMIN,83,9,64.6,3/3/2028,571,FALSE,FALSE,0.24,FALSE,proxy_synthetic
CL-0246,MED_GLUCOSE,23,6,26.8,1/23/2028,531,FALSE,FALSE,0.23,FALSE,proxy_synthetic
CL-0246,MED_VIT_A,43,8,37.6,1/8/2027,151,FALSE,TRUE,0.27,FALSE,proxy_synthetic
CL-0246,MED_MUAC_KIT,11,3,25.7,1/30/2028,538,FALSE,FALSE,0.28,FALSE,proxy_synthetic
CL-0246,MED_ZINC_MAL,88,19,32.4,3/2/2028,570,FALSE,FALSE,0.24,FALSE,proxy_synthetic
CL-0247,MED_ACT,133,18,51.7,1/15/2027,158,FALSE,TRUE,0.28,FALSE,proxy_synthetic
CL-0247,MED_RDT_MAL,225,36,43.8,11/11/2027,458,FALSE,FALSE,0.24,FALSE,proxy_synthetic
CL-0247,MED_DENGUE_SUP,99,15,46.2,6/6/2027,300,FALSE,FALSE,0.22,FALSE,proxy_synthetic
CL-0247,MED_RDT_DEN,84,24,24.5,5/19/2027,282,FALSE,FALSE,0.35,FALSE,proxy_synthetic
CL-0247,MED_ORS,12,20,4.2,11/14/2027,461,TRUE,FALSE,0.62,FALSE,proxy_synthetic
CL-0247,MED_CHOLERA_KIT,17,5,23.8,4/16/2028,615,FALSE,FALSE,0.23,FALSE,proxy_synthetic
CL-0247,VAC_OCV,77,11,49.0,4/21/2027,254,FALSE,FALSE,0.3,FALSE,proxy_synthetic
CL-0247,VAC_MEASLES,61,7,61.0,10/28/2026,79,FALSE,TRUE,0.49,FALSE,proxy_synthetic
CL-0247,VAC_OPV,58,8,50.8,12/31/2026,143,FALSE,TRUE,0.32,TRUE,proxy_synthetic
CL-0247,VAC_PENTA,22,6,25.7,1/22/2028,530,FALSE,FALSE,0.3,FALSE,proxy_synthetic
CL-0247,VAC_TT,2,6,2.3,4/29/2028,628,TRUE,FALSE,0.83,FALSE,proxy_synthetic
CL-0247,MED_ANTIVENOM,7,1,49.0,5/26/2027,289,FALSE,FALSE,0.25,FALSE,proxy_synthetic
CL-0247,MED_SNAKE_ANTIVENOM,13,2,45.5,12/14/2026,126,FALSE,TRUE,0.38,FALSE,proxy_synthetic
CL-0247,MED_SNAKE_WOUND,27,3,63.0,4/10/2028,609,FALSE,FALSE,0.22,FALSE,proxy_synthetic
CL-0247,MED_OXYTOCIN,19,3,44.3,6/26/2028,686,FALSE,FALSE,0.22,FALSE,proxy_synthetic
CL-0247,MED_METFORMIN,54,11,34.4,12/11/2026,123,FALSE,TRUE,0.36,TRUE,proxy_synthetic
CL-0247,MED_GLUCOSE,18,3,42.0,1/21/2027,164,FALSE,TRUE,0.25,FALSE,proxy_synthetic
CL-0247,MED_VIT_A,36,5,50.4,7/10/2028,700,FALSE,FALSE,0.28,FALSE,proxy_synthetic
CL-0247,MED_MUAC_KIT,6,2,21.0,3/17/2027,219,FALSE,FALSE,0.22,TRUE,proxy_synthetic
CL-0247,MED_ZINC_MAL,39,11,24.8,4/10/2027,243,FALSE,FALSE,0.28,FALSE,proxy_synthetic
CL-0248,MED_ACT,513,80,44.9,9/25/2027,411,FALSE,FALSE,0.3,FALSE,proxy_synthetic
CL-0248,MED_RDT_MAL,185,259,5.0,5/14/2027,277,TRUE,FALSE,0.6,TRUE,proxy_synthetic
CL-0248,MED_DENGUE_SUP,605,71,59.6,1/30/2027,173,FALSE,TRUE,0.22,TRUE,proxy_synthetic
CL-0248,MED_RDT_DEN,28,76,2.6,4/20/2027,253,TRUE,FALSE,0.78,FALSE,proxy_synthetic
CL-0248,MED_ORS,572,100,40.0,1/30/2028,538,FALSE,FALSE,0.35,FALSE,proxy_synthetic
CL-0248,MED_CHOLERA_KIT,137,19,50.5,3/23/2028,591,FALSE,FALSE,0.25,FALSE,proxy_synthetic
CL-0248,VAC_OCV,324,61,37.2,11/11/2027,458,FALSE,FALSE,0.21,FALSE,proxy_synthetic
CL-0248,VAC_MEASLES,165,33,35.0,6/19/2028,679,FALSE,FALSE,0.23,FALSE,proxy_synthetic
CL-0248,VAC_OPV,147,27,38.1,5/19/2027,282,FALSE,FALSE,0.32,FALSE,proxy_synthetic
CL-0248,VAC_PENTA,250,33,53.0,6/15/2027,309,FALSE,FALSE,0.24,FALSE,proxy_synthetic
CL-0248,VAC_TT,99,20,34.6,10/16/2027,432,FALSE,FALSE,0.22,FALSE,proxy_synthetic
CL-0248,MED_ANTIVENOM,26,5,36.4,8/17/2027,372,FALSE,FALSE,0.22,FALSE,proxy_synthetic
CL-0248,MED_SNAKE_ANTIVENOM,49,8,42.9,12/8/2026,120,FALSE,TRUE,0.36,FALSE,proxy_synthetic
CL-0248,MED_SNAKE_WOUND,80,12,46.7,5/9/2028,638,FALSE,FALSE,0.24,TRUE,proxy_synthetic
CL-0248,MED_OXYTOCIN,112,17,46.1,12/1/2027,478,FALSE,FALSE,0.25,FALSE,proxy_synthetic
CL-0248,MED_METFORMIN,143,48,20.9,3/25/2027,227,FALSE,FALSE,0.23,TRUE,proxy_synthetic
CL-0248,MED_GLUCOSE,47,18,18.3,7/31/2027,355,FALSE,FALSE,0.34,FALSE,proxy_synthetic
CL-0248,MED_VIT_A,225,31,50.8,6/22/2028,682,FALSE,FALSE,0.27,TRUE,proxy_synthetic
CL-0248,MED_MUAC_KIT,96,14,48.0,2/16/2028,555,FALSE,FALSE,0.35,TRUE,proxy_synthetic
CL-0248,MED_ZINC_MAL,23,59,2.7,8/2/2028,723,TRUE,FALSE,0.76,TRUE,proxy_synthetic
CL-0248,VAC_HEPB,80,11,50.9,2/4/2027,178,FALSE,TRUE,0.23,FALSE,proxy_synthetic
CL-0248,VAC_BCG,145,17,59.7,12/3/2026,115,FALSE,TRUE,0.39,TRUE,proxy_synthetic
CL-0248,VAC_MR,83,20,29.1,11/9/2027,456,FALSE,FALSE,0.33,FALSE,proxy_synthetic
CL-0248,MED_TETANUS,60,8,52.5,10/26/2026,77,FALSE,TRUE,0.48,FALSE,proxy_synthetic
CL-0248,MED_DIABETES_INSULIN,61,16,26.7,7/18/2027,342,FALSE,FALSE,0.28,FALSE,proxy_synthetic
CL-0248,MED_GLIBENCLAMIDE,183,26,49.3,10/16/2026,67,FALSE,TRUE,0.5,FALSE,proxy_synthetic
CL-0248,MED_GLUCAGON,15,2,52.5,8/1/2027,356,FALSE,FALSE,0.34,TRUE,proxy_synthetic
CL-0248,MED_RUTF,206,26,55.5,1/15/2028,523,FALSE,FALSE,0.29,FALSE,proxy_synthetic
CL-0248,MED_F75,44,5,61.6,9/3/2027,389,FALSE,FALSE,0.31,TRUE,proxy_synthetic
CL-0248,MED_F100,5,7,5.0,6/10/2027,304,TRUE,FALSE,0.61,TRUE,proxy_synthetic
CL-0248,MED_THERAPEUTIC_FEED,65,7,65.0,4/21/2027,254,FALSE,FALSE,0.25,FALSE,proxy_synthetic
CL-0249,MED_ACT,185,24,54.0,3/22/2028,590,FALSE,FALSE,0.24,TRUE,proxy_synthetic
CL-0249,MED_RDT_MAL,11,43,1.8,2/2/2027,176,TRUE,TRUE,0.87,FALSE,proxy_synthetic
CL-0249,MED_DENGUE_SUP,31,10,21.7,5/22/2027,285,FALSE,FALSE,0.32,TRUE,proxy_synthetic
CL-0249,MED_RDT_DEN,52,17,21.4,12/24/2027,501,FALSE,FALSE,0.25,TRUE,proxy_synthetic
CL-0249,MED_ORS,105,16,45.9,5/5/2028,634,FALSE,FALSE,0.34,FALSE,proxy_synthetic
CL-0249,MED_CHOLERA_KIT,32,4,56.0,6/26/2028,686,FALSE,FALSE,0.23,FALSE,proxy_synthetic
CL-0249,VAC_OCV,69,11,43.9,8/9/2027,364,FALSE,FALSE,0.25,FALSE,proxy_synthetic
CL-0249,VAC_MEASLES,18,6,21.0,4/19/2028,618,FALSE,FALSE,0.26,FALSE,proxy_synthetic
CL-0249,VAC_OPV,30,8,26.2,3/23/2027,225,FALSE,FALSE,0.24,FALSE,proxy_synthetic
CL-0249,VAC_PENTA,34,6,39.7,4/9/2027,242,FALSE,FALSE,0.31,FALSE,proxy_synthetic
CL-0249,VAC_TT,13,3,30.3,12/3/2027,480,FALSE,FALSE,0.31,FALSE,proxy_synthetic
CL-0249,MED_ANTIVENOM,5,1,35.0,4/21/2027,254,FALSE,FALSE,0.21,FALSE,proxy_synthetic
CL-0249,MED_SNAKE_ANTIVENOM,6,1,42.0,12/24/2026,136,FALSE,TRUE,0.31,FALSE,proxy_synthetic
CL-0249,MED_SNAKE_WOUND,7,2,24.5,11/5/2027,452,FALSE,FALSE,0.22,FALSE,proxy_synthetic
CL-0249,MED_OXYTOCIN,26,3,60.7,5/28/2027,291,FALSE,FALSE,0.22,FALSE,proxy_synthetic
CL-0249,MED_METFORMIN,1,8,0.9,7/4/2027,328,TRUE,FALSE,0.9,FALSE,proxy_synthetic
CL-0249,MED_GLUCOSE,9,3,21.0,6/29/2027,323,FALSE,FALSE,0.27,FALSE,proxy_synthetic
CL-0249,MED_VIT_A,1,4,1.8,10/27/2027,443,TRUE,FALSE,0.83,TRUE,proxy_synthetic
CL-0249,MED_MUAC_KIT,13,2,45.5,3/19/2028,587,FALSE,FALSE,0.26,TRUE,proxy_synthetic
CL-0249,MED_ZINC_MAL,24,9,18.7,3/12/2027,214,FALSE,FALSE,0.32,FALSE,proxy_synthetic
CL-0250,MED_ACT,135,23,41.1,5/24/2028,653,FALSE,FALSE,0.31,FALSE,proxy_synthetic
CL-0250,MED_RDT_MAL,19,37,3.6,7/30/2027,354,TRUE,FALSE,0.69,FALSE,proxy_synthetic
CL-0250,MED_DENGUE_SUP,89,12,51.9,7/13/2027,337,FALSE,FALSE,0.3,FALSE,proxy_synthetic
CL-0250,MED_RDT_DEN,9,15,4.2,11/7/2027,454,TRUE,FALSE,0.67,FALSE,proxy_synthetic
CL-0250,MED_ORS,4,15,1.9,5/16/2027,279,TRUE,FALSE,0.84,FALSE,proxy_synthetic
CL-0250,MED_CHOLERA_KIT,15,3,35.0,11/15/2026,97,FALSE,TRUE,0.44,TRUE,proxy_synthetic
CL-0250,VAC_OCV,50,8,43.8,7/4/2027,328,FALSE,FALSE,0.2,FALSE,proxy_synthetic
CL-0250,VAC_MEASLES,42,5,58.8,11/24/2027,471,FALSE,FALSE,0.31,FALSE,proxy_synthetic
CL-0250,VAC_OPV,25,6,29.2,6/6/2027,300,FALSE,FALSE,0.21,FALSE,proxy_synthetic
CL-0250,VAC_PENTA,26,5,36.4,1/6/2027,149,FALSE,TRUE,0.28,FALSE,proxy_synthetic
CL-0250,VAC_TT,1,4,1.8,11/9/2026,91,TRUE,TRUE,0.95,FALSE,proxy_synthetic
CL-0250,MED_ANTIVENOM,4,1,28.0,4/21/2028,620,FALSE,FALSE,0.32,FALSE,proxy_synthetic
CL-0250,MED_SNAKE_ANTIVENOM,8,2,28.0,12/7/2027,484,FALSE,FALSE,0.21,TRUE,proxy_synthetic
CL-0250,MED_SNAKE_WOUND,20,3,46.7,8/12/2027,367,FALSE,FALSE,0.24,FALSE,proxy_synthetic
CL-0250,MED_OXYTOCIN,16,3,37.3,4/22/2028,621,FALSE,FALSE,0.29,FALSE,proxy_synthetic
CL-0250,MED_METFORMIN,45,8,39.4,5/8/2027,271,FALSE,FALSE,0.31,FALSE,proxy_synthetic
CL-0250,MED_GLUCOSE,16,3,37.3,10/1/2027,417,FALSE,FALSE,0.22,FALSE,proxy_synthetic
CL-0250,MED_VIT_A,33,6,38.5,3/22/2027,224,FALSE,FALSE,0.25,TRUE,proxy_synthetic
CL-0250,MED_MUAC_KIT,17,2,59.5,8/3/2027,358,FALSE,FALSE,0.35,TRUE,proxy_synthetic
CL-0250,MED_ZINC_MAL,79,9,61.4,8/4/2027,359,FALSE,FALSE,0.26,TRUE,proxy_synthetic
CL-0251,MED_ACT,113,22,36.0,6/19/2027,313,FALSE,FALSE,0.23,FALSE,proxy_synthetic
CL-0251,MED_RDT_MAL,22,53,2.9,10/11/2027,427,TRUE,FALSE,0.72,TRUE,proxy_synthetic
CL-0251,MED_DENGUE_SUP,77,17,31.7,9/10/2027,396,FALSE,FALSE,0.35,FALSE,proxy_synthetic
CL-0251,MED_RDT_DEN,74,17,30.5,11/8/2026,90,FALSE,TRUE,0.45,FALSE,proxy_synthetic
CL-0251,MED_ORS,211,24,61.5,12/18/2027,495,FALSE,FALSE,0.32,TRUE,proxy_synthetic
CL-0251,MED_CHOLERA_KIT,23,4,40.2,1/22/2028,530,FALSE,FALSE,0.26,TRUE,proxy_synthetic
CL-0251,VAC_OCV,90,14,45.0,1/30/2027,173,FALSE,TRUE,0.25,FALSE,proxy_synthetic
CL-0251,VAC_MEASLES,23,7,23.0,11/4/2027,451,FALSE,FALSE,0.21,FALSE,proxy_synthetic
CL-0251,VAC_OPV,5,7,5.0,1/5/2027,148,TRUE,TRUE,0.65,FALSE,proxy_synthetic
CL-0251,VAC_PENTA,29,5,40.6,3/19/2027,221,FALSE,FALSE,0.28,FALSE,proxy_synthetic
CL-0251,VAC_TT,32,6,37.3,1/15/2027,158,FALSE,TRUE,0.26,FALSE,proxy_synthetic
CL-0251,MED_ANTIVENOM,7,1,49.0,11/10/2027,457,FALSE,FALSE,0.24,FALSE,proxy_synthetic
CL-0251,MED_SNAKE_ANTIVENOM,1,2,3.5,5/2/2027,265,TRUE,FALSE,0.73,TRUE,proxy_synthetic
CL-0251,MED_SNAKE_WOUND,16,2,56.0,9/8/2027,394,FALSE,FALSE,0.31,FALSE,proxy_synthetic
CL-0251,MED_OXYTOCIN,2,3,4.7,10/10/2027,426,TRUE,FALSE,0.59,FALSE,proxy_synthetic
CL-0251,MED_METFORMIN,64,12,37.3,8/2/2028,723,FALSE,FALSE,0.23,TRUE,proxy_synthetic
CL-0251,MED_GLUCOSE,25,5,35.0,5/4/2028,633,FALSE,FALSE,0.31,FALSE,proxy_synthetic
CL-0251,MED_VIT_A,33,5,46.2,6/22/2028,682,FALSE,FALSE,0.28,TRUE,proxy_synthetic
CL-0251,MED_MUAC_KIT,25,3,58.3,2/6/2028,545,FALSE,FALSE,0.33,TRUE,proxy_synthetic
CL-0251,MED_ZINC_MAL,102,14,51.0,11/3/2026,85,FALSE,TRUE,0.47,FALSE,proxy_synthetic
CL-0252,MED_ACT,459,78,41.2,2/12/2028,551,FALSE,FALSE,0.23,FALSE,proxy_synthetic
CL-0252,MED_RDT_MAL,967,179,37.8,1/16/2027,159,FALSE,TRUE,0.29,FALSE,proxy_synthetic
CL-0252,MED_DENGUE_SUP,33,46,5.0,9/11/2027,397,TRUE,FALSE,0.61,TRUE,proxy_synthetic
CL-0252,MED_RDT_DEN,22,64,2.4,8/15/2027,370,TRUE,FALSE,0.79,FALSE,proxy_synthetic
CL-0252,MED_ORS,361,87,29.0,1/5/2028,513,FALSE,FALSE,0.31,TRUE,proxy_synthetic
CL-0252,MED_CHOLERA_KIT,120,16,52.5,5/24/2027,287,FALSE,FALSE,0.34,FALSE,proxy_synthetic
CL-0252,VAC_OCV,31,45,4.8,12/19/2026,131,TRUE,TRUE,0.74,TRUE,proxy_synthetic
CL-0252,VAC_MEASLES,206,23,62.7,11/10/2027,457,FALSE,FALSE,0.26,TRUE,proxy_synthetic
CL-0252,VAC_OPV,295,32,64.5,5/2/2027,265,FALSE,FALSE,0.21,FALSE,proxy_synthetic
CL-0252,VAC_PENTA,86,20,30.1,4/23/2028,622,FALSE,FALSE,0.31,FALSE,proxy_synthetic
CL-0252,VAC_TT,6,16,2.6,1/14/2028,522,TRUE,FALSE,0.76,TRUE,proxy_synthetic
CL-0252,MED_ANTIVENOM,21,4,36.8,8/30/2027,385,FALSE,FALSE,0.34,TRUE,proxy_synthetic
CL-0252,MED_SNAKE_ANTIVENOM,23,5,32.2,1/1/2028,509,FALSE,FALSE,0.27,FALSE,proxy_synthetic
CL-0252,MED_SNAKE_WOUND,8,10,5.6,5/28/2028,657,TRUE,FALSE,0.55,FALSE,proxy_synthetic
CL-0252,MED_OXYTOCIN,107,12,62.4,10/3/2027,419,FALSE,FALSE,0.28,TRUE,proxy_synthetic
CL-0252,MED_METFORMIN,155,27,40.2,10/28/2027,444,FALSE,FALSE,0.27,TRUE,proxy_synthetic
CL-0252,MED_GLUCOSE,64,14,32.0,1/26/2027,169,FALSE,TRUE,0.22,FALSE,proxy_synthetic
CL-0252,MED_VIT_A,165,22,52.5,4/26/2027,259,FALSE,FALSE,0.29,FALSE,proxy_synthetic
CL-0252,MED_MUAC_KIT,80,10,56.0,6/21/2028,681,FALSE,FALSE,0.23,TRUE,proxy_synthetic
CL-0252,MED_ZINC_MAL,125,39,22.4,2/6/2028,545,FALSE,FALSE,0.25,TRUE,proxy_synthetic
CL-0252,VAC_HEPB,76,9,59.1,2/6/2028,545,FALSE,FALSE,0.3,TRUE,proxy_synthetic
CL-0252,VAC_BCG,92,12,53.7,12/19/2026,131,FALSE,TRUE,0.33,FALSE,proxy_synthetic
CL-0252,VAC_MR,66,11,42.0,7/9/2028,699,FALSE,FALSE,0.26,FALSE,proxy_synthetic
CL-0252,MED_TETANUS,23,7,23.0,6/13/2027,307,FALSE,FALSE,0.28,FALSE,proxy_synthetic
CL-0252,MED_DIABETES_INSULIN,57,12,33.2,5/14/2027,277,FALSE,FALSE,0.33,FALSE,proxy_synthetic
CL-0252,MED_GLIBENCLAMIDE,138,23,42.0,9/23/2027,409,FALSE,FALSE,0.21,FALSE,proxy_synthetic
CL-0252,MED_GLUCAGON,1,2,3.5,1/10/2028,518,TRUE,FALSE,0.72,TRUE,proxy_synthetic
CL-0252,MED_RUTF,51,18,19.8,7/7/2027,331,FALSE,FALSE,0.26,FALSE,proxy_synthetic
CL-0252,MED_F75,27,5,37.8,5/31/2027,294,FALSE,FALSE,0.25,TRUE,proxy_synthetic
CL-0252,MED_F100,16,5,22.4,1/15/2027,158,FALSE,TRUE,0.27,FALSE,proxy_synthetic
CL-0252,MED_THERAPEUTIC_FEED,47,6,54.8,7/26/2027,350,FALSE,FALSE,0.29,TRUE,proxy_synthetic
CL-0253,MED_ACT,60,16,26.2,7/21/2027,345,FALSE,FALSE,0.23,FALSE,proxy_synthetic
CL-0253,MED_RDT_MAL,185,45,28.8,5/14/2027,277,FALSE,FALSE,0.26,FALSE,proxy_synthetic
CL-0253,MED_DENGUE_SUP,129,15,60.2,3/20/2027,222,FALSE,FALSE,0.27,FALSE,proxy_synthetic
CL-0253,MED_RDT_DEN,5,20,1.8,7/5/2027,329,TRUE,FALSE,0.83,FALSE,proxy_synthetic
CL-0253,MED_ORS,43,16,18.8,8/31/2027,386,FALSE,FALSE,0.32,FALSE,proxy_synthetic
CL-0253,MED_CHOLERA_KIT,33,4,57.8,6/18/2028,678,FALSE,FALSE,0.32,FALSE,proxy_synthetic
CL-0253,VAC_OCV,88,10,61.6,5/13/2028,642,FALSE,FALSE,0.24,FALSE,proxy_synthetic
CL-0253,VAC_MEASLES,38,7,38.0,8/17/2027,372,FALSE,FALSE,0.21,FALSE,proxy_synthetic
CL-0253,VAC_OPV,3,7,3.0,5/18/2027,281,TRUE,FALSE,0.78,FALSE,proxy_synthetic
CL-0253,VAC_PENTA,30,5,42.0,6/17/2028,677,FALSE,FALSE,0.35,FALSE,proxy_synthetic
CL-0253,VAC_TT,26,5,36.4,10/16/2027,432,FALSE,FALSE,0.29,FALSE,proxy_synthetic
CL-0253,MED_ANTIVENOM,1,2,3.5,5/22/2028,651,TRUE,FALSE,0.71,FALSE,proxy_synthetic
CL-0253,MED_SNAKE_ANTIVENOM,11,2,38.5,1/17/2027,160,FALSE,TRUE,0.23,TRUE,proxy_synthetic
CL-0253,MED_SNAKE_WOUND,18,3,42.0,7/11/2028,701,FALSE,FALSE,0.34,FALSE,proxy_synthetic
CL-0253,MED_OXYTOCIN,15,3,35.0,8/18/2027,373,FALSE,FALSE,0.3,TRUE,proxy_synthetic
CL-0253,MED_METFORMIN,24,9,18.7,12/6/2026,118,FALSE,TRUE,0.35,FALSE,proxy_synthetic
CL-0253,MED_GLUCOSE,15,4,26.2,6/24/2027,318,FALSE,FALSE,0.34,FALSE,proxy_synthetic
CL-0253,MED_VIT_A,36,6,42.0,2/2/2027,176,FALSE,TRUE,0.23,FALSE,proxy_synthetic
CL-0253,MED_MUAC_KIT,11,2,38.5,4/20/2028,619,FALSE,FALSE,0.23,FALSE,proxy_synthetic
CL-0253,MED_ZINC_MAL,68,9,52.9,6/8/2027,302,FALSE,FALSE,0.28,TRUE,proxy_synthetic
CL-0254,MED_ACT,74,20,25.9,10/17/2027,433,FALSE,FALSE,0.25,TRUE,proxy_synthetic
CL-0254,MED_RDT_MAL,20,28,5.0,8/26/2027,381,TRUE,FALSE,0.59,FALSE,proxy_synthetic
CL-0254,MED_DENGUE_SUP,52,14,26.0,11/20/2027,467,FALSE,FALSE,0.28,FALSE,proxy_synthetic
CL-0254,MED_RDT_DEN,64,15,29.9,9/2/2027,388,FALSE,FALSE,0.31,FALSE,proxy_synthetic
CL-0254,MED_ORS,6,16,2.6,9/6/2027,392,TRUE,FALSE,0.82,TRUE,proxy_synthetic
CL-0254,MED_CHOLERA_KIT,17,3,39.7,1/2/2028,510,FALSE,FALSE,0.21,FALSE,proxy_synthetic
CL-0254,VAC_OCV,3,9,2.3,5/10/2028,639,TRUE,FALSE,0.81,TRUE,proxy_synthetic
CL-0254,VAC_MEASLES,28,5,39.2,3/21/2028,589,FALSE,FALSE,0.21,TRUE,proxy_synthetic
CL-0254,VAC_OPV,45,5,63.0,4/6/2027,239,FALSE,FALSE,0.25,FALSE,proxy_synthetic
CL-0254,VAC_PENTA,30,5,42.0,3/15/2028,583,FALSE,FALSE,0.31,TRUE,proxy_synthetic
CL-0254,VAC_TT,14,4,24.5,10/21/2027,437,FALSE,FALSE,0.26,FALSE,proxy_synthetic
CL-0254,MED_ANTIVENOM,6,1,42.0,5/12/2027,275,FALSE,FALSE,0.27,FALSE,proxy_synthetic
CL-0254,MED_SNAKE_ANTIVENOM,5,1,35.0,6/10/2028,670,FALSE,FALSE,0.26,FALSE,proxy_synthetic
CL-0254,MED_SNAKE_WOUND,6,2,21.0,6/20/2028,680,FALSE,FALSE,0.34,FALSE,proxy_synthetic
CL-0254,MED_OXYTOCIN,18,3,42.0,9/11/2027,397,FALSE,FALSE,0.24,FALSE,proxy_synthetic
CL-0254,MED_METFORMIN,36,6,42.0,1/6/2028,514,FALSE,FALSE,0.33,FALSE,proxy_synthetic
CL-0254,MED_GLUCOSE,24,3,56.0,1/6/2027,149,FALSE,TRUE,0.3,FALSE,proxy_synthetic
CL-0254,MED_VIT_A,3,4,5.2,1/20/2027,163,TRUE,TRUE,0.68,FALSE,proxy_synthetic
CL-0254,MED_MUAC_KIT,1,2,3.5,6/24/2027,318,TRUE,FALSE,0.72,FALSE,proxy_synthetic
CL-0254,MED_ZINC_MAL,55,7,55.0,4/1/2027,234,FALSE,FALSE,0.33,FALSE,proxy_synthetic
CL-0255,MED_ACT,268,54,34.7,7/7/2027,331,FALSE,FALSE,0.24,TRUE,proxy_synthetic
CL-0255,MED_RDT_MAL,652,82,55.7,7/20/2027,344,FALSE,FALSE,0.24,FALSE,proxy_synthetic
CL-0255,MED_DENGUE_SUP,131,38,24.1,1/7/2028,515,FALSE,FALSE,0.29,FALSE,proxy_synthetic
CL-0255,MED_RDT_DEN,33,42,5.5,3/17/2027,219,TRUE,FALSE,0.6,TRUE,proxy_synthetic
CL-0255,MED_ORS,318,49,45.4,9/11/2027,397,FALSE,FALSE,0.26,TRUE,proxy_synthetic
CL-0255,MED_CHOLERA_KIT,64,10,44.8,4/27/2028,626,FALSE,FALSE,0.35,TRUE,proxy_synthetic
CL-0255,VAC_OCV,107,18,41.6,10/18/2027,434,FALSE,FALSE,0.34,FALSE,proxy_synthetic
CL-0255,VAC_MEASLES,57,10,39.9,4/24/2027,257,FALSE,FALSE,0.3,FALSE,proxy_synthetic
CL-0255,VAC_OPV,71,16,31.1,5/26/2027,289,FALSE,FALSE,0.26,FALSE,proxy_synthetic
CL-0255,VAC_PENTA,119,14,59.5,3/16/2027,218,FALSE,FALSE,0.26,TRUE,proxy_synthetic
CL-0255,VAC_TT,65,10,45.5,12/24/2026,136,FALSE,TRUE,0.33,TRUE,proxy_synthetic
CL-0255,MED_ANTIVENOM,14,2,49.0,10/31/2026,82,FALSE,TRUE,0.47,FALSE,proxy_synthetic
CL-0255,MED_SNAKE_ANTIVENOM,33,4,57.8,1/24/2028,532,FALSE,FALSE,0.26,FALSE,proxy_synthetic
CL-0255,MED_SNAKE_WOUND,1,4,1.8,12/8/2027,485,TRUE,FALSE,0.82,FALSE,proxy_synthetic
CL-0255,MED_OXYTOCIN,50,6,58.3,12/28/2027,505,FALSE,FALSE,0.21,FALSE,proxy_synthetic
CL-0255,MED_METFORMIN,91,21,30.3,8/12/2027,367,FALSE,FALSE,0.22,TRUE,proxy_synthetic
CL-0255,MED_GLUCOSE,24,9,18.7,6/1/2028,661,FALSE,FALSE,0.22,FALSE,proxy_synthetic
CL-0255,MED_VIT_A,57,14,28.5,4/20/2027,253,FALSE,FALSE,0.34,FALSE,proxy_synthetic
CL-0255,MED_MUAC_KIT,28,6,32.7,11/20/2027,467,FALSE,FALSE,0.25,TRUE,proxy_synthetic
CL-0255,MED_ZINC_MAL,99,32,21.7,3/13/2027,215,FALSE,FALSE,0.25,FALSE,proxy_synthetic
CL-0255,VAC_HEPB,32,6,37.3,4/18/2028,617,FALSE,FALSE,0.25,FALSE,proxy_synthetic
CL-0255,VAC_BCG,50,10,35.0,10/24/2026,75,FALSE,TRUE,0.48,FALSE,proxy_synthetic
CL-0255,VAC_MR,5,10,3.5,5/24/2028,653,TRUE,FALSE,0.71,FALSE,proxy_synthetic
CL-0255,MED_TETANUS,28,3,65.3,8/20/2027,375,FALSE,FALSE,0.32,FALSE,proxy_synthetic
CL-0255,MED_DIABETES_INSULIN,3,8,2.6,6/5/2027,299,TRUE,FALSE,0.73,TRUE,proxy_synthetic
CL-0255,MED_GLIBENCLAMIDE,99,11,63.0,1/23/2027,166,FALSE,TRUE,0.24,FALSE,proxy_synthetic
CL-0255,MED_GLUCAGON,9,1,63.0,11/9/2026,91,FALSE,TRUE,0.44,FALSE,proxy_synthetic
CL-0255,MED_RUTF,113,13,60.8,12/20/2026,132,FALSE,TRUE,0.35,FALSE,proxy_synthetic
CL-0255,MED_F75,27,3,63.0,5/1/2028,630,FALSE,FALSE,0.31,TRUE,proxy_synthetic
CL-0255,MED_F100,11,2,38.5,4/23/2027,256,FALSE,FALSE,0.21,FALSE,proxy_synthetic
CL-0255,MED_THERAPEUTIC_FEED,10,2,35.0,9/5/2027,391,FALSE,FALSE,0.33,FALSE,proxy_synthetic
CL-0256,MED_ACT,3,23,0.9,3/14/2027,216,TRUE,FALSE,0.9,FALSE,proxy_synthetic
CL-0256,MED_RDT_MAL,529,62,59.7,9/19/2027,405,FALSE,FALSE,0.25,FALSE,proxy_synthetic
CL-0256,MED_DENGUE_SUP,131,16,57.3,10/26/2027,442,FALSE,FALSE,0.25,FALSE,proxy_synthetic
CL-0256,MED_RDT_DEN,144,19,53.1,9/7/2027,393,FALSE,FALSE,0.22,FALSE,proxy_synthetic
CL-0256,MED_ORS,136,28,34.0,11/15/2026,97,FALSE,TRUE,0.44,TRUE,proxy_synthetic
CL-0256,MED_CHOLERA_KIT,20,6,23.3,4/30/2027,263,FALSE,FALSE,0.3,FALSE,proxy_synthetic
CL-0256,VAC_OCV,42,13,22.6,1/6/2027,149,FALSE,TRUE,0.31,FALSE,proxy_synthetic
CL-0256,VAC_MEASLES,21,6,24.5,9/26/2027,412,FALSE,FALSE,0.22,FALSE,proxy_synthetic
CL-0256,VAC_OPV,31,10,21.7,4/25/2027,258,FALSE,FALSE,0.3,TRUE,proxy_synthetic
CL-0256,VAC_PENTA,51,8,44.6,5/20/2027,283,FALSE,FALSE,0.28,FALSE,proxy_synthetic
CL-0256,VAC_TT,44,6,51.3,3/14/2027,216,FALSE,FALSE,0.29,TRUE,proxy_synthetic
CL-0256,MED_ANTIVENOM,9,1,63.0,11/18/2027,465,FALSE,FALSE,0.31,FALSE,proxy_synthetic
CL-0256,MED_SNAKE_ANTIVENOM,7,2,24.5,1/31/2027,174,FALSE,TRUE,0.21,FALSE,proxy_synthetic
CL-0256,MED_SNAKE_WOUND,15,3,35.0,5/14/2027,277,FALSE,FALSE,0.32,FALSE,proxy_synthetic
CL-0256,MED_OXYTOCIN,20,4,35.0,6/9/2027,303,FALSE,FALSE,0.31,TRUE,proxy_synthetic
CL-0256,MED_METFORMIN,97,11,61.7,3/7/2028,575,FALSE,FALSE,0.22,FALSE,proxy_synthetic
CL-0256,MED_GLUCOSE,2,5,2.8,3/23/2027,225,TRUE,FALSE,0.77,TRUE,proxy_synthetic
CL-0256,MED_VIT_A,32,7,32.0,10/27/2027,443,FALSE,FALSE,0.32,FALSE,proxy_synthetic
CL-0256,MED_MUAC_KIT,22,3,51.3,1/20/2027,163,FALSE,TRUE,0.22,FALSE,proxy_synthetic
CL-0256,MED_ZINC_MAL,86,18,33.4,2/26/2028,565,FALSE,FALSE,0.23,TRUE,proxy_synthetic
CL-0257,MED_ACT,129,26,34.7,6/27/2027,321,FALSE,FALSE,0.28,FALSE,proxy_synthetic
CL-0257,MED_RDT_MAL,560,66,59.4,10/16/2027,432,FALSE,FALSE,0.34,FALSE,proxy_synthetic
CL-0257,MED_DENGUE_SUP,8,21,2.7,7/15/2027,339,TRUE,FALSE,0.8,FALSE,proxy_synthetic
CL-0257,MED_RDT_DEN,2,17,0.8,5/7/2027,270,TRUE,FALSE,0.95,FALSE,proxy_synthetic
CL-0257,MED_ORS,202,31,45.6,10/25/2027,441,FALSE,FALSE,0.33,FALSE,proxy_synthetic
CL-0257,MED_CHOLERA_KIT,16,6,18.7,3/22/2028,590,FALSE,FALSE,0.31,FALSE,proxy_synthetic
CL-0257,VAC_OCV,100,13,53.8,12/13/2027,490,FALSE,FALSE,0.34,FALSE,proxy_synthetic
CL-0257,VAC_MEASLES,53,7,53.0,4/15/2028,614,FALSE,FALSE,0.31,FALSE,proxy_synthetic
CL-0257,VAC_OPV,51,8,44.6,7/5/2027,329,FALSE,FALSE,0.34,FALSE,proxy_synthetic
CL-0257,VAC_PENTA,3,6,3.5,5/10/2027,273,TRUE,FALSE,0.71,FALSE,proxy_synthetic
CL-0257,VAC_TT,30,5,42.0,12/6/2027,483,FALSE,FALSE,0.32,FALSE,proxy_synthetic
CL-0257,MED_ANTIVENOM,4,1,28.0,9/14/2027,400,FALSE,FALSE,0.3,FALSE,proxy_synthetic
CL-0257,MED_SNAKE_ANTIVENOM,7,2,24.5,3/12/2028,580,FALSE,FALSE,0.34,FALSE,proxy_synthetic
CL-0257,MED_SNAKE_WOUND,8,2,28.0,10/20/2027,436,FALSE,FALSE,0.28,FALSE,proxy_synthetic
CL-0257,MED_OXYTOCIN,36,4,63.0,6/3/2028,663,FALSE,FALSE,0.3,FALSE,proxy_synthetic
CL-0257,MED_METFORMIN,52,11,33.1,11/11/2027,458,FALSE,FALSE,0.24,FALSE,proxy_synthetic
CL-0257,MED_GLUCOSE,19,4,33.2,11/21/2026,103,FALSE,TRUE,0.4,TRUE,proxy_synthetic
CL-0257,MED_VIT_A,44,9,34.2,8/26/2027,381,FALSE,FALSE,0.29,FALSE,proxy_synthetic
CL-0257,MED_MUAC_KIT,19,3,44.3,7/29/2027,353,FALSE,FALSE,0.35,TRUE,proxy_synthetic
CL-0257,MED_ZINC_MAL,83,16,36.3,6/30/2028,690,FALSE,FALSE,0.26,FALSE,proxy_synthetic
CL-0258,MED_ACT,111,33,23.5,11/10/2027,457,FALSE,FALSE,0.24,TRUE,proxy_synthetic
CL-0258,MED_RDT_MAL,400,85,32.9,11/10/2027,457,FALSE,FALSE,0.27,FALSE,proxy_synthetic
CL-0258,MED_DENGUE_SUP,185,28,46.2,10/18/2027,434,FALSE,FALSE,0.34,TRUE,proxy_synthetic
CL-0258,MED_RDT_DEN,244,41,41.7,11/22/2027,469,FALSE,FALSE,0.26,TRUE,proxy_synthetic
CL-0258,MED_ORS,138,29,33.3,2/1/2028,540,FALSE,FALSE,0.23,FALSE,proxy_synthetic
CL-0258,MED_CHOLERA_KIT,43,7,43.0,8/8/2027,363,FALSE,FALSE,0.3,TRUE,proxy_synthetic
CL-0258,VAC_OCV,115,18,44.7,7/13/2027,337,FALSE,FALSE,0.3,TRUE,proxy_synthetic
CL-0258,VAC_MEASLES,48,8,42.0,10/10/2026,61,FALSE,TRUE,0.54,FALSE,proxy_synthetic
CL-0258,VAC_OPV,93,11,59.2,4/10/2027,243,FALSE,FALSE,0.32,FALSE,proxy_synthetic
CL-0258,VAC_PENTA,33,10,23.1,7/17/2027,341,FALSE,FALSE,0.26,TRUE,proxy_synthetic
CL-0258,VAC_TT,42,8,36.8,10/20/2027,436,FALSE,FALSE,0.33,FALSE,proxy_synthetic
CL-0258,MED_ANTIVENOM,15,2,52.5,4/2/2027,235,FALSE,FALSE,0.25,TRUE,proxy_synthetic
CL-0258,MED_SNAKE_ANTIVENOM,14,3,32.7,5/3/2027,266,FALSE,FALSE,0.3,FALSE,proxy_synthetic
CL-0258,MED_SNAKE_WOUND,28,5,39.2,2/24/2028,563,FALSE,FALSE,0.32,FALSE,proxy_synthetic
CL-0258,MED_OXYTOCIN,34,4,59.5,7/4/2028,694,FALSE,FALSE,0.31,FALSE,proxy_synthetic
CL-0258,MED_METFORMIN,107,17,44.1,2/19/2028,558,FALSE,FALSE,0.27,FALSE,proxy_synthetic
CL-0258,MED_GLUCOSE,1,7,1.0,7/21/2027,345,TRUE,FALSE,0.94,FALSE,proxy_synthetic
CL-0258,MED_VIT_A,60,10,42.0,9/29/2027,415,FALSE,FALSE,0.27,FALSE,proxy_synthetic
CL-0258,MED_MUAC_KIT,41,5,57.4,1/10/2027,153,FALSE,TRUE,0.26,TRUE,proxy_synthetic
CL-0258,MED_ZINC_MAL,112,22,35.6,12/16/2026,128,FALSE,TRUE,0.34,FALSE,proxy_synthetic
CL-0258,VAC_HEPB,33,5,46.2,11/3/2026,85,FALSE,TRUE,0.51,FALSE,proxy_synthetic
CL-0258,VAC_BCG,46,6,53.7,1/24/2028,532,FALSE,FALSE,0.3,FALSE,proxy_synthetic
CL-0258,VAC_MR,36,7,36.0,5/30/2028,659,FALSE,FALSE,0.27,FALSE,proxy_synthetic
CL-0258,MED_TETANUS,21,3,49.0,1/21/2028,529,FALSE,FALSE,0.25,FALSE,proxy_synthetic
CL-0258,MED_DIABETES_INSULIN,29,5,40.6,9/29/2027,415,FALSE,FALSE,0.28,FALSE,proxy_synthetic
CL-0258,MED_GLIBENCLAMIDE,52,12,30.3,6/14/2028,674,FALSE,FALSE,0.27,FALSE,proxy_synthetic
CL-0258,MED_GLUCAGON,3,1,21.0,12/30/2027,507,FALSE,FALSE,0.27,FALSE,proxy_synthetic
CL-0258,MED_RUTF,8,10,5.6,10/25/2027,441,TRUE,FALSE,0.58,FALSE,proxy_synthetic
CL-0258,MED_F75,13,3,30.3,4/20/2028,619,FALSE,FALSE,0.3,FALSE,proxy_synthetic
CL-0258,MED_F100,27,3,63.0,11/13/2027,460,FALSE,FALSE,0.26,TRUE,proxy_synthetic
CL-0258,MED_THERAPEUTIC_FEED,15,2,52.5,4/25/2027,258,FALSE,FALSE,0.28,FALSE,proxy_synthetic
CL-0259,MED_ACT,7,13,3.8,5/11/2028,640,TRUE,FALSE,0.64,FALSE,proxy_synthetic
CL-0259,MED_RDT_MAL,160,21,53.3,11/29/2027,476,FALSE,FALSE,0.27,FALSE,proxy_synthetic
CL-0259,MED_DENGUE_SUP,65,11,41.4,7/11/2027,335,FALSE,FALSE,0.22,FALSE,proxy_synthetic
CL-0259,MED_RDT_DEN,81,12,47.2,11/1/2026,83,FALSE,TRUE,0.47,TRUE,proxy_synthetic
CL-0259,MED_ORS,86,11,54.7,10/24/2027,440,FALSE,FALSE,0.25,FALSE,proxy_synthetic
CL-0259,MED_CHOLERA_KIT,19,2,66.5,2/29/2028,568,FALSE,FALSE,0.24,FALSE,proxy_synthetic
CL-0259,VAC_OCV,56,7,56.0,7/9/2027,333,FALSE,FALSE,0.24,FALSE,proxy_synthetic
CL-0259,VAC_MEASLES,37,4,64.8,6/25/2027,319,FALSE,FALSE,0.34,FALSE,proxy_synthetic
CL-0259,VAC_OPV,2,5,2.8,1/15/2027,158,TRUE,TRUE,0.85,FALSE,proxy_synthetic
CL-0259,VAC_PENTA,1,4,1.8,6/20/2028,680,TRUE,FALSE,0.81,TRUE,proxy_synthetic
CL-0259,VAC_TT,15,2,52.5,12/11/2026,123,FALSE,TRUE,0.38,FALSE,proxy_synthetic
CL-0259,MED_ANTIVENOM,4,1,28.0,9/13/2027,399,FALSE,FALSE,0.32,TRUE,proxy_synthetic
CL-0259,MED_SNAKE_ANTIVENOM,7,1,49.0,2/21/2028,560,FALSE,FALSE,0.25,TRUE,proxy_synthetic
CL-0259,MED_SNAKE_WOUND,5,1,35.0,9/8/2027,394,FALSE,FALSE,0.28,FALSE,proxy_synthetic
CL-0259,MED_OXYTOCIN,7,2,24.5,7/21/2027,345,FALSE,FALSE,0.21,TRUE,proxy_synthetic
CL-0259,MED_METFORMIN,46,6,53.7,4/16/2027,249,FALSE,FALSE,0.23,FALSE,proxy_synthetic
CL-0259,MED_GLUCOSE,18,3,42.0,1/20/2028,528,FALSE,FALSE,0.26,FALSE,proxy_synthetic
CL-0259,MED_VIT_A,29,4,50.8,10/8/2027,424,FALSE,FALSE,0.32,FALSE,proxy_synthetic
CL-0259,MED_MUAC_KIT,18,2,63.0,4/8/2028,607,FALSE,FALSE,0.35,FALSE,proxy_synthetic
CL-0259,MED_ZINC_MAL,57,8,49.9,9/12/2027,398,FALSE,FALSE,0.29,FALSE,proxy_synthetic
CL-0260,MED_ACT,17,24,5.0,7/7/2028,697,TRUE,FALSE,0.57,FALSE,proxy_synthetic
CL-0260,MED_RDT_MAL,320,40,56.0,10/19/2027,435,FALSE,FALSE,0.32,TRUE,proxy_synthetic
CL-0260,MED_DENGUE_SUP,78,15,36.4,4/10/2027,243,FALSE,FALSE,0.32,FALSE,proxy_synthetic
CL-0260,MED_RDT_DEN,89,24,26.0,9/28/2027,414,FALSE,FALSE,0.25,TRUE,proxy_synthetic
CL-0260,MED_ORS,130,20,45.5,12/16/2027,493,FALSE,FALSE,0.32,TRUE,proxy_synthetic
CL-0260,MED_CHOLERA_KIT,19,4,33.2,3/21/2028,589,FALSE,FALSE,0.27,TRUE,proxy_synthetic
CL-0260,VAC_OCV,61,12,35.6,9/12/2027,398,FALSE,FALSE,0.32,FALSE,proxy_synthetic
CL-0260,VAC_MEASLES,1,7,1.0,11/29/2027,476,TRUE,FALSE,0.94,FALSE,proxy_synthetic
CL-0260,VAC_OPV,36,9,28.0,4/3/2027,236,FALSE,FALSE,0.34,FALSE,proxy_synthetic
CL-0260,VAC_PENTA,41,5,57.4,4/28/2027,261,FALSE,FALSE,0.29,FALSE,proxy_synthetic
CL-0260,VAC_TT,28,6,32.7,1/9/2027,152,FALSE,TRUE,0.28,TRUE,proxy_synthetic
CL-0260,MED_ANTIVENOM,3,1,21.0,12/27/2026,139,FALSE,TRUE,0.34,TRUE,proxy_synthetic
CL-0260,MED_SNAKE_ANTIVENOM,3,1,21.0,10/31/2026,82,FALSE,TRUE,0.49,FALSE,proxy_synthetic
CL-0260,MED_SNAKE_WOUND,17,2,59.5,8/6/2027,361,FALSE,FALSE,0.34,TRUE,proxy_synthetic
CL-0260,MED_OXYTOCIN,21,3,49.0,5/2/2027,265,FALSE,FALSE,0.28,FALSE,proxy_synthetic
CL-0260,MED_METFORMIN,46,9,35.8,2/9/2028,548,FALSE,FALSE,0.3,TRUE,proxy_synthetic
CL-0260,MED_GLUCOSE,24,4,42.0,12/13/2026,125,FALSE,TRUE,0.37,FALSE,proxy_synthetic
CL-0260,MED_VIT_A,2,6,2.3,5/1/2028,630,TRUE,FALSE,0.8,FALSE,proxy_synthetic
CL-0260,MED_MUAC_KIT,14,2,49.0,7/19/2027,343,FALSE,FALSE,0.26,FALSE,proxy_synthetic
CL-0260,MED_ZINC_MAL,1,13,0.5,2/25/2028,564,TRUE,FALSE,0.95,TRUE,proxy_synthetic
CL-0261,MED_ACT,148,17,60.9,12/17/2027,494,FALSE,FALSE,0.34,FALSE,proxy_synthetic
CL-0261,MED_RDT_MAL,140,34,28.8,11/22/2027,469,FALSE,FALSE,0.35,FALSE,proxy_synthetic
CL-0261,MED_DENGUE_SUP,37,11,23.5,1/19/2027,162,FALSE,TRUE,0.25,FALSE,proxy_synthetic
CL-0261,MED_RDT_DEN,74,13,39.8,11/11/2026,93,FALSE,TRUE,0.45,TRUE,proxy_synthetic
CL-0261,MED_ORS,86,13,46.3,9/30/2027,416,FALSE,FALSE,0.22,FALSE,proxy_synthetic
CL-0261,MED_CHOLERA_KIT,10,4,17.5,10/6/2027,422,FALSE,FALSE,0.31,FALSE,proxy_synthetic
CL-0261,VAC_OCV,35,7,35.0,3/14/2027,216,FALSE,FALSE,0.33,FALSE,proxy_synthetic
CL-0261,VAC_MEASLES,15,3,35.0,11/15/2027,462,FALSE,FALSE,0.24,FALSE,proxy_synthetic
CL-0261,VAC_OPV,2,5,2.8,7/5/2027,329,TRUE,FALSE,0.76,FALSE,proxy_synthetic
CL-0261,VAC_PENTA,20,5,28.0,8/28/2027,383,FALSE,FALSE,0.2,TRUE,proxy_synthetic
CL-0261,VAC_TT,2,3,4.7,1/25/2027,168,TRUE,TRUE,0.7,FALSE,proxy_synthetic
CL-0261,MED_ANTIVENOM,6,1,42.0,11/5/2026,87,FALSE,TRUE,0.48,FALSE,proxy_synthetic
CL-0261,MED_SNAKE_ANTIVENOM,6,1,42.0,5/24/2028,653,FALSE,FALSE,0.3,TRUE,proxy_synthetic
CL-0261,MED_SNAKE_WOUND,17,2,59.5,8/12/2027,367,FALSE,FALSE,0.22,FALSE,proxy_synthetic
CL-0261,MED_OXYTOCIN,1,2,3.5,12/3/2027,480,TRUE,FALSE,0.72,FALSE,proxy_synthetic
CL-0261,MED_METFORMIN,31,6,36.2,4/2/2028,601,FALSE,FALSE,0.27,FALSE,proxy_synthetic
CL-0261,MED_GLUCOSE,16,3,37.3,11/24/2026,106,FALSE,TRUE,0.44,TRUE,proxy_synthetic
CL-0261,MED_VIT_A,33,4,57.8,4/24/2028,623,FALSE,FALSE,0.27,FALSE,proxy_synthetic
CL-0261,MED_MUAC_KIT,14,2,49.0,7/8/2027,332,FALSE,FALSE,0.23,TRUE,proxy_synthetic
CL-0261,MED_ZINC_MAL,73,9,56.8,8/27/2027,382,FALSE,FALSE,0.31,FALSE,proxy_synthetic
CL-0262,MED_ACT,165,34,34.0,8/6/2027,361,FALSE,FALSE,0.24,FALSE,proxy_synthetic
CL-0262,MED_RDT_MAL,354,42,59.0,11/18/2027,465,FALSE,FALSE,0.33,FALSE,proxy_synthetic
CL-0262,MED_DENGUE_SUP,191,23,58.1,4/28/2027,261,FALSE,FALSE,0.21,FALSE,proxy_synthetic
CL-0262,MED_RDT_DEN,135,27,35.0,12/8/2027,485,FALSE,FALSE,0.32,FALSE,proxy_synthetic
CL-0262,MED_ORS,9,20,3.1,11/7/2027,454,TRUE,FALSE,0.73,FALSE,proxy_synthetic
CL-0262,MED_CHOLERA_KIT,34,6,39.7,4/6/2028,605,FALSE,FALSE,0.22,FALSE,proxy_synthetic
CL-0262,VAC_OCV,68,14,34.0,2/11/2028,550,FALSE,FALSE,0.31,FALSE,proxy_synthetic
CL-0262,VAC_MEASLES,57,8,49.9,8/30/2027,385,FALSE,FALSE,0.26,FALSE,proxy_synthetic
CL-0262,VAC_OPV,53,8,46.4,7/14/2027,338,FALSE,FALSE,0.31,FALSE,proxy_synthetic
CL-0262,VAC_PENTA,32,6,37.3,3/25/2027,227,FALSE,FALSE,0.32,FALSE,proxy_synthetic
CL-0262,VAC_TT,39,6,45.5,4/2/2028,601,FALSE,FALSE,0.23,FALSE,proxy_synthetic
CL-0262,MED_ANTIVENOM,4,1,28.0,6/11/2027,305,FALSE,FALSE,0.31,FALSE,proxy_synthetic
CL-0262,MED_SNAKE_ANTIVENOM,6,2,21.0,4/3/2028,602,FALSE,FALSE,0.35,TRUE,proxy_synthetic
CL-0262,MED_SNAKE_WOUND,11,3,25.7,10/4/2027,420,FALSE,FALSE,0.35,FALSE,proxy_synthetic
CL-0262,MED_OXYTOCIN,12,3,28.0,3/30/2028,598,FALSE,FALSE,0.21,TRUE,proxy_synthetic
CL-0262,MED_METFORMIN,47,11,29.9,4/18/2028,617,FALSE,FALSE,0.32,FALSE,proxy_synthetic
CL-0262,MED_GLUCOSE,31,6,36.2,7/20/2027,344,FALSE,FALSE,0.23,FALSE,proxy_synthetic
CL-0262,MED_VIT_A,24,7,24.0,12/11/2027,488,FALSE,FALSE,0.26,FALSE,proxy_synthetic
CL-0262,MED_MUAC_KIT,1,3,2.3,3/12/2028,580,TRUE,FALSE,0.82,TRUE,proxy_synthetic
CL-0262,MED_ZINC_MAL,74,17,30.5,5/9/2028,638,FALSE,FALSE,0.25,FALSE,proxy_synthetic
CL-0263,MED_ACT,102,31,23.0,1/18/2028,526,FALSE,FALSE,0.31,FALSE,proxy_synthetic
CL-0263,MED_RDT_MAL,14,41,2.4,4/23/2027,256,TRUE,FALSE,0.8,FALSE,proxy_synthetic
CL-0263,MED_DENGUE_SUP,155,17,63.8,11/11/2027,458,FALSE,FALSE,0.27,FALSE,proxy_synthetic
CL-0263,MED_RDT_DEN,192,28,48.0,7/9/2027,333,FALSE,FALSE,0.3,TRUE,proxy_synthetic
CL-0263,MED_ORS,104,28,26.0,4/16/2027,249,FALSE,FALSE,0.27,FALSE,proxy_synthetic
CL-0263,MED_CHOLERA_KIT,35,4,61.2,7/2/2028,692,FALSE,FALSE,0.34,FALSE,proxy_synthetic
CL-0263,VAC_OCV,93,15,43.4,11/25/2027,472,FALSE,FALSE,0.27,FALSE,proxy_synthetic
CL-0263,VAC_MEASLES,55,7,55.0,1/12/2027,155,FALSE,TRUE,0.26,FALSE,proxy_synthetic
CL-0263,VAC_OPV,34,9,26.4,5/11/2027,274,FALSE,FALSE,0.3,FALSE,proxy_synthetic
CL-0263,VAC_PENTA,29,7,29.0,12/4/2027,481,FALSE,FALSE,0.28,FALSE,proxy_synthetic
CL-0263,VAC_TT,1,5,1.4,8/17/2027,372,TRUE,FALSE,0.87,TRUE,proxy_synthetic
CL-0263,MED_ANTIVENOM,7,1,49.0,1/3/2027,146,FALSE,TRUE,0.29,FALSE,proxy_synthetic
CL-0263,MED_SNAKE_ANTIVENOM,6,2,21.0,11/21/2027,468,FALSE,FALSE,0.22,FALSE,proxy_synthetic
CL-0263,MED_SNAKE_WOUND,9,2,31.5,6/2/2028,662,FALSE,FALSE,0.25,FALSE,proxy_synthetic
CL-0263,MED_OXYTOCIN,21,4,36.8,10/18/2027,434,FALSE,FALSE,0.24,FALSE,proxy_synthetic
CL-0263,MED_METFORMIN,26,9,20.2,4/7/2028,606,FALSE,FALSE,0.24,FALSE,proxy_synthetic
CL-0263,MED_GLUCOSE,16,6,18.7,11/25/2027,472,FALSE,FALSE,0.27,FALSE,proxy_synthetic
CL-0263,MED_VIT_A,49,8,42.9,10/14/2027,430,FALSE,FALSE,0.32,FALSE,proxy_synthetic
CL-0263,MED_MUAC_KIT,11,3,25.7,11/14/2027,461,FALSE,FALSE,0.24,FALSE,proxy_synthetic
CL-0263,MED_ZINC_MAL,94,14,47.0,4/27/2027,260,FALSE,FALSE,0.21,TRUE,proxy_synthetic
CL-0263,VAC_HEPB,25,3,58.3,5/13/2027,276,FALSE,FALSE,0.29,FALSE,proxy_synthetic
CL-0263,VAC_BCG,4,5,5.6,1/3/2027,146,TRUE,TRUE,0.65,FALSE,proxy_synthetic
CL-0263,VAC_MR,1,5,1.4,6/15/2027,309,TRUE,FALSE,0.85,TRUE,proxy_synthetic
CL-0263,MED_TETANUS,27,3,63.0,9/10/2027,396,FALSE,FALSE,0.25,TRUE,proxy_synthetic
CL-0263,MED_DIABETES_INSULIN,20,3,46.7,7/27/2027,351,FALSE,FALSE,0.22,TRUE,proxy_synthetic
CL-0263,MED_GLIBENCLAMIDE,71,8,62.1,5/25/2028,654,FALSE,FALSE,0.35,FALSE,proxy_synthetic
CL-0263,MED_GLUCAGON,8,1,56.0,12/24/2027,501,FALSE,FALSE,0.22,TRUE,proxy_synthetic
CL-0263,MED_RUTF,37,6,43.2,6/5/2027,299,FALSE,FALSE,0.3,FALSE,proxy_synthetic
CL-0263,MED_F75,15,2,52.5,6/12/2028,672,FALSE,FALSE,0.27,FALSE,proxy_synthetic
CL-0263,MED_F100,9,2,31.5,8/8/2027,363,FALSE,FALSE,0.29,FALSE,proxy_synthetic
CL-0263,MED_THERAPEUTIC_FEED,12,2,42.0,7/7/2028,697,FALSE,FALSE,0.26,FALSE,proxy_synthetic
CL-0264,MED_ACT,103,14,51.5,5/28/2028,657,FALSE,FALSE,0.33,FALSE,proxy_synthetic
CL-0264,MED_RDT_MAL,224,35,44.8,5/19/2027,282,FALSE,FALSE,0.34,FALSE,proxy_synthetic
CL-0264,MED_DENGUE_SUP,5,11,3.2,12/30/2027,507,TRUE,FALSE,0.74,FALSE,proxy_synthetic
CL-0264,MED_RDT_DEN,37,14,18.5,12/31/2026,143,FALSE,TRUE,0.29,TRUE,proxy_synthetic
CL-0264,MED_ORS,123,17,50.6,5/11/2028,640,FALSE,FALSE,0.22,TRUE,proxy_synthetic
CL-0264,MED_CHOLERA_KIT,1,3,2.3,4/4/2027,237,TRUE,FALSE,0.8,FALSE,proxy_synthetic
CL-0264,VAC_OCV,65,8,56.9,6/6/2028,666,FALSE,FALSE,0.3,TRUE,proxy_synthetic
CL-0264,VAC_MEASLES,13,4,22.8,4/20/2028,619,FALSE,FALSE,0.26,FALSE,proxy_synthetic
CL-0264,VAC_OPV,19,4,33.2,6/22/2027,316,FALSE,FALSE,0.33,FALSE,proxy_synthetic
CL-0264,VAC_PENTA,27,4,47.2,7/9/2028,699,FALSE,FALSE,0.29,FALSE,proxy_synthetic
CL-0264,VAC_TT,11,3,25.7,1/31/2028,539,FALSE,FALSE,0.33,FALSE,proxy_synthetic
CL-0264,MED_ANTIVENOM,5,1,35.0,2/29/2028,568,FALSE,FALSE,0.32,FALSE,proxy_synthetic
CL-0264,MED_SNAKE_ANTIVENOM,8,1,56.0,10/29/2026,80,FALSE,TRUE,0.45,FALSE,proxy_synthetic
CL-0264,MED_SNAKE_WOUND,11,2,38.5,1/2/2027,145,FALSE,TRUE,0.32,TRUE,proxy_synthetic
CL-0264,MED_OXYTOCIN,15,2,52.5,10/10/2027,426,FALSE,FALSE,0.33,FALSE,proxy_synthetic
CL-0264,MED_METFORMIN,32,7,32.0,11/16/2027,463,FALSE,FALSE,0.33,FALSE,proxy_synthetic
CL-0264,MED_GLUCOSE,6,2,21.0,6/7/2027,301,FALSE,FALSE,0.24,FALSE,proxy_synthetic
CL-0264,MED_VIT_A,29,4,50.8,11/30/2026,112,FALSE,TRUE,0.43,TRUE,proxy_synthetic
CL-0264,MED_MUAC_KIT,9,2,31.5,12/30/2027,507,FALSE,FALSE,0.29,FALSE,proxy_synthetic
CL-0264,MED_ZINC_MAL,71,10,49.7,4/20/2028,619,FALSE,FALSE,0.3,TRUE,proxy_synthetic
CL-0265,MED_ACT,202,42,33.7,4/24/2028,623,FALSE,FALSE,0.32,TRUE,proxy_synthetic
CL-0265,MED_RDT_MAL,32,74,3.0,5/26/2027,289,TRUE,FALSE,0.74,FALSE,proxy_synthetic
CL-0265,MED_DENGUE_SUP,25,31,5.6,4/9/2027,242,TRUE,FALSE,0.56,FALSE,proxy_synthetic
CL-0265,MED_RDT_DEN,192,31,43.4,11/17/2027,464,FALSE,FALSE,0.22,TRUE,proxy_synthetic
CL-0265,MED_ORS,113,37,21.4,11/8/2026,90,FALSE,TRUE,0.47,TRUE,proxy_synthetic
CL-0265,MED_CHOLERA_KIT,4,7,4.0,9/2/2027,388,TRUE,FALSE,0.65,FALSE,proxy_synthetic
CL-0265,VAC_OCV,232,25,65.0,10/27/2026,78,FALSE,TRUE,0.49,FALSE,proxy_synthetic
CL-0265,VAC_MEASLES,116,13,62.5,4/13/2027,246,FALSE,FALSE,0.29,TRUE,proxy_synthetic
CL-0265,VAC_OPV,59,17,24.3,6/24/2027,318,FALSE,FALSE,0.21,FALSE,proxy_synthetic
CL-0265,VAC_PENTA,99,12,57.8,3/8/2028,576,FALSE,FALSE,0.33,FALSE,proxy_synthetic
CL-0265,VAC_TT,67,9,52.1,7/16/2028,706,FALSE,FALSE,0.34,FALSE,proxy_synthetic
CL-0265,MED_ANTIVENOM,7,2,24.5,5/24/2028,653,FALSE,FALSE,0.25,FALSE,proxy_synthetic
CL-0265,MED_SNAKE_ANTIVENOM,11,2,38.5,7/15/2028,705,FALSE,FALSE,0.29,TRUE,proxy_synthetic
CL-0265,MED_SNAKE_WOUND,33,4,57.8,3/27/2028,595,FALSE,FALSE,0.22,FALSE,proxy_synthetic
CL-0265,MED_OXYTOCIN,42,6,49.0,2/29/2028,568,FALSE,FALSE,0.24,TRUE,proxy_synthetic
CL-0265,MED_METFORMIN,8,20,2.8,10/14/2026,65,TRUE,TRUE,0.86,FALSE,proxy_synthetic
CL-0265,MED_GLUCOSE,49,9,38.1,6/3/2028,663,FALSE,FALSE,0.25,FALSE,proxy_synthetic
CL-0265,MED_VIT_A,113,13,60.8,3/27/2028,595,FALSE,FALSE,0.29,TRUE,proxy_synthetic
CL-0265,MED_MUAC_KIT,31,4,54.2,5/20/2028,649,FALSE,FALSE,0.31,FALSE,proxy_synthetic
CL-0265,MED_ZINC_MAL,142,24,41.4,12/19/2026,131,FALSE,TRUE,0.38,FALSE,proxy_synthetic
CL-0265,VAC_HEPB,25,6,29.2,9/28/2027,414,FALSE,FALSE,0.28,FALSE,proxy_synthetic
CL-0265,VAC_BCG,6,9,4.7,10/4/2027,420,TRUE,FALSE,0.63,FALSE,proxy_synthetic
CL-0265,VAC_MR,70,10,49.0,7/16/2028,706,FALSE,FALSE,0.31,FALSE,proxy_synthetic
CL-0265,MED_TETANUS,18,3,42.0,1/30/2027,173,FALSE,TRUE,0.22,TRUE,proxy_synthetic
CL-0265,MED_DIABETES_INSULIN,43,6,50.2,7/31/2027,355,FALSE,FALSE,0.22,TRUE,proxy_synthetic
CL-0265,MED_GLIBENCLAMIDE,27,10,18.9,3/18/2028,586,FALSE,FALSE,0.31,TRUE,proxy_synthetic
CL-0265,MED_GLUCAGON,1,2,3.5,5/23/2028,652,TRUE,FALSE,0.7,FALSE,proxy_synthetic
CL-0265,MED_RUTF,51,10,35.7,8/28/2027,383,FALSE,FALSE,0.24,FALSE,proxy_synthetic
CL-0265,MED_F75,13,3,30.3,12/15/2027,492,FALSE,FALSE,0.34,FALSE,proxy_synthetic
CL-0265,MED_F100,15,3,35.0,8/24/2027,379,FALSE,FALSE,0.27,TRUE,proxy_synthetic
CL-0265,MED_THERAPEUTIC_FEED,9,3,21.0,4/9/2028,608,FALSE,FALSE,0.32,TRUE,proxy_synthetic
CL-0266,MED_ACT,44,14,22.0,12/22/2026,134,FALSE,TRUE,0.31,TRUE,proxy_synthetic
CL-0266,MED_RDT_MAL,16,34,3.3,7/22/2027,346,TRUE,FALSE,0.74,FALSE,proxy_synthetic
CL-0266,MED_DENGUE_SUP,66,9,51.3,5/22/2027,285,FALSE,FALSE,0.3,TRUE,proxy_synthetic
CL-0266,MED_RDT_DEN,43,13,23.2,11/23/2027,470,FALSE,FALSE,0.22,FALSE,proxy_synthetic
CL-0266,MED_ORS,116,14,58.0,2/15/2028,554,FALSE,FALSE,0.22,FALSE,proxy_synthetic
CL-0266,MED_CHOLERA_KIT,11,4,19.2,11/19/2026,101,FALSE,TRUE,0.42,FALSE,proxy_synthetic
CL-0266,VAC_OCV,52,8,45.5,6/21/2027,315,FALSE,FALSE,0.33,FALSE,proxy_synthetic
CL-0266,VAC_MEASLES,23,4,40.2,4/26/2027,259,FALSE,FALSE,0.23,TRUE,proxy_synthetic
CL-0266,VAC_OPV,37,6,43.2,3/16/2027,218,FALSE,FALSE,0.2,TRUE,proxy_synthetic
CL-0266,VAC_PENTA,19,4,33.2,7/12/2028,702,FALSE,FALSE,0.27,FALSE,proxy_synthetic
CL-0266,VAC_TT,19,3,44.3,10/7/2027,423,FALSE,FALSE,0.35,FALSE,proxy_synthetic
CL-0266,MED_ANTIVENOM,6,1,42.0,10/21/2026,72,FALSE,TRUE,0.51,FALSE,proxy_synthetic
CL-0266,MED_SNAKE_ANTIVENOM,4,1,28.0,1/29/2028,537,FALSE,FALSE,0.21,TRUE,proxy_synthetic
CL-0266,MED_SNAKE_WOUND,17,2,59.5,9/17/2027,403,FALSE,FALSE,0.31,FALSE,proxy_synthetic
CL-0266,MED_OXYTOCIN,8,2,28.0,11/22/2026,104,FALSE,TRUE,0.41,TRUE,proxy_synthetic
CL-0266,MED_METFORMIN,29,8,25.4,6/6/2028,666,FALSE,FALSE,0.2,TRUE,proxy_synthetic
CL-0266,MED_GLUCOSE,1,3,2.3,10/31/2026,82,TRUE,TRUE,0.89,FALSE,proxy_synthetic
CL-0266,MED_VIT_A,26,4,45.5,6/16/2027,310,FALSE,FALSE,0.21,TRUE,proxy_synthetic
CL-0266,MED_MUAC_KIT,13,2,45.5,5/24/2028,653,FALSE,FALSE,0.25,TRUE,proxy_synthetic
CL-0266,MED_ZINC_MAL,30,7,30.0,7/16/2027,340,FALSE,FALSE,0.28,FALSE,proxy_synthetic
CL-0267,MED_ACT,113,20,39.5,8/5/2027,360,FALSE,FALSE,0.21,FALSE,proxy_synthetic
CL-0267,MED_RDT_MAL,357,41,61.0,10/27/2026,78,FALSE,TRUE,0.48,FALSE,proxy_synthetic
CL-0267,MED_DENGUE_SUP,114,13,61.4,9/11/2027,397,FALSE,FALSE,0.24,FALSE,proxy_synthetic
CL-0267,MED_RDT_DEN,3,11,1.9,11/7/2027,454,TRUE,FALSE,0.85,FALSE,proxy_synthetic
CL-0267,MED_ORS,151,19,55.6,3/21/2028,589,FALSE,FALSE,0.33,FALSE,proxy_synthetic
CL-0267,MED_CHOLERA_KIT,34,4,59.5,9/29/2027,415,FALSE,FALSE,0.28,FALSE,proxy_synthetic
CL-0267,VAC_OCV,32,8,28.0,10/21/2026,72,FALSE,TRUE,0.49,FALSE,proxy_synthetic
CL-0267,VAC_MEASLES,4,5,5.6,1/19/2028,527,TRUE,FALSE,0.54,FALSE,proxy_synthetic
CL-0267,VAC_OPV,18,5,25.2,5/7/2027,270,FALSE,FALSE,0.29,TRUE,proxy_synthetic
CL-0267,VAC_PENTA,1,4,1.8,1/5/2027,148,TRUE,TRUE,1.0,FALSE,proxy_synthetic
CL-0267,VAC_TT,23,4,40.2,3/20/2027,222,FALSE,FALSE,0.22,FALSE,proxy_synthetic
CL-0267,MED_ANTIVENOM,4,1,28.0,7/9/2028,699,FALSE,FALSE,0.22,FALSE,proxy_synthetic
CL-0267,MED_SNAKE_ANTIVENOM,8,1,56.0,7/25/2027,349,FALSE,FALSE,0.23,FALSE,proxy_synthetic
CL-0267,MED_SNAKE_WOUND,13,2,45.5,6/26/2028,686,FALSE,FALSE,0.28,TRUE,proxy_synthetic
CL-0267,MED_OXYTOCIN,10,3,23.3,3/16/2028,584,FALSE,FALSE,0.35,FALSE,proxy_synthetic
CL-0267,MED_METFORMIN,54,6,63.0,1/16/2027,159,FALSE,TRUE,0.23,TRUE,proxy_synthetic
CL-0267,MED_GLUCOSE,17,3,39.7,4/11/2027,244,FALSE,FALSE,0.3,TRUE,proxy_synthetic
CL-0267,MED_VIT_A,21,5,29.4,3/27/2027,229,FALSE,FALSE,0.2,FALSE,proxy_synthetic
CL-0267,MED_MUAC_KIT,11,2,38.5,11/17/2026,99,FALSE,TRUE,0.42,FALSE,proxy_synthetic
CL-0267,MED_ZINC_MAL,72,8,63.0,1/12/2028,520,FALSE,FALSE,0.33,FALSE,proxy_synthetic
CL-0268,MED_ACT,97,16,42.4,7/12/2027,336,FALSE,FALSE,0.21,TRUE,proxy_synthetic
CL-0268,MED_RDT_MAL,108,33,22.9,12/26/2027,503,FALSE,FALSE,0.27,FALSE,proxy_synthetic
CL-0268,MED_DENGUE_SUP,98,11,62.4,5/16/2027,279,FALSE,FALSE,0.27,FALSE,proxy_synthetic
CL-0268,MED_RDT_DEN,3,12,1.8,3/20/2027,222,TRUE,FALSE,0.85,FALSE,proxy_synthetic
CL-0268,MED_ORS,61,11,38.8,4/3/2028,602,FALSE,FALSE,0.32,FALSE,proxy_synthetic
CL-0268,MED_CHOLERA_KIT,2,3,4.7,8/2/2027,357,TRUE,FALSE,0.66,FALSE,proxy_synthetic
CL-0268,VAC_OCV,33,8,28.9,2/2/2028,541,FALSE,FALSE,0.25,FALSE,proxy_synthetic
CL-0268,VAC_MEASLES,19,4,33.2,7/1/2027,325,FALSE,FALSE,0.35,FALSE,proxy_synthetic
CL-0268,VAC_OPV,45,6,52.5,7/8/2027,332,FALSE,FALSE,0.33,FALSE,proxy_synthetic
CL-0268,VAC_PENTA,26,4,45.5,12/22/2026,134,FALSE,TRUE,0.32,FALSE,proxy_synthetic
CL-0268,VAC_TT,10,3,23.3,11/10/2027,457,FALSE,FALSE,0.32,TRUE,proxy_synthetic
CL-0268,MED_ANTIVENOM,6,1,42.0,10/15/2027,431,FALSE,FALSE,0.34,FALSE,proxy_synthetic
CL-0268,MED_SNAKE_ANTIVENOM,9,1,63.0,1/6/2027,149,FALSE,TRUE,0.28,FALSE,proxy_synthetic
CL-0268,MED_SNAKE_WOUND,8,2,28.0,5/28/2028,657,FALSE,FALSE,0.3,FALSE,proxy_synthetic
CL-0268,MED_OXYTOCIN,1,2,3.5,6/29/2028,689,TRUE,FALSE,0.71,FALSE,proxy_synthetic
CL-0268,MED_METFORMIN,39,5,54.6,9/26/2027,412,FALSE,FALSE,0.34,FALSE,proxy_synthetic
CL-0268,MED_GLUCOSE,10,3,23.3,5/7/2028,636,FALSE,FALSE,0.27,TRUE,proxy_synthetic
CL-0268,MED_VIT_A,17,5,23.8,12/31/2026,143,FALSE,TRUE,0.29,FALSE,proxy_synthetic
CL-0268,MED_MUAC_KIT,9,2,31.5,1/8/2028,516,FALSE,FALSE,0.3,FALSE,proxy_synthetic
CL-0268,MED_ZINC_MAL,64,7,64.0,9/11/2027,397,FALSE,FALSE,0.2,FALSE,proxy_synthetic
CL-0269,MED_ACT,302,43,49.2,5/1/2028,630,FALSE,FALSE,0.21,FALSE,proxy_synthetic
CL-0269,MED_RDT_MAL,500,77,45.5,6/19/2027,313,FALSE,FALSE,0.29,FALSE,proxy_synthetic
CL-0269,MED_DENGUE_SUP,16,21,5.3,3/25/2027,227,TRUE,FALSE,0.56,TRUE,proxy_synthetic
CL-0269,MED_RDT_DEN,218,27,56.5,10/26/2027,442,FALSE,FALSE,0.21,FALSE,proxy_synthetic
CL-0269,MED_ORS,15,30,3.5,7/20/2027,344,TRUE,FALSE,0.71,FALSE,proxy_synthetic
CL-0269,MED_CHOLERA_KIT,25,8,21.9,4/1/2027,234,FALSE,FALSE,0.31,FALSE,proxy_synthetic
CL-0269,VAC_OCV,174,21,58.0,9/12/2027,398,FALSE,FALSE,0.29,TRUE,proxy_synthetic
CL-0269,VAC_MEASLES,104,12,60.7,5/7/2028,636,FALSE,FALSE,0.27,TRUE,proxy_synthetic
CL-0269,VAC_OPV,4,16,1.8,3/25/2027,227,TRUE,FALSE,0.87,FALSE,proxy_synthetic
CL-0269,VAC_PENTA,88,13,47.4,9/30/2027,416,FALSE,FALSE,0.34,FALSE,proxy_synthetic
CL-0269,VAC_TT,53,8,46.4,10/18/2026,69,FALSE,TRUE,0.54,FALSE,proxy_synthetic
CL-0269,MED_ANTIVENOM,3,1,21.0,9/30/2027,416,FALSE,FALSE,0.24,FALSE,proxy_synthetic
CL-0269,MED_SNAKE_ANTIVENOM,18,2,63.0,3/23/2027,225,FALSE,FALSE,0.23,TRUE,proxy_synthetic
CL-0269,MED_SNAKE_WOUND,27,4,47.2,6/14/2027,308,FALSE,FALSE,0.34,FALSE,proxy_synthetic
CL-0269,MED_OXYTOCIN,22,4,38.5,11/7/2026,89,FALSE,TRUE,0.46,TRUE,proxy_synthetic
CL-0269,MED_METFORMIN,9,17,3.7,6/9/2027,303,TRUE,FALSE,0.68,FALSE,proxy_synthetic
CL-0269,MED_GLUCOSE,47,9,36.6,4/30/2027,263,FALSE,FALSE,0.26,FALSE,proxy_synthetic
CL-0269,MED_VIT_A,91,11,57.9,5/18/2028,647,FALSE,FALSE,0.22,TRUE,proxy_synthetic
CL-0269,MED_MUAC_KIT,31,4,54.2,2/24/2028,563,FALSE,FALSE,0.24,FALSE,proxy_synthetic
CL-0269,MED_ZINC_MAL,142,26,38.2,12/13/2027,490,FALSE,FALSE,0.28,FALSE,proxy_synthetic
CL-0269,VAC_HEPB,4,6,4.7,4/1/2027,234,TRUE,FALSE,0.65,TRUE,proxy_synthetic
CL-0269,VAC_BCG,38,8,33.2,4/20/2027,253,FALSE,FALSE,0.25,FALSE,proxy_synthetic
CL-0269,VAC_MR,58,8,50.8,6/5/2028,665,FALSE,FALSE,0.3,TRUE,proxy_synthetic
CL-0269,MED_TETANUS,27,4,47.2,11/21/2026,103,FALSE,TRUE,0.43,FALSE,proxy_synthetic
CL-0269,MED_DIABETES_INSULIN,21,5,29.4,11/27/2026,109,FALSE,TRUE,0.41,FALSE,proxy_synthetic
CL-0269,MED_GLIBENCLAMIDE,35,13,18.8,8/23/2027,378,FALSE,FALSE,0.24,FALSE,proxy_synthetic
CL-0269,MED_GLUCAGON,5,1,35.0,12/17/2027,494,FALSE,FALSE,0.27,FALSE,proxy_synthetic
CL-0269,MED_RUTF,79,10,55.3,4/26/2028,625,FALSE,FALSE,0.35,FALSE,proxy_synthetic
CL-0269,MED_F75,13,2,45.5,5/20/2027,283,FALSE,FALSE,0.31,TRUE,proxy_synthetic
CL-0269,MED_F100,1,2,3.5,7/1/2028,691,TRUE,FALSE,0.7,FALSE,proxy_synthetic
CL-0269,MED_THERAPEUTIC_FEED,18,2,63.0,10/10/2027,426,FALSE,FALSE,0.22,FALSE,proxy_synthetic
CL-0270,MED_ACT,47,13,25.3,4/9/2028,608,FALSE,FALSE,0.28,FALSE,proxy_synthetic
CL-0270,MED_RDT_MAL,25,32,5.5,9/8/2027,394,TRUE,FALSE,0.57,TRUE,proxy_synthetic
CL-0270,MED_DENGUE_SUP,25,7,25.0,12/31/2027,508,FALSE,FALSE,0.33,TRUE,proxy_synthetic
CL-0270,MED_RDT_DEN,64,9,49.8,5/10/2027,273,FALSE,FALSE,0.23,FALSE,proxy_synthetic
CL-0270,MED_ORS,100,13,53.8,9/5/2027,391,FALSE,FALSE,0.23,FALSE,proxy_synthetic
CL-0270,MED_CHOLERA_KIT,16,2,56.0,5/16/2027,279,FALSE,FALSE,0.27,FALSE,proxy_synthetic
CL-0270,VAC_OCV,18,5,25.2,10/9/2027,425,FALSE,FALSE,0.33,FALSE,proxy_synthetic
CL-0270,VAC_MEASLES,22,3,51.3,8/21/2027,376,FALSE,FALSE,0.3,TRUE,proxy_synthetic
CL-0270,VAC_OPV,14,5,19.6,11/14/2026,96,FALSE,TRUE,0.43,TRUE,proxy_synthetic
CL-0270,VAC_PENTA,22,3,51.3,11/28/2026,110,FALSE,TRUE,0.4,FALSE,proxy_synthetic
CL-0270,VAC_TT,6,2,21.0,12/6/2027,483,FALSE,FALSE,0.2,FALSE,proxy_synthetic
CL-0270,MED_ANTIVENOM,8,1,56.0,6/18/2027,312,FALSE,FALSE,0.27,FALSE,proxy_synthetic
CL-0270,MED_SNAKE_ANTIVENOM,8,1,56.0,1/30/2027,173,FALSE,TRUE,0.25,FALSE,proxy_synthetic
CL-0270,MED_SNAKE_WOUND,11,2,38.5,10/14/2027,430,FALSE,FALSE,0.26,FALSE,proxy_synthetic
CL-0270,MED_OXYTOCIN,8,2,28.0,7/13/2027,337,FALSE,FALSE,0.24,TRUE,proxy_synthetic
CL-0270,MED_METFORMIN,33,6,38.5,11/3/2027,450,FALSE,FALSE,0.2,FALSE,proxy_synthetic
CL-0270,MED_GLUCOSE,13,2,45.5,1/4/2027,147,FALSE,TRUE,0.3,TRUE,proxy_synthetic
CL-0270,MED_VIT_A,27,3,63.0,6/4/2027,298,FALSE,FALSE,0.2,TRUE,proxy_synthetic
CL-0270,MED_MUAC_KIT,5,1,35.0,12/20/2026,132,FALSE,TRUE,0.35,FALSE,proxy_synthetic
CL-0270,MED_ZINC_MAL,54,7,54.0,1/16/2027,159,FALSE,TRUE,0.24,FALSE,proxy_synthetic
CL-0271,MED_ACT,94,13,50.6,4/7/2028,606,FALSE,FALSE,0.28,TRUE,proxy_synthetic
CL-0271,MED_RDT_MAL,248,27,64.3,9/26/2027,412,FALSE,FALSE,0.24,FALSE,proxy_synthetic
CL-0271,MED_DENGUE_SUP,83,10,58.1,1/10/2028,518,FALSE,FALSE,0.23,FALSE,proxy_synthetic
CL-0271,MED_RDT_DEN,5,13,2.7,4/4/2027,237,TRUE,FALSE,0.8,FALSE,proxy_synthetic
CL-0271,MED_ORS,90,11,57.3,3/6/2028,574,FALSE,FALSE,0.28,TRUE,proxy_synthetic
CL-0271,MED_CHOLERA_KIT,1,2,3.5,3/18/2027,220,TRUE,FALSE,0.69,TRUE,proxy_synthetic
CL-0271,VAC_OCV,48,6,56.0,4/9/2028,608,FALSE,FALSE,0.2,FALSE,proxy_synthetic
CL-0271,VAC_MEASLES,22,4,38.5,5/5/2028,634,FALSE,FALSE,0.25,FALSE,proxy_synthetic
CL-0271,VAC_OPV,16,4,28.0,4/22/2027,255,FALSE,FALSE,0.3,FALSE,proxy_synthetic
CL-0271,VAC_PENTA,15,4,26.2,4/7/2028,606,FALSE,FALSE,0.28,FALSE,proxy_synthetic
CL-0271,VAC_TT,28,3,65.3,12/29/2026,141,FALSE,TRUE,0.33,FALSE,proxy_synthetic
CL-0271,MED_ANTIVENOM,8,1,56.0,7/22/2028,712,FALSE,FALSE,0.27,TRUE,proxy_synthetic
CL-0271,MED_SNAKE_ANTIVENOM,3,1,21.0,12/17/2027,494,FALSE,FALSE,0.35,FALSE,proxy_synthetic
CL-0271,MED_SNAKE_WOUND,17,2,59.5,1/7/2027,150,FALSE,TRUE,0.23,FALSE,proxy_synthetic
CL-0271,MED_OXYTOCIN,8,2,28.0,6/17/2027,311,FALSE,FALSE,0.31,FALSE,proxy_synthetic
CL-0271,MED_METFORMIN,2,5,2.8,10/18/2027,434,TRUE,FALSE,0.76,FALSE,proxy_synthetic
CL-0271,MED_GLUCOSE,13,2,45.5,2/26/2028,565,FALSE,FALSE,0.34,FALSE,proxy_synthetic
CL-0271,MED_VIT_A,30,4,52.5,12/29/2027,506,FALSE,FALSE,0.31,FALSE,proxy_synthetic
CL-0271,MED_MUAC_KIT,7,2,24.5,1/24/2027,167,FALSE,TRUE,0.23,FALSE,proxy_synthetic
CL-0271,MED_ZINC_MAL,5,7,5.0,6/26/2027,320,TRUE,FALSE,0.59,FALSE,proxy_synthetic
CL-0272,MED_ACT,60,17,24.7,1/23/2028,531,FALSE,FALSE,0.34,FALSE,proxy_synthetic
CL-0272,MED_RDT_MAL,105,32,23.0,5/29/2027,292,FALSE,FALSE,0.24,FALSE,proxy_synthetic
CL-0272,MED_DENGUE_SUP,74,10,51.8,3/11/2027,213,FALSE,FALSE,0.2,TRUE,proxy_synthetic
CL-0272,MED_RDT_DEN,128,14,64.0,12/25/2027,502,FALSE,FALSE,0.3,FALSE,proxy_synthetic
CL-0272,MED_ORS,112,13,60.3,5/30/2028,659,FALSE,FALSE,0.25,TRUE,proxy_synthetic
CL-0272,MED_CHOLERA_KIT,26,4,45.5,3/14/2028,582,FALSE,FALSE,0.22,FALSE,proxy_synthetic
CL-0272,VAC_OCV,37,9,28.8,4/26/2028,625,FALSE,FALSE,0.35,TRUE,proxy_synthetic
CL-0272,VAC_MEASLES,30,4,52.5,12/23/2027,500,FALSE,FALSE,0.34,TRUE,proxy_synthetic
CL-0272,VAC_OPV,41,6,47.8,5/24/2027,287,FALSE,FALSE,0.21,FALSE,proxy_synthetic
CL-0272,VAC_PENTA,27,5,37.8,8/12/2027,367,FALSE,FALSE,0.28,TRUE,proxy_synthetic
CL-0272,VAC_TT,28,4,49.0,4/15/2027,248,FALSE,FALSE,0.27,FALSE,proxy_synthetic
CL-0272,MED_ANTIVENOM,7,1,49.0,7/13/2028,703,FALSE,FALSE,0.23,FALSE,proxy_synthetic
CL-0272,MED_SNAKE_ANTIVENOM,1,2,3.5,7/14/2028,704,TRUE,FALSE,0.68,TRUE,proxy_synthetic
CL-0272,MED_SNAKE_WOUND,8,2,28.0,2/3/2028,542,FALSE,FALSE,0.2,FALSE,proxy_synthetic
CL-0272,MED_OXYTOCIN,7,2,24.5,1/1/2027,144,FALSE,TRUE,0.31,FALSE,proxy_synthetic
CL-0272,MED_METFORMIN,29,6,33.8,8/27/2027,382,FALSE,FALSE,0.31,FALSE,proxy_synthetic
CL-0272,MED_GLUCOSE,18,2,63.0,2/24/2028,563,FALSE,FALSE,0.26,TRUE,proxy_synthetic
CL-0272,MED_VIT_A,28,4,49.0,5/9/2027,272,FALSE,FALSE,0.29,TRUE,proxy_synthetic
CL-0272,MED_MUAC_KIT,1,2,3.5,11/10/2026,92,TRUE,TRUE,0.82,FALSE,proxy_synthetic
CL-0272,MED_ZINC_MAL,35,7,35.0,3/1/2028,569,FALSE,FALSE,0.35,TRUE,proxy_synthetic
CL-0273,MED_ACT,7,17,2.9,4/14/2027,247,TRUE,FALSE,0.76,FALSE,proxy_synthetic
CL-0273,MED_RDT_MAL,189,24,55.1,11/17/2027,464,FALSE,FALSE,0.32,TRUE,proxy_synthetic
CL-0273,MED_DENGUE_SUP,30,7,30.0,4/6/2027,239,FALSE,FALSE,0.3,FALSE,proxy_synthetic
CL-0273,MED_RDT_DEN,99,12,57.8,7/22/2027,346,FALSE,FALSE,0.26,FALSE,proxy_synthetic
CL-0273,MED_ORS,91,10,63.7,2/10/2028,549,FALSE,FALSE,0.29,FALSE,proxy_synthetic
CL-0273,MED_CHOLERA_KIT,14,2,49.0,3/11/2027,213,FALSE,FALSE,0.24,FALSE,proxy_synthetic
CL-0273,VAC_OCV,34,7,34.0,11/27/2026,109,FALSE,TRUE,0.4,FALSE,proxy_synthetic
CL-0273,VAC_MEASLES,32,4,56.0,4/7/2028,606,FALSE,FALSE,0.23,TRUE,proxy_synthetic
CL-0273,VAC_OPV,26,4,45.5,4/13/2027,246,FALSE,FALSE,0.32,TRUE,proxy_synthetic
CL-0273,VAC_PENTA,32,4,56.0,9/13/2027,399,FALSE,FALSE,0.3,FALSE,proxy_synthetic
CL-0273,VAC_TT,17,2,59.5,6/11/2027,305,FALSE,FALSE,0.3,TRUE,proxy_synthetic
CL-0273,MED_ANTIVENOM,5,1,35.0,10/22/2026,73,FALSE,TRUE,0.49,FALSE,proxy_synthetic
CL-0273,MED_SNAKE_ANTIVENOM,9,1,63.0,1/3/2027,146,FALSE,TRUE,0.33,TRUE,proxy_synthetic
CL-0273,MED_SNAKE_WOUND,4,1,28.0,3/26/2027,228,FALSE,FALSE,0.27,FALSE,proxy_synthetic
CL-0273,MED_OXYTOCIN,1,2,3.5,12/25/2026,137,TRUE,TRUE,0.81,FALSE,proxy_synthetic
CL-0273,MED_METFORMIN,45,6,52.5,6/25/2028,685,FALSE,FALSE,0.32,FALSE,proxy_synthetic
CL-0273,MED_GLUCOSE,8,2,28.0,5/30/2027,293,FALSE,FALSE,0.34,TRUE,proxy_synthetic
CL-0273,MED_VIT_A,26,3,60.7,2/8/2028,547,FALSE,FALSE,0.27,FALSE,proxy_synthetic
CL-0273,MED_MUAC_KIT,1,2,3.5,11/17/2027,464,TRUE,FALSE,0.68,FALSE,proxy_synthetic
CL-0273,MED_ZINC_MAL,77,9,59.9,4/10/2027,243,FALSE,FALSE,0.23,TRUE,proxy_synthetic
CL-0274,MED_ACT,531,70,53.1,10/19/2026,70,FALSE,TRUE,0.54,FALSE,proxy_synthetic
CL-0274,MED_RDT_MAL,536,100,37.5,8/15/2027,370,FALSE,FALSE,0.25,FALSE,proxy_synthetic
CL-0274,MED_DENGUE_SUP,313,38,57.7,10/9/2027,425,FALSE,FALSE,0.2,FALSE,proxy_synthetic
CL-0274,MED_RDT_DEN,228,63,25.3,12/17/2027,494,FALSE,FALSE,0.35,TRUE,proxy_synthetic
CL-0274,MED_ORS,336,59,39.9,11/19/2027,466,FALSE,FALSE,0.34,TRUE,proxy_synthetic
CL-0274,MED_CHOLERA_KIT,94,13,50.6,8/14/2027,369,FALSE,FALSE,0.27,FALSE,proxy_synthetic
CL-0274,VAC_OCV,85,24,24.8,11/13/2027,460,FALSE,FALSE,0.27,FALSE,proxy_synthetic
CL-0274,VAC_MEASLES,109,18,42.4,5/16/2027,279,FALSE,FALSE,0.32,TRUE,proxy_synthetic
CL-0274,VAC_OPV,146,20,51.1,4/12/2027,245,FALSE,FALSE,0.27,TRUE,proxy_synthetic
CL-0274,VAC_PENTA,104,15,48.5,3/25/2027,227,FALSE,FALSE,0.26,FALSE,proxy_synthetic
CL-0274,VAC_TT,3,15,1.4,7/18/2028,708,TRUE,FALSE,0.87,FALSE,proxy_synthetic
CL-0274,MED_ANTIVENOM,25,3,58.3,1/31/2028,539,FALSE,FALSE,0.22,FALSE,proxy_synthetic
CL-0274,MED_SNAKE_ANTIVENOM,15,4,26.2,7/22/2027,346,FALSE,FALSE,0.28,FALSE,proxy_synthetic
CL-0274,MED_SNAKE_WOUND,39,9,30.3,4/20/2028,619,FALSE,FALSE,0.21,FALSE,proxy_synthetic
CL-0274,MED_OXYTOCIN,48,11,30.5,11/30/2026,112,FALSE,TRUE,0.41,TRUE,proxy_synthetic
CL-0274,MED_METFORMIN,137,26,36.9,5/1/2027,264,FALSE,FALSE,0.23,FALSE,proxy_synthetic
CL-0274,MED_GLUCOSE,35,12,20.4,4/8/2027,241,FALSE,FALSE,0.23,FALSE,proxy_synthetic
CL-0274,MED_VIT_A,100,18,38.9,3/3/2028,571,FALSE,FALSE,0.3,FALSE,proxy_synthetic
CL-0274,MED_MUAC_KIT,5,6,5.8,1/27/2027,170,TRUE,TRUE,0.64,TRUE,proxy_synthetic
CL-0274,MED_ZINC_MAL,145,29,35.0,3/15/2027,217,FALSE,FALSE,0.21,FALSE,proxy_synthetic
CL-0274,VAC_HEPB,57,8,49.9,7/1/2027,325,FALSE,FALSE,0.3,TRUE,proxy_synthetic
CL-0274,VAC_BCG,34,9,26.4,10/29/2027,445,FALSE,FALSE,0.34,FALSE,proxy_synthetic
CL-0274,VAC_MR,78,11,49.6,5/11/2028,640,FALSE,FALSE,0.25,TRUE,proxy_synthetic
CL-0274,MED_TETANUS,50,6,58.3,3/16/2028,584,FALSE,FALSE,0.24,FALSE,proxy_synthetic
CL-0274,MED_DIABETES_INSULIN,57,8,49.9,3/13/2028,581,FALSE,FALSE,0.3,TRUE,proxy_synthetic
CL-0274,MED_GLIBENCLAMIDE,50,15,23.3,6/25/2027,319,FALSE,FALSE,0.24,FALSE,proxy_synthetic
CL-0274,MED_GLUCAGON,6,2,21.0,6/10/2027,304,FALSE,FALSE,0.27,FALSE,proxy_synthetic
CL-0274,MED_RUTF,83,15,38.7,3/18/2028,586,FALSE,FALSE,0.31,FALSE,proxy_synthetic
CL-0274,MED_F75,31,5,43.4,5/31/2028,660,FALSE,FALSE,0.32,TRUE,proxy_synthetic
CL-0274,MED_F100,31,4,54.2,10/23/2027,439,FALSE,FALSE,0.29,TRUE,proxy_synthetic
CL-0274,MED_THERAPEUTIC_FEED,30,4,52.5,4/17/2027,250,FALSE,FALSE,0.24,FALSE,proxy_synthetic
CL-0275,MED_ACT,17,25,4.8,9/24/2027,410,TRUE,FALSE,0.61,FALSE,proxy_synthetic
CL-0275,MED_RDT_MAL,163,38,30.0,9/4/2027,390,FALSE,FALSE,0.29,FALSE,proxy_synthetic
CL-0275,MED_DENGUE_SUP,59,14,29.5,7/23/2027,347,FALSE,FALSE,0.29,TRUE,proxy_synthetic
CL-0275,MED_RDT_DEN,50,17,20.6,7/1/2027,325,FALSE,FALSE,0.3,TRUE,proxy_synthetic
CL-0275,MED_ORS,125,23,38.0,12/19/2027,496,FALSE,FALSE,0.35,FALSE,proxy_synthetic
CL-0275,MED_CHOLERA_KIT,17,4,29.8,9/30/2027,416,FALSE,FALSE,0.28,TRUE,proxy_synthetic
CL-0275,VAC_OCV,101,14,50.5,2/17/2028,556,FALSE,FALSE,0.33,TRUE,proxy_synthetic
CL-0275,VAC_MEASLES,25,7,25.0,7/19/2027,343,FALSE,FALSE,0.25,FALSE,proxy_synthetic
CL-0275,VAC_OPV,21,8,18.4,4/17/2027,250,FALSE,FALSE,0.32,FALSE,proxy_synthetic
CL-0275,VAC_PENTA,41,7,41.0,5/13/2028,642,FALSE,FALSE,0.31,TRUE,proxy_synthetic
CL-0275,VAC_TT,18,4,31.5,7/18/2027,342,FALSE,FALSE,0.31,FALSE,proxy_synthetic
CL-0275,MED_ANTIVENOM,1,2,3.5,10/30/2027,446,TRUE,FALSE,0.74,FALSE,proxy_synthetic
CL-0275,MED_SNAKE_ANTIVENOM,17,2,59.5,11/29/2026,111,FALSE,TRUE,0.42,FALSE,proxy_synthetic
CL-0275,MED_SNAKE_WOUND,24,3,56.0,5/22/2027,285,FALSE,FALSE,0.32,TRUE,proxy_synthetic
CL-0275,MED_OXYTOCIN,16,3,37.3,11/22/2027,469,FALSE,FALSE,0.29,FALSE,proxy_synthetic
CL-0275,MED_METFORMIN,57,10,39.9,8/25/2027,380,FALSE,FALSE,0.24,FALSE,proxy_synthetic
CL-0275,MED_GLUCOSE,1,4,1.8,12/21/2026,133,TRUE,TRUE,0.96,FALSE,proxy_synthetic
CL-0275,MED_VIT_A,52,6,60.7,7/17/2028,707,FALSE,FALSE,0.27,FALSE,proxy_synthetic
CL-0275,MED_MUAC_KIT,28,3,65.3,7/16/2027,340,FALSE,FALSE,0.33,FALSE,proxy_synthetic
CL-0275,MED_ZINC_MAL,44,10,30.8,8/3/2027,358,FALSE,FALSE,0.24,FALSE,proxy_synthetic
CL-0276,MED_ACT,93,19,34.3,1/22/2027,165,FALSE,TRUE,0.27,FALSE,proxy_synthetic
CL-0276,MED_RDT_MAL,25,32,5.5,3/28/2027,230,TRUE,FALSE,0.56,FALSE,proxy_synthetic
CL-0276,MED_DENGUE_SUP,63,13,33.9,3/18/2027,220,FALSE,FALSE,0.25,TRUE,proxy_synthetic
CL-0276,MED_RDT_DEN,3,15,1.4,6/9/2027,303,TRUE,FALSE,0.87,FALSE,proxy_synthetic
CL-0276,MED_ORS,174,20,60.9,6/19/2028,679,FALSE,FALSE,0.21,FALSE,proxy_synthetic
CL-0276,MED_CHOLERA_KIT,23,4,40.2,10/3/2027,419,FALSE,FALSE,0.33,FALSE,proxy_synthetic
CL-0276,VAC_OCV,32,8,28.0,11/9/2027,456,FALSE,FALSE,0.33,FALSE,proxy_synthetic
CL-0276,VAC_MEASLES,14,5,19.6,4/16/2027,249,FALSE,FALSE,0.3,FALSE,proxy_synthetic
CL-0276,VAC_OPV,42,7,42.0,4/25/2027,258,FALSE,FALSE,0.25,FALSE,proxy_synthetic
CL-0276,VAC_PENTA,15,4,26.2,2/11/2028,550,FALSE,FALSE,0.23,TRUE,proxy_synthetic
CL-0276,VAC_TT,30,5,42.0,10/18/2027,434,FALSE,FALSE,0.21,FALSE,proxy_synthetic
CL-0276,MED_ANTIVENOM,5,1,35.0,1/15/2028,523,FALSE,FALSE,0.31,TRUE,proxy_synthetic
CL-0276,MED_SNAKE_ANTIVENOM,7,1,49.0,8/3/2027,358,FALSE,FALSE,0.33,FALSE,proxy_synthetic
CL-0276,MED_SNAKE_WOUND,1,2,3.5,5/2/2028,631,TRUE,FALSE,0.73,FALSE,proxy_synthetic
CL-0276,MED_OXYTOCIN,24,3,56.0,5/31/2027,294,FALSE,FALSE,0.31,FALSE,proxy_synthetic
CL-0276,MED_METFORMIN,36,7,36.0,8/7/2027,362,FALSE,FALSE,0.32,FALSE,proxy_synthetic
CL-0276,MED_GLUCOSE,14,4,24.5,3/5/2028,573,FALSE,FALSE,0.32,TRUE,proxy_synthetic
CL-0276,MED_VIT_A,20,4,35.0,11/7/2026,89,FALSE,TRUE,0.53,FALSE,proxy_synthetic
CL-0276,MED_MUAC_KIT,11,2,38.5,1/5/2027,148,FALSE,TRUE,0.3,FALSE,proxy_synthetic
CL-0276,MED_ZINC_MAL,49,12,28.6,9/4/2027,390,FALSE,FALSE,0.33,FALSE,proxy_synthetic
CL-0277,MED_ACT,1264,218,40.6,10/7/2027,423,FALSE,FALSE,0.23,FALSE,proxy_synthetic
CL-0277,MED_RDT_MAL,2346,418,39.3,11/7/2027,454,FALSE,FALSE,0.21,FALSE,proxy_synthetic
CL-0277,MED_DENGUE_SUP,708,109,45.5,12/24/2027,501,FALSE,FALSE,0.32,TRUE,proxy_synthetic
CL-0277,MED_RDT_DEN,587,158,26.0,12/19/2027,496,FALSE,FALSE,0.27,FALSE,proxy_synthetic
CL-0277,MED_ORS,642,150,30.0,7/22/2028,712,FALSE,FALSE,0.25,FALSE,proxy_synthetic
CL-0277,MED_CHOLERA_KIT,320,43,52.1,6/28/2027,322,FALSE,FALSE,0.29,FALSE,proxy_synthetic
CL-0277,VAC_OCV,292,103,19.8,11/28/2026,110,FALSE,TRUE,0.43,FALSE,proxy_synthetic
CL-0277,VAC_MEASLES,302,44,48.0,9/24/2027,410,FALSE,FALSE,0.3,TRUE,proxy_synthetic
CL-0277,VAC_OPV,473,56,59.1,3/10/2027,212,FALSE,FALSE,0.34,FALSE,proxy_synthetic
CL-0277,VAC_PENTA,387,51,53.1,3/15/2028,583,FALSE,FALSE,0.23,FALSE,proxy_synthetic
CL-0277,VAC_TT,25,42,4.2,1/13/2028,521,TRUE,FALSE,0.66,FALSE,proxy_synthetic
CL-0277,MED_ANTIVENOM,22,8,19.2,10/13/2027,429,FALSE,FALSE,0.22,FALSE,proxy_synthetic
CL-0277,MED_SNAKE_ANTIVENOM,82,10,57.4,7/30/2027,354,FALSE,FALSE,0.22,FALSE,proxy_synthetic
CL-0277,MED_SNAKE_WOUND,10,20,3.5,4/8/2027,241,TRUE,FALSE,0.73,TRUE,proxy_synthetic
CL-0277,MED_OXYTOCIN,80,29,19.3,1/3/2027,146,FALSE,TRUE,0.33,FALSE,proxy_synthetic
CL-0277,MED_METFORMIN,198,56,24.8,9/8/2027,394,FALSE,FALSE,0.28,TRUE,proxy_synthetic
CL-0277,MED_GLUCOSE,352,38,64.8,12/28/2026,140,FALSE,TRUE,0.34,TRUE,proxy_synthetic
CL-0277,MED_VIT_A,179,46,27.2,3/19/2027,221,FALSE,FALSE,0.3,FALSE,proxy_synthetic
CL-0277,MED_MUAC_KIT,49,16,21.4,9/21/2027,407,FALSE,FALSE,0.29,FALSE,proxy_synthetic
CL-0277,MED_ZINC_MAL,596,92,45.3,9/7/2027,393,FALSE,FALSE,0.27,FALSE,proxy_synthetic
CL-0277,VAC_HEPB,126,25,35.3,8/17/2027,372,FALSE,FALSE,0.3,FALSE,proxy_synthetic
CL-0277,VAC_BCG,204,30,47.6,8/5/2027,360,FALSE,FALSE,0.25,FALSE,proxy_synthetic
CL-0277,VAC_MR,234,37,44.3,6/21/2028,681,FALSE,FALSE,0.3,TRUE,proxy_synthetic
CL-0277,MED_TETANUS,67,19,24.7,6/21/2028,681,FALSE,FALSE,0.33,FALSE,proxy_synthetic
CL-0277,MED_DIABETES_INSULIN,194,25,54.3,12/25/2026,137,FALSE,TRUE,0.32,TRUE,proxy_synthetic
CL-0277,MED_GLIBENCLAMIDE,141,37,26.7,6/19/2028,679,FALSE,FALSE,0.27,FALSE,proxy_synthetic
CL-0277,MED_GLUCAGON,1,4,1.8,2/3/2028,542,TRUE,FALSE,0.82,FALSE,proxy_synthetic
CL-0277,MED_RUTF,211,35,42.2,5/18/2027,281,FALSE,FALSE,0.34,TRUE,proxy_synthetic
CL-0277,MED_F75,55,13,29.6,4/23/2027,256,FALSE,FALSE,0.23,FALSE,proxy_synthetic
CL-0277,MED_F100,105,14,52.5,6/16/2027,310,FALSE,FALSE,0.32,TRUE,proxy_synthetic
CL-0277,MED_THERAPEUTIC_FEED,35,13,18.8,6/4/2027,298,FALSE,FALSE,0.31,FALSE,proxy_synthetic
CL-0278,MED_ACT,212,26,57.1,11/2/2027,449,FALSE,FALSE,0.25,FALSE,proxy_synthetic
CL-0278,MED_RDT_MAL,387,48,56.4,5/28/2027,291,FALSE,FALSE,0.22,FALSE,proxy_synthetic
CL-0278,MED_DENGUE_SUP,4,12,2.3,12/14/2026,126,TRUE,TRUE,0.91,TRUE,proxy_synthetic
CL-0278,MED_RDT_DEN,146,16,63.9,8/11/2027,366,FALSE,FALSE,0.26,TRUE,proxy_synthetic
CL-0278,MED_ORS,115,17,47.4,6/11/2028,671,FALSE,FALSE,0.26,FALSE,proxy_synthetic
CL-0278,MED_CHOLERA_KIT,32,4,56.0,10/23/2026,74,FALSE,TRUE,0.48,TRUE,proxy_synthetic
CL-0278,VAC_OCV,5,9,3.9,4/19/2027,252,TRUE,FALSE,0.68,FALSE,proxy_synthetic
CL-0278,VAC_MEASLES,3,5,4.2,4/3/2027,236,TRUE,FALSE,0.67,FALSE,proxy_synthetic
CL-0278,VAC_OPV,3,7,3.0,6/25/2027,319,TRUE,FALSE,0.76,FALSE,proxy_synthetic
CL-0278,VAC_PENTA,17,6,19.8,12/28/2026,140,FALSE,TRUE,0.33,TRUE,proxy_synthetic
CL-0278,VAC_TT,40,5,56.0,10/23/2027,439,FALSE,FALSE,0.22,FALSE,proxy_synthetic
CL-0278,MED_ANTIVENOM,6,1,42.0,7/23/2028,713,FALSE,FALSE,0.31,FALSE,proxy_synthetic
CL-0278,MED_SNAKE_ANTIVENOM,3,1,21.0,2/28/2028,567,FALSE,FALSE,0.34,TRUE,proxy_synthetic
CL-0278,MED_SNAKE_WOUND,15,2,52.5,8/21/2027,376,FALSE,FALSE,0.33,TRUE,proxy_synthetic
CL-0278,MED_OXYTOCIN,8,3,18.7,7/11/2027,335,FALSE,FALSE,0.34,TRUE,proxy_synthetic
CL-0278,MED_METFORMIN,4,8,3.5,12/1/2027,478,TRUE,FALSE,0.71,FALSE,proxy_synthetic
CL-0278,MED_GLUCOSE,29,4,50.8,5/25/2028,654,FALSE,FALSE,0.27,TRUE,proxy_synthetic
CL-0278,MED_VIT_A,28,7,28.0,5/12/2028,641,FALSE,FALSE,0.3,FALSE,proxy_synthetic
CL-0278,MED_MUAC_KIT,1,2,3.5,3/27/2028,595,TRUE,FALSE,0.69,FALSE,proxy_synthetic
CL-0278,MED_ZINC_MAL,84,11,53.5,7/22/2028,712,FALSE,FALSE,0.34,FALSE,proxy_synthetic
CL-0279,MED_ACT,225,29,54.3,11/26/2026,108,FALSE,TRUE,0.41,FALSE,proxy_synthetic
CL-0279,MED_RDT_MAL,418,50,58.5,7/12/2027,336,FALSE,FALSE,0.29,FALSE,proxy_synthetic
CL-0279,MED_DENGUE_SUP,61,15,28.5,3/18/2027,220,FALSE,FALSE,0.22,FALSE,proxy_synthetic
CL-0279,MED_RDT_DEN,2,24,0.6,12/16/2027,493,TRUE,FALSE,0.93,FALSE,proxy_synthetic
CL-0279,MED_ORS,85,20,29.8,6/28/2027,322,FALSE,FALSE,0.2,FALSE,proxy_synthetic
CL-0279,MED_CHOLERA_KIT,29,5,40.6,2/19/2028,558,FALSE,FALSE,0.3,FALSE,proxy_synthetic
CL-0279,VAC_OCV,59,14,29.5,3/8/2028,576,FALSE,FALSE,0.33,FALSE,proxy_synthetic
CL-0279,VAC_MEASLES,29,6,33.8,2/17/2028,556,FALSE,FALSE,0.3,FALSE,proxy_synthetic
CL-0279,VAC_OPV,42,9,32.7,4/6/2027,239,FALSE,FALSE,0.32,FALSE,proxy_synthetic
CL-0279,VAC_PENTA,81,9,63.0,11/23/2027,470,FALSE,FALSE,0.22,FALSE,proxy_synthetic
CL-0279,VAC_TT,52,6,60.7,11/16/2027,463,FALSE,FALSE,0.26,FALSE,proxy_synthetic
CL-0279,MED_ANTIVENOM,4,1,28.0,11/9/2026,91,FALSE,TRUE,0.46,FALSE,proxy_synthetic
CL-0279,MED_SNAKE_ANTIVENOM,16,2,56.0,3/23/2028,591,FALSE,FALSE,0.34,TRUE,proxy_synthetic
CL-0279,MED_SNAKE_WOUND,9,3,21.0,11/5/2026,87,FALSE,TRUE,0.48,FALSE,proxy_synthetic
CL-0279,MED_OXYTOCIN,17,3,39.7,5/8/2027,271,FALSE,FALSE,0.25,FALSE,proxy_synthetic
CL-0279,MED_METFORMIN,7,11,4.5,4/19/2027,252,TRUE,FALSE,0.61,FALSE,proxy_synthetic
CL-0279,MED_GLUCOSE,51,6,59.5,12/12/2026,124,FALSE,TRUE,0.37,TRUE,proxy_synthetic
CL-0279,MED_VIT_A,58,7,58.0,4/17/2027,250,FALSE,FALSE,0.28,TRUE,proxy_synthetic
CL-0279,MED_MUAC_KIT,1,3,2.3,1/28/2028,536,TRUE,FALSE,0.79,TRUE,proxy_synthetic
CL-0279,MED_ZINC_MAL,72,17,29.6,7/18/2027,342,FALSE,FALSE,0.33,FALSE,proxy_synthetic
CL-0280,MED_ACT,505,90,39.3,4/14/2028,613,FALSE,FALSE,0.23,FALSE,proxy_synthetic
CL-0280,MED_RDT_MAL,782,167,32.8,12/2/2027,479,FALSE,FALSE,0.25,FALSE,proxy_synthetic
CL-0280,MED_DENGUE_SUP,40,49,5.7,4/6/2027,239,TRUE,FALSE,0.56,FALSE,proxy_synthetic
CL-0280,MED_RDT_DEN,31,69,3.1,5/16/2027,279,TRUE,FALSE,0.71,FALSE,proxy_synthetic
CL-0280,MED_ORS,204,63,22.7,7/19/2028,709,FALSE,FALSE,0.27,FALSE,proxy_synthetic
CL-0280,MED_CHOLERA_KIT,54,13,29.1,4/4/2028,603,FALSE,FALSE,0.21,FALSE,proxy_synthetic
CL-0280,VAC_OCV,117,43,19.0,6/13/2027,307,FALSE,FALSE,0.2,FALSE,proxy_synthetic
CL-0280,VAC_MEASLES,184,21,61.3,12/5/2027,482,FALSE,FALSE,0.21,FALSE,proxy_synthetic
CL-0280,VAC_OPV,240,28,60.0,3/11/2027,213,FALSE,FALSE,0.24,FALSE,proxy_synthetic
CL-0280,VAC_PENTA,152,18,59.1,4/17/2028,616,FALSE,FALSE,0.21,FALSE,proxy_synthetic
CL-0280,VAC_TT,90,14,45.0,12/31/2027,508,FALSE,FALSE,0.33,TRUE,proxy_synthetic
CL-0280,MED_ANTIVENOM,20,4,35.0,3/29/2028,597,FALSE,FALSE,0.26,FALSE,proxy_synthetic
CL-0280,MED_SNAKE_ANTIVENOM,3,4,5.2,5/16/2028,645,TRUE,FALSE,0.58,FALSE,proxy_synthetic
CL-0280,MED_SNAKE_WOUND,46,8,40.2,3/13/2027,215,FALSE,FALSE,0.2,FALSE,proxy_synthetic
CL-0280,MED_OXYTOCIN,102,12,59.5,4/11/2027,244,FALSE,FALSE,0.35,TRUE,proxy_synthetic
CL-0280,MED_METFORMIN,219,28,54.8,8/20/2027,375,FALSE,FALSE,0.23,FALSE,proxy_synthetic
CL-0280,MED_GLUCOSE,44,11,28.0,5/31/2027,294,FALSE,FALSE,0.24,FALSE,proxy_synthetic
CL-0280,MED_VIT_A,158,22,50.3,4/1/2027,234,FALSE,FALSE,0.21,TRUE,proxy_synthetic
CL-0280,MED_MUAC_KIT,31,9,24.1,8/2/2027,357,FALSE,FALSE,0.3,FALSE,proxy_synthetic
CL-0280,MED_ZINC_MAL,217,52,29.2,6/1/2028,661,FALSE,FALSE,0.32,FALSE,proxy_synthetic
CL-0280,VAC_HEPB,65,9,50.6,6/3/2027,297,FALSE,FALSE,0.31,FALSE,proxy_synthetic
CL-0280,VAC_BCG,118,16,51.6,4/4/2028,603,FALSE,FALSE,0.33,FALSE,proxy_synthetic
CL-0280,VAC_MR,44,12,25.7,10/30/2027,446,FALSE,FALSE,0.25,FALSE,proxy_synthetic
CL-0280,MED_TETANUS,24,7,24.0,6/9/2028,669,FALSE,FALSE,0.26,FALSE,proxy_synthetic
CL-0280,MED_DIABETES_INSULIN,66,9,51.3,10/19/2026,70,FALSE,TRUE,0.5,FALSE,proxy_synthetic
CL-0280,MED_GLIBENCLAMIDE,210,25,58.8,7/16/2028,706,FALSE,FALSE,0.3,FALSE,proxy_synthetic
CL-0280,MED_GLUCAGON,1,2,3.5,1/3/2027,146,TRUE,TRUE,0.77,FALSE,proxy_synthetic
CL-0280,MED_RUTF,118,16,51.6,10/22/2026,73,FALSE,TRUE,0.54,FALSE,proxy_synthetic
CL-0280,MED_F75,3,5,4.2,8/7/2027,362,TRUE,FALSE,0.66,FALSE,proxy_synthetic
CL-0280,MED_F100,31,4,54.2,12/6/2027,483,FALSE,FALSE,0.3,FALSE,proxy_synthetic
CL-0280,MED_THERAPEUTIC_FEED,56,6,65.3,7/5/2028,695,FALSE,FALSE,0.28,FALSE,proxy_synthetic
CL-0281,MED_ACT,44,15,20.5,5/24/2028,653,FALSE,FALSE,0.29,FALSE,proxy_synthetic
CL-0281,MED_RDT_MAL,80,22,25.5,10/25/2027,441,FALSE,FALSE,0.28,TRUE,proxy_synthetic
CL-0281,MED_DENGUE_SUP,58,11,36.9,9/5/2027,391,FALSE,FALSE,0.29,FALSE,proxy_synthetic
CL-0281,MED_RDT_DEN,5,11,3.2,10/17/2027,433,TRUE,FALSE,0.72,TRUE,proxy_synthetic
CL-0281,MED_ORS,104,15,48.5,4/10/2027,243,FALSE,FALSE,0.25,FALSE,proxy_synthetic
CL-0281,MED_CHOLERA_KIT,10,3,23.3,4/25/2028,624,FALSE,FALSE,0.23,FALSE,proxy_synthetic
CL-0281,VAC_OCV,46,6,53.7,3/19/2027,221,FALSE,FALSE,0.21,TRUE,proxy_synthetic
CL-0281,VAC_MEASLES,2,4,3.5,10/3/2027,419,TRUE,FALSE,0.7,FALSE,proxy_synthetic
CL-0281,VAC_OPV,14,5,19.6,6/23/2027,317,FALSE,FALSE,0.31,FALSE,proxy_synthetic
CL-0281,VAC_PENTA,18,4,31.5,5/25/2027,288,FALSE,FALSE,0.3,FALSE,proxy_synthetic
CL-0281,VAC_TT,25,3,58.3,6/7/2027,301,FALSE,FALSE,0.26,TRUE,proxy_synthetic
CL-0281,MED_ANTIVENOM,8,1,56.0,9/28/2027,414,FALSE,FALSE,0.27,FALSE,proxy_synthetic
CL-0281,MED_SNAKE_ANTIVENOM,3,1,21.0,5/30/2027,293,FALSE,FALSE,0.22,FALSE,proxy_synthetic
CL-0281,MED_SNAKE_WOUND,5,1,35.0,4/28/2028,627,FALSE,FALSE,0.23,FALSE,proxy_synthetic
CL-0281,MED_OXYTOCIN,4,1,28.0,9/23/2027,409,FALSE,FALSE,0.35,TRUE,proxy_synthetic
CL-0281,MED_METFORMIN,26,5,36.4,7/18/2027,342,FALSE,FALSE,0.23,FALSE,proxy_synthetic
CL-0281,MED_GLUCOSE,8,3,18.7,4/3/2028,602,FALSE,FALSE,0.35,FALSE,proxy_synthetic
CL-0281,MED_VIT_A,31,4,54.2,7/4/2027,328,FALSE,FALSE,0.21,FALSE,proxy_synthetic
CL-0281,MED_MUAC_KIT,6,1,42.0,9/14/2027,400,FALSE,FALSE,0.22,FALSE,proxy_synthetic
CL-0281,MED_ZINC_MAL,39,6,45.5,4/9/2027,242,FALSE,FALSE,0.32,FALSE,proxy_synthetic
CL-0282,MED_ACT,167,19,61.5,6/15/2028,675,FALSE,FALSE,0.23,FALSE,proxy_synthetic
CL-0282,MED_RDT_MAL,93,27,24.1,6/29/2027,323,FALSE,FALSE,0.26,FALSE,proxy_synthetic
CL-0282,MED_DENGUE_SUP,42,12,24.5,11/28/2027,475,FALSE,FALSE,0.23,FALSE,proxy_synthetic
CL-0282,MED_RDT_DEN,44,11,28.0,1/13/2027,156,FALSE,TRUE,0.24,FALSE,proxy_synthetic
CL-0282,MED_ORS,125,17,51.5,12/13/2026,125,FALSE,TRUE,0.35,TRUE,proxy_synthetic
CL-0282,MED_CHOLERA_KIT,3,4,5.2,11/2/2026,84,TRUE,TRUE,0.68,FALSE,proxy_synthetic
CL-0282,VAC_OCV,32,8,28.0,9/23/2027,409,FALSE,FALSE,0.31,TRUE,proxy_synthetic
CL-0282,VAC_MEASLES,25,4,43.8,7/21/2027,345,FALSE,FALSE,0.23,TRUE,proxy_synthetic
CL-0282,VAC_OPV,34,5,47.6,6/9/2027,303,FALSE,FALSE,0.22,FALSE,proxy_synthetic
CL-0282,VAC_PENTA,11,4,19.2,1/16/2028,524,FALSE,FALSE,0.24,FALSE,proxy_synthetic
CL-0282,VAC_TT,24,3,56.0,11/22/2026,104,FALSE,TRUE,0.45,FALSE,proxy_synthetic
CL-0282,MED_ANTIVENOM,7,1,49.0,11/13/2026,95,FALSE,TRUE,0.43,FALSE,proxy_synthetic
CL-0282,MED_SNAKE_ANTIVENOM,9,1,63.0,12/3/2027,480,FALSE,FALSE,0.25,TRUE,proxy_synthetic
CL-0282,MED_SNAKE_WOUND,18,2,63.0,4/26/2028,625,FALSE,FALSE,0.21,FALSE,proxy_synthetic
CL-0282,MED_OXYTOCIN,17,2,59.5,11/22/2027,469,FALSE,FALSE,0.23,TRUE,proxy_synthetic
CL-0282,MED_METFORMIN,1,7,1.0,9/18/2027,404,TRUE,FALSE,0.93,FALSE,proxy_synthetic
CL-0282,MED_GLUCOSE,24,3,56.0,2/23/2028,562,FALSE,FALSE,0.31,TRUE,proxy_synthetic
CL-0282,MED_VIT_A,25,3,58.3,12/4/2027,481,FALSE,FALSE,0.3,FALSE,proxy_synthetic
CL-0282,MED_MUAC_KIT,18,2,63.0,11/7/2027,454,FALSE,FALSE,0.33,FALSE,proxy_synthetic
CL-0282,MED_ZINC_MAL,38,9,29.6,9/9/2027,395,FALSE,FALSE,0.29,FALSE,proxy_synthetic
CL-0283,MED_ACT,134,35,26.8,10/29/2027,445,FALSE,FALSE,0.23,TRUE,proxy_synthetic
CL-0283,MED_RDT_MAL,365,87,29.4,6/10/2027,304,FALSE,FALSE,0.29,FALSE,proxy_synthetic
CL-0283,MED_DENGUE_SUP,181,27,46.9,6/6/2027,300,FALSE,FALSE,0.23,FALSE,proxy_synthetic
CL-0283,MED_RDT_DEN,193,36,37.5,9/29/2027,415,FALSE,FALSE,0.26,TRUE,proxy_synthetic
CL-0283,MED_ORS,95,34,19.6,5/21/2028,650,FALSE,FALSE,0.2,TRUE,proxy_synthetic
CL-0283,MED_CHOLERA_KIT,43,11,27.4,6/27/2027,321,FALSE,FALSE,0.31,TRUE,proxy_synthetic
CL-0283,VAC_OCV,142,25,39.8,4/24/2028,623,FALSE,FALSE,0.23,FALSE,proxy_synthetic
CL-0283,VAC_MEASLES,48,11,30.5,7/9/2028,699,FALSE,FALSE,0.26,FALSE,proxy_synthetic
CL-0283,VAC_OPV,50,18,19.4,12/13/2026,125,FALSE,TRUE,0.33,FALSE,proxy_synthetic
CL-0283,VAC_PENTA,117,14,58.5,11/15/2026,97,FALSE,TRUE,0.45,FALSE,proxy_synthetic
CL-0283,VAC_TT,85,10,59.5,6/19/2027,313,FALSE,FALSE,0.27,FALSE,proxy_synthetic
CL-0283,MED_ANTIVENOM,6,2,21.0,4/22/2028,621,FALSE,FALSE,0.32,FALSE,proxy_synthetic
CL-0283,MED_SNAKE_ANTIVENOM,6,2,21.0,6/23/2028,683,FALSE,FALSE,0.32,FALSE,proxy_synthetic
CL-0283,MED_SNAKE_WOUND,16,5,22.4,3/30/2028,598,FALSE,FALSE,0.32,FALSE,proxy_synthetic
CL-0283,MED_OXYTOCIN,49,6,57.2,11/10/2027,457,FALSE,FALSE,0.23,FALSE,proxy_synthetic
CL-0283,MED_METFORMIN,100,16,43.8,1/8/2027,151,FALSE,TRUE,0.31,TRUE,proxy_synthetic
CL-0283,MED_GLUCOSE,3,10,2.1,6/24/2028,684,TRUE,FALSE,0.8,TRUE,proxy_synthetic
CL-0283,MED_VIT_A,94,11,59.8,10/23/2027,439,FALSE,FALSE,0.29,FALSE,proxy_synthetic
CL-0283,MED_MUAC_KIT,28,5,39.2,7/23/2027,347,FALSE,FALSE,0.21,FALSE,proxy_synthetic
CL-0283,MED_ZINC_MAL,155,26,41.7,3/28/2028,596,FALSE,FALSE,0.21,TRUE,proxy_synthetic
CL-0283,VAC_HEPB,39,6,45.5,7/26/2027,350,FALSE,FALSE,0.32,FALSE,proxy_synthetic
CL-0283,VAC_BCG,32,7,32.0,9/3/2027,389,FALSE,FALSE,0.28,FALSE,proxy_synthetic
CL-0283,VAC_MR,5,7,5.0,9/19/2027,405,TRUE,FALSE,0.61,TRUE,proxy_synthetic
CL-0283,MED_TETANUS,1,4,1.8,1/13/2028,521,TRUE,FALSE,0.82,FALSE,proxy_synthetic
CL-0283,MED_DIABETES_INSULIN,40,5,56.0,9/25/2027,411,FALSE,FALSE,0.27,FALSE,proxy_synthetic
CL-0283,MED_GLIBENCLAMIDE,98,14,49.0,10/14/2027,430,FALSE,FALSE,0.23,TRUE,proxy_synthetic
CL-0283,MED_GLUCAGON,4,1,28.0,2/11/2028,550,FALSE,FALSE,0.3,FALSE,proxy_synthetic
CL-0283,MED_RUTF,65,11,41.4,4/12/2027,245,FALSE,FALSE,0.28,FALSE,proxy_synthetic
CL-0283,MED_F75,7,2,24.5,6/27/2027,321,FALSE,FALSE,0.23,TRUE,proxy_synthetic
CL-0283,MED_F100,21,3,49.0,1/14/2027,157,FALSE,TRUE,0.25,TRUE,proxy_synthetic
CL-0283,MED_THERAPEUTIC_FEED,19,4,33.2,6/13/2027,307,FALSE,FALSE,0.28,TRUE,proxy_synthetic
CL-0284,MED_ACT,4,20,1.4,9/1/2027,387,TRUE,FALSE,0.87,FALSE,proxy_synthetic
CL-0284,MED_RDT_MAL,15,42,2.5,1/6/2027,149,TRUE,TRUE,0.85,FALSE,proxy_synthetic
CL-0284,MED_DENGUE_SUP,5,12,2.9,7/2/2027,326,TRUE,FALSE,0.77,FALSE,proxy_synthetic
CL-0284,MED_RDT_DEN,98,15,45.7,9/3/2027,389,FALSE,FALSE,0.28,TRUE,proxy_synthetic
CL-0284,MED_ORS,46,15,21.5,10/11/2026,62,FALSE,TRUE,0.52,FALSE,proxy_synthetic
CL-0284,MED_CHOLERA_KIT,16,4,28.0,4/28/2028,627,FALSE,FALSE,0.34,FALSE,proxy_synthetic
CL-0284,VAC_OCV,80,9,62.2,11/8/2027,455,FALSE,FALSE,0.34,TRUE,proxy_synthetic
CL-0284,VAC_MEASLES,26,4,45.5,5/18/2027,281,FALSE,FALSE,0.31,FALSE,proxy_synthetic
CL-0284,VAC_OPV,14,5,19.6,7/2/2027,326,FALSE,FALSE,0.32,TRUE,proxy_synthetic
CL-0284,VAC_PENTA,16,4,28.0,4/14/2027,247,FALSE,FALSE,0.34,FALSE,proxy_synthetic
CL-0284,VAC_TT,14,4,24.5,12/13/2027,490,FALSE,FALSE,0.26,TRUE,proxy_synthetic
CL-0284,MED_ANTIVENOM,9,1,63.0,4/19/2028,618,FALSE,FALSE,0.31,FALSE,proxy_synthetic
CL-0284,MED_SNAKE_ANTIVENOM,9,1,63.0,5/10/2028,639,FALSE,FALSE,0.34,FALSE,proxy_synthetic
CL-0284,MED_SNAKE_WOUND,1,2,3.5,4/2/2027,235,TRUE,FALSE,0.7,FALSE,proxy_synthetic
CL-0284,MED_OXYTOCIN,14,2,49.0,7/1/2027,325,FALSE,FALSE,0.3,FALSE,proxy_synthetic
CL-0284,MED_METFORMIN,30,8,26.2,6/2/2028,662,FALSE,FALSE,0.28,FALSE,proxy_synthetic
CL-0284,MED_GLUCOSE,16,3,37.3,5/7/2027,270,FALSE,FALSE,0.24,FALSE,proxy_synthetic
CL-0284,MED_VIT_A,36,5,50.4,8/4/2028,725,FALSE,FALSE,0.32,FALSE,proxy_synthetic
CL-0284,MED_MUAC_KIT,14,2,49.0,10/3/2027,419,FALSE,FALSE,0.28,FALSE,proxy_synthetic
CL-0284,MED_ZINC_MAL,29,9,22.6,4/3/2027,236,FALSE,FALSE,0.23,FALSE,proxy_synthetic
CL-0285,MED_ACT,101,23,30.7,12/30/2026,142,FALSE,TRUE,0.29,FALSE,proxy_synthetic
CL-0285,MED_RDT_MAL,269,34,55.4,3/22/2027,224,FALSE,FALSE,0.28,TRUE,proxy_synthetic
CL-0285,MED_DENGUE_SUP,69,16,30.2,8/26/2027,381,FALSE,FALSE,0.24,FALSE,proxy_synthetic
CL-0285,MED_RDT_DEN,144,17,59.3,11/26/2026,108,FALSE,TRUE,0.38,FALSE,proxy_synthetic
CL-0285,MED_ORS,70,25,19.6,2/29/2028,568,FALSE,FALSE,0.27,FALSE,proxy_synthetic
CL-0285,MED_CHOLERA_KIT,29,4,50.8,6/7/2028,667,FALSE,FALSE,0.25,FALSE,proxy_synthetic
CL-0285,VAC_OCV,101,11,64.3,10/26/2026,77,FALSE,TRUE,0.48,FALSE,proxy_synthetic
CL-0285,VAC_MEASLES,28,5,39.2,1/27/2028,535,FALSE,FALSE,0.34,TRUE,proxy_synthetic
CL-0285,VAC_OPV,61,9,47.4,5/2/2027,265,FALSE,FALSE,0.26,TRUE,proxy_synthetic
CL-0285,VAC_PENTA,17,6,19.8,5/9/2028,638,FALSE,FALSE,0.24,TRUE,proxy_synthetic
CL-0285,VAC_TT,34,6,39.7,3/10/2028,578,FALSE,FALSE,0.33,FALSE,proxy_synthetic
CL-0285,MED_ANTIVENOM,8,1,56.0,5/14/2027,277,FALSE,FALSE,0.32,FALSE,proxy_synthetic
CL-0285,MED_SNAKE_ANTIVENOM,5,1,35.0,12/12/2027,489,FALSE,FALSE,0.27,FALSE,proxy_synthetic
CL-0285,MED_SNAKE_WOUND,9,2,31.5,6/3/2028,663,FALSE,FALSE,0.29,FALSE,proxy_synthetic
CL-0285,MED_OXYTOCIN,21,3,49.0,11/22/2026,104,FALSE,TRUE,0.43,FALSE,proxy_synthetic
CL-0285,MED_METFORMIN,1,10,0.7,7/3/2028,693,TRUE,FALSE,0.94,FALSE,proxy_synthetic
CL-0285,MED_GLUCOSE,11,3,25.7,6/9/2027,303,FALSE,FALSE,0.23,TRUE,proxy_synthetic
CL-0285,MED_VIT_A,20,7,20.0,3/27/2028,595,FALSE,FALSE,0.28,FALSE,proxy_synthetic
CL-0285,MED_MUAC_KIT,17,3,39.7,1/30/2027,173,FALSE,TRUE,0.26,TRUE,proxy_synthetic
CL-0285,MED_ZINC_MAL,49,12,28.6,4/23/2027,256,FALSE,FALSE,0.31,FALSE,proxy_synthetic
CL-0286,MED_ACT,91,19,33.5,1/14/2028,522,FALSE,FALSE,0.24,TRUE,proxy_synthetic
CL-0286,MED_RDT_MAL,242,33,51.3,10/20/2026,71,FALSE,TRUE,0.52,TRUE,proxy_synthetic
CL-0286,MED_DENGUE_SUP,69,16,30.2,10/19/2027,435,FALSE,FALSE,0.32,FALSE,proxy_synthetic
CL-0286,MED_RDT_DEN,80,18,31.1,1/24/2027,167,FALSE,TRUE,0.26,TRUE,proxy_synthetic
CL-0286,MED_ORS,82,21,27.3,11/4/2027,451,FALSE,FALSE,0.33,FALSE,proxy_synthetic
CL-0286,MED_CHOLERA_KIT,18,4,31.5,4/26/2027,259,FALSE,FALSE,0.22,FALSE,proxy_synthetic
CL-0286,VAC_OCV,4,8,3.5,5/13/2028,642,TRUE,FALSE,0.7,FALSE,proxy_synthetic
CL-0286,VAC_MEASLES,35,5,49.0,4/13/2028,612,FALSE,FALSE,0.29,TRUE,proxy_synthetic
CL-0286,VAC_OPV,29,6,33.8,6/20/2027,314,FALSE,FALSE,0.31,FALSE,proxy_synthetic
CL-0286,VAC_PENTA,30,5,42.0,7/27/2027,351,FALSE,FALSE,0.34,FALSE,proxy_synthetic
CL-0286,VAC_TT,29,4,50.8,7/11/2028,701,FALSE,FALSE,0.22,FALSE,proxy_synthetic
CL-0286,MED_ANTIVENOM,4,1,28.0,3/28/2028,596,FALSE,FALSE,0.22,FALSE,proxy_synthetic
CL-0286,MED_SNAKE_ANTIVENOM,1,2,3.5,12/21/2027,498,TRUE,FALSE,0.71,TRUE,proxy_synthetic
CL-0286,MED_SNAKE_WOUND,8,2,28.0,6/13/2027,307,FALSE,FALSE,0.34,TRUE,proxy_synthetic
CL-0286,MED_OXYTOCIN,17,3,39.7,9/14/2027,400,FALSE,FALSE,0.21,TRUE,proxy_synthetic
CL-0286,MED_METFORMIN,38,8,33.2,11/22/2027,469,FALSE,FALSE,0.21,FALSE,proxy_synthetic
CL-0286,MED_GLUCOSE,12,3,28.0,5/5/2028,634,FALSE,FALSE,0.31,FALSE,proxy_synthetic
CL-0286,MED_VIT_A,25,5,35.0,5/18/2027,281,FALSE,FALSE,0.22,FALSE,proxy_synthetic
CL-0286,MED_MUAC_KIT,15,2,52.5,7/19/2027,343,FALSE,FALSE,0.34,TRUE,proxy_synthetic
CL-0286,MED_ZINC_MAL,96,12,56.0,1/26/2027,169,FALSE,TRUE,0.24,FALSE,proxy_synthetic
CL-0287,MED_ACT,72,14,36.0,2/25/2028,564,FALSE,FALSE,0.25,FALSE,proxy_synthetic
CL-0287,MED_RDT_MAL,154,23,46.9,11/21/2027,468,FALSE,FALSE,0.3,FALSE,proxy_synthetic
CL-0287,MED_DENGUE_SUP,35,8,30.6,7/26/2027,350,FALSE,FALSE,0.29,FALSE,proxy_synthetic
CL-0287,MED_RDT_DEN,7,11,4.5,11/8/2027,455,TRUE,FALSE,0.63,FALSE,proxy_synthetic
CL-0287,MED_ORS,75,12,43.8,12/18/2027,495,FALSE,FALSE,0.26,TRUE,proxy_synthetic
CL-0287,MED_CHOLERA_KIT,25,3,58.3,9/26/2027,412,FALSE,FALSE,0.34,FALSE,proxy_synthetic
CL-0287,VAC_OCV,35,7,35.0,11/13/2027,460,FALSE,FALSE,0.24,FALSE,proxy_synthetic
CL-0287,VAC_MEASLES,14,4,24.5,12/25/2027,502,FALSE,FALSE,0.21,FALSE,proxy_synthetic
CL-0287,VAC_OPV,15,4,26.2,4/21/2027,254,FALSE,FALSE,0.28,FALSE,proxy_synthetic
CL-0287,VAC_PENTA,12,3,28.0,11/15/2026,97,FALSE,TRUE,0.46,FALSE,proxy_synthetic
CL-0287,VAC_TT,12,3,28.0,11/3/2027,450,FALSE,FALSE,0.27,FALSE,proxy_synthetic
CL-0287,MED_ANTIVENOM,1,2,3.5,10/7/2027,423,TRUE,FALSE,0.75,FALSE,proxy_synthetic
CL-0287,MED_SNAKE_ANTIVENOM,5,1,35.0,5/31/2027,294,FALSE,FALSE,0.35,FALSE,proxy_synthetic
CL-0287,MED_SNAKE_WOUND,8,1,56.0,5/13/2027,276,FALSE,FALSE,0.29,FALSE,proxy_synthetic
CL-0287,MED_OXYTOCIN,17,2,59.5,11/3/2027,450,FALSE,FALSE,0.32,FALSE,proxy_synthetic
CL-0287,MED_METFORMIN,32,4,56.0,6/18/2027,312,FALSE,FALSE,0.2,FALSE,proxy_synthetic
CL-0287,MED_GLUCOSE,28,3,65.3,6/2/2027,296,FALSE,FALSE,0.31,FALSE,proxy_synthetic
CL-0287,MED_VIT_A,8,3,18.7,9/6/2027,392,FALSE,FALSE,0.23,TRUE,proxy_synthetic
CL-0287,MED_MUAC_KIT,4,1,28.0,4/30/2028,629,FALSE,FALSE,0.24,FALSE,proxy_synthetic
CL-0287,MED_ZINC_MAL,4,8,3.5,5/25/2028,654,TRUE,FALSE,0.71,FALSE,proxy_synthetic
CL-0288,MED_ACT,57,15,26.6,11/24/2026,106,FALSE,TRUE,0.42,TRUE,proxy_synthetic
CL-0288,MED_RDT_MAL,21,43,3.4,5/19/2027,282,TRUE,FALSE,0.75,FALSE,proxy_synthetic
CL-0288,MED_DENGUE_SUP,44,14,22.0,6/21/2027,315,FALSE,FALSE,0.25,FALSE,proxy_synthetic
CL-0288,MED_RDT_DEN,135,20,47.2,12/22/2027,499,FALSE,FALSE,0.23,FALSE,proxy_synthetic
CL-0288,MED_ORS,158,18,61.4,5/22/2028,651,FALSE,FALSE,0.23,FALSE,proxy_synthetic
CL-0288,MED_CHOLERA_KIT,23,4,40.2,11/23/2027,470,FALSE,FALSE,0.27,FALSE,proxy_synthetic
CL-0288,VAC_OCV,43,8,37.6,3/30/2028,598,FALSE,FALSE,0.21,TRUE,proxy_synthetic
CL-0288,VAC_MEASLES,20,5,28.0,12/11/2027,488,FALSE,FALSE,0.34,FALSE,proxy_synthetic
CL-0288,VAC_OPV,55,7,55.0,4/3/2027,236,FALSE,FALSE,0.29,TRUE,proxy_synthetic
CL-0288,VAC_PENTA,20,6,23.3,3/25/2027,227,FALSE,FALSE,0.21,TRUE,proxy_synthetic
CL-0288,VAC_TT,27,3,63.0,6/11/2027,305,FALSE,FALSE,0.23,FALSE,proxy_synthetic
CL-0288,MED_ANTIVENOM,3,1,21.0,1/14/2028,522,FALSE,FALSE,0.21,FALSE,proxy_synthetic
CL-0288,MED_SNAKE_ANTIVENOM,8,1,56.0,5/4/2028,633,FALSE,FALSE,0.32,FALSE,proxy_synthetic
CL-0288,MED_SNAKE_WOUND,1,2,3.5,2/11/2028,550,TRUE,FALSE,0.7,FALSE,proxy_synthetic
CL-0288,MED_OXYTOCIN,26,3,60.7,1/8/2028,516,FALSE,FALSE,0.29,FALSE,proxy_synthetic
CL-0288,MED_METFORMIN,64,7,64.0,9/28/2027,414,FALSE,FALSE,0.21,TRUE,proxy_synthetic
CL-0288,MED_GLUCOSE,14,3,32.7,4/7/2027,240,FALSE,FALSE,0.28,FALSE,proxy_synthetic
CL-0288,MED_VIT_A,43,5,60.2,1/23/2028,531,FALSE,FALSE,0.27,FALSE,proxy_synthetic
CL-0288,MED_MUAC_KIT,17,2,59.5,6/17/2027,311,FALSE,FALSE,0.32,FALSE,proxy_synthetic
CL-0288,MED_ZINC_MAL,3,8,2.6,4/27/2027,260,TRUE,FALSE,0.78,FALSE,proxy_synthetic
CL-0289,MED_ACT,85,124,4.8,5/6/2028,635,TRUE,FALSE,0.67,FALSE,proxy_synthetic
CL-0289,MED_RDT_MAL,1510,210,50.3,10/12/2027,428,FALSE,FALSE,0.26,TRUE,proxy_synthetic
CL-0289,MED_DENGUE_SUP,653,92,49.7,12/25/2027,502,FALSE,FALSE,0.28,FALSE,proxy_synthetic
CL-0289,MED_RDT_DEN,823,94,61.3,11/20/2027,467,FALSE,FALSE,0.34,FALSE,proxy_synthetic
CL-0289,MED_ORS,584,133,30.7,6/3/2027,297,FALSE,FALSE,0.23,FALSE,proxy_synthetic
CL-0289,MED_CHOLERA_KIT,230,27,59.6,8/30/2027,385,FALSE,FALSE,0.26,FALSE,proxy_synthetic
CL-0289,VAC_OCV,267,48,38.9,9/17/2027,403,FALSE,FALSE,0.24,FALSE,proxy_synthetic
CL-0289,VAC_MEASLES,84,27,21.8,1/16/2028,524,FALSE,FALSE,0.31,FALSE,proxy_synthetic
CL-0289,VAC_OPV,175,37,33.1,12/24/2026,136,FALSE,TRUE,0.33,TRUE,proxy_synthetic
CL-0289,VAC_PENTA,206,35,41.2,3/11/2027,213,FALSE,FALSE,0.31,FALSE,proxy_synthetic
CL-0289,VAC_TT,131,28,32.8,1/24/2028,532,FALSE,FALSE,0.25,TRUE,proxy_synthetic
CL-0289,MED_ANTIVENOM,22,5,30.8,3/25/2027,227,FALSE,FALSE,0.35,FALSE,proxy_synthetic
CL-0289,MED_SNAKE_ANTIVENOM,27,7,27.0,6/28/2028,688,FALSE,FALSE,0.29,TRUE,proxy_synthetic
CL-0289,MED_SNAKE_WOUND,86,13,46.3,3/25/2028,593,FALSE,FALSE,0.21,FALSE,proxy_synthetic
CL-0289,MED_OXYTOCIN,4,18,1.6,7/3/2028,693,TRUE,FALSE,0.86,TRUE,proxy_synthetic
CL-0289,MED_METFORMIN,433,54,56.1,5/14/2028,643,FALSE,FALSE,0.25,TRUE,proxy_synthetic
CL-0289,MED_GLUCOSE,115,23,35.0,12/9/2027,486,FALSE,FALSE,0.29,FALSE,proxy_synthetic
CL-0289,MED_VIT_A,136,26,36.6,10/15/2027,431,FALSE,FALSE,0.3,FALSE,proxy_synthetic
CL-0289,MED_MUAC_KIT,88,16,38.5,11/4/2026,86,FALSE,TRUE,0.46,FALSE,proxy_synthetic
CL-0289,MED_ZINC_MAL,421,52,56.7,11/8/2027,455,FALSE,FALSE,0.22,FALSE,proxy_synthetic
CL-0289,VAC_HEPB,130,17,53.5,4/19/2028,618,FALSE,FALSE,0.21,TRUE,proxy_synthetic
CL-0289,VAC_BCG,49,17,20.2,5/2/2027,265,FALSE,FALSE,0.33,FALSE,proxy_synthetic
CL-0289,VAC_MR,82,19,30.2,11/1/2027,448,FALSE,FALSE,0.3,TRUE,proxy_synthetic
CL-0289,MED_TETANUS,74,9,57.6,7/18/2027,342,FALSE,FALSE,0.23,FALSE,proxy_synthetic
CL-0289,MED_DIABETES_INSULIN,132,18,51.3,12/28/2027,505,FALSE,FALSE,0.33,TRUE,proxy_synthetic
CL-0289,MED_GLIBENCLAMIDE,268,35,53.6,6/11/2027,305,FALSE,FALSE,0.2,FALSE,proxy_synthetic
CL-0289,MED_GLUCAGON,12,2,42.0,3/20/2028,588,FALSE,FALSE,0.21,TRUE,proxy_synthetic
CL-0289,MED_RUTF,214,30,49.9,10/28/2026,79,FALSE,TRUE,0.51,FALSE,proxy_synthetic
CL-0289,MED_F75,20,6,23.3,10/25/2027,441,FALSE,FALSE,0.25,FALSE,proxy_synthetic
CL-0289,MED_F100,57,8,49.9,7/3/2028,693,FALSE,FALSE,0.34,TRUE,proxy_synthetic
CL-0289,MED_THERAPEUTIC_FEED,18,7,18.0,11/16/2027,463,FALSE,FALSE,0.35,FALSE,proxy_synthetic
CL-0290,MED_ACT,7,11,4.5,1/22/2028,530,TRUE,FALSE,0.68,TRUE,proxy_synthetic
CL-0290,MED_RDT_MAL,63,22,20.0,12/2/2026,114,FALSE,TRUE,0.4,FALSE,proxy_synthetic
CL-0290,MED_DENGUE_SUP,54,9,42.0,3/12/2027,214,FALSE,FALSE,0.24,FALSE,proxy_synthetic
CL-0290,MED_RDT_DEN,9,11,5.7,6/4/2027,298,TRUE,FALSE,0.57,FALSE,proxy_synthetic
CL-0290,MED_ORS,108,16,47.2,11/29/2027,476,FALSE,FALSE,0.29,TRUE,proxy_synthetic
CL-0290,MED_CHOLERA_KIT,24,3,56.0,2/2/2028,541,FALSE,FALSE,0.26,FALSE,proxy_synthetic
CL-0290,VAC_OCV,33,6,38.5,8/18/2027,373,FALSE,FALSE,0.29,FALSE,proxy_synthetic
CL-0290,VAC_MEASLES,43,5,60.2,1/31/2028,539,FALSE,FALSE,0.34,FALSE,proxy_synthetic
CL-0290,VAC_OPV,4,5,5.6,3/13/2027,215,TRUE,FALSE,0.54,TRUE,proxy_synthetic
CL-0290,VAC_PENTA,22,4,38.5,4/4/2027,237,FALSE,FALSE,0.31,TRUE,proxy_synthetic
CL-0290,VAC_TT,34,4,59.5,1/11/2028,519,FALSE,FALSE,0.29,FALSE,proxy_synthetic
CL-0290,MED_ANTIVENOM,8,1,56.0,11/8/2026,90,FALSE,TRUE,0.45,FALSE,proxy_synthetic
CL-0290,MED_SNAKE_ANTIVENOM,3,1,21.0,10/22/2027,438,FALSE,FALSE,0.3,TRUE,proxy_synthetic
CL-0290,MED_SNAKE_WOUND,8,1,56.0,2/24/2028,563,FALSE,FALSE,0.23,TRUE,proxy_synthetic
CL-0290,MED_OXYTOCIN,14,2,49.0,4/24/2027,257,FALSE,FALSE,0.35,FALSE,proxy_synthetic
CL-0290,MED_METFORMIN,12,4,21.0,5/20/2027,283,FALSE,FALSE,0.21,FALSE,proxy_synthetic
CL-0290,MED_GLUCOSE,10,3,23.3,8/11/2027,366,FALSE,FALSE,0.33,FALSE,proxy_synthetic
CL-0290,MED_VIT_A,27,3,63.0,9/3/2027,389,FALSE,FALSE,0.28,FALSE,proxy_synthetic
CL-0290,MED_MUAC_KIT,6,1,42.0,1/12/2028,520,FALSE,FALSE,0.33,FALSE,proxy_synthetic
CL-0290,MED_ZINC_MAL,35,8,30.6,2/1/2028,540,FALSE,FALSE,0.25,FALSE,proxy_synthetic
CL-0291,MED_ACT,136,22,43.3,5/10/2028,639,FALSE,FALSE,0.23,FALSE,proxy_synthetic
CL-0291,MED_RDT_MAL,373,45,58.0,12/9/2027,486,FALSE,FALSE,0.21,FALSE,proxy_synthetic
CL-0291,MED_DENGUE_SUP,126,22,40.1,8/19/2027,374,FALSE,FALSE,0.28,FALSE,proxy_synthetic
CL-0291,MED_RDT_DEN,60,21,20.0,12/9/2026,121,FALSE,TRUE,0.34,FALSE,proxy_synthetic
CL-0291,MED_ORS,117,27,30.3,9/25/2027,411,FALSE,FALSE,0.3,FALSE,proxy_synthetic
CL-0291,MED_CHOLERA_KIT,36,6,42.0,3/11/2028,579,FALSE,FALSE,0.33,FALSE,proxy_synthetic
CL-0291,VAC_OCV,52,15,24.3,9/28/2027,414,FALSE,FALSE,0.24,TRUE,proxy_synthetic
CL-0291,VAC_MEASLES,58,7,58.0,9/5/2027,391,FALSE,FALSE,0.32,FALSE,proxy_synthetic
CL-0291,VAC_OPV,50,10,35.0,5/16/2027,279,FALSE,FALSE,0.33,FALSE,proxy_synthetic
CL-0291,VAC_PENTA,45,8,39.4,8/5/2027,360,FALSE,FALSE,0.32,FALSE,proxy_synthetic
CL-0291,VAC_TT,30,6,35.0,9/15/2027,401,FALSE,FALSE,0.33,TRUE,proxy_synthetic
CL-0291,MED_ANTIVENOM,8,1,56.0,5/1/2028,630,FALSE,FALSE,0.24,FALSE,proxy_synthetic
CL-0291,MED_SNAKE_ANTIVENOM,1,2,3.5,8/26/2027,381,TRUE,FALSE,0.7,FALSE,proxy_synthetic
CL-0291,MED_SNAKE_WOUND,19,4,33.2,10/9/2027,425,FALSE,FALSE,0.33,FALSE,proxy_synthetic
CL-0291,MED_OXYTOCIN,2,4,3.5,12/15/2026,127,TRUE,TRUE,0.8,TRUE,proxy_synthetic
CL-0291,MED_METFORMIN,86,10,60.2,4/12/2028,611,FALSE,FALSE,0.26,TRUE,proxy_synthetic
CL-0291,MED_GLUCOSE,1,5,1.4,6/21/2028,681,TRUE,FALSE,0.89,FALSE,proxy_synthetic
CL-0291,MED_VIT_A,21,7,21.0,9/14/2027,400,FALSE,FALSE,0.22,FALSE,proxy_synthetic
CL-0291,MED_MUAC_KIT,26,3,60.7,4/6/2027,239,FALSE,FALSE,0.24,FALSE,proxy_synthetic
CL-0291,MED_ZINC_MAL,79,16,34.6,8/29/2027,384,FALSE,FALSE,0.32,FALSE,proxy_synthetic
CL-0292,MED_ACT,81,15,37.8,7/4/2028,694,FALSE,FALSE,0.23,FALSE,proxy_synthetic
CL-0292,MED_RDT_MAL,240,33,50.9,7/18/2027,342,FALSE,FALSE,0.28,FALSE,proxy_synthetic
CL-0292,MED_DENGUE_SUP,26,10,18.2,10/24/2027,440,FALSE,FALSE,0.21,FALSE,proxy_synthetic
CL-0292,MED_RDT_DEN,3,13,1.6,7/1/2027,325,TRUE,FALSE,0.85,FALSE,proxy_synthetic
CL-0292,MED_ORS,44,12,25.7,1/1/2028,509,FALSE,FALSE,0.29,TRUE,proxy_synthetic
CL-0292,MED_CHOLERA_KIT,23,3,53.7,7/2/2028,692,FALSE,FALSE,0.33,FALSE,proxy_synthetic
CL-0292,VAC_OCV,54,6,63.0,7/11/2028,701,FALSE,FALSE,0.28,FALSE,proxy_synthetic
CL-0292,VAC_MEASLES,1,3,2.3,12/9/2027,486,TRUE,FALSE,0.8,FALSE,proxy_synthetic
CL-0292,VAC_OPV,2,4,3.5,12/21/2026,133,TRUE,TRUE,0.77,TRUE,proxy_synthetic
CL-0292,VAC_PENTA,26,4,45.5,10/10/2026,61,FALSE,TRUE,0.54,FALSE,proxy_synthetic
CL-0292,VAC_TT,17,3,39.7,12/26/2026,138,FALSE,TRUE,0.35,FALSE,proxy_synthetic
CL-0292,MED_ANTIVENOM,9,1,63.0,3/31/2028,599,FALSE,FALSE,0.26,FALSE,proxy_synthetic
CL-0292,MED_SNAKE_ANTIVENOM,4,1,28.0,5/17/2027,280,FALSE,FALSE,0.2,TRUE,proxy_synthetic
CL-0292,MED_SNAKE_WOUND,1,2,3.5,10/3/2027,419,TRUE,FALSE,0.7,FALSE,proxy_synthetic
CL-0292,MED_OXYTOCIN,11,2,38.5,3/23/2027,225,FALSE,FALSE,0.27,FALSE,proxy_synthetic
CL-0292,MED_METFORMIN,46,6,53.7,10/18/2027,434,FALSE,FALSE,0.24,FALSE,proxy_synthetic
CL-0292,MED_GLUCOSE,21,3,49.0,10/23/2027,439,FALSE,FALSE,0.33,FALSE,proxy_synthetic
CL-0292,MED_VIT_A,24,4,42.0,8/13/2027,368,FALSE,FALSE,0.34,FALSE,proxy_synthetic
CL-0292,MED_MUAC_KIT,13,2,45.5,7/15/2027,339,FALSE,FALSE,0.32,FALSE,proxy_synthetic
CL-0292,MED_ZINC_MAL,25,7,25.0,3/14/2027,216,FALSE,FALSE,0.22,FALSE,proxy_synthetic
CL-0293,MED_ACT,273,33,57.9,4/13/2028,612,FALSE,FALSE,0.24,FALSE,proxy_synthetic
CL-0293,MED_RDT_MAL,500,54,64.8,1/6/2028,514,FALSE,FALSE,0.22,FALSE,proxy_synthetic
CL-0293,MED_DENGUE_SUP,11,16,4.8,9/30/2027,416,TRUE,FALSE,0.58,FALSE,proxy_synthetic
CL-0293,MED_RDT_DEN,73,21,24.3,5/18/2027,281,FALSE,FALSE,0.23,FALSE,proxy_synthetic
CL-0293,MED_ORS,256,28,64.0,4/11/2027,244,FALSE,FALSE,0.28,FALSE,proxy_synthetic
CL-0293,MED_CHOLERA_KIT,30,5,42.0,11/14/2027,461,FALSE,FALSE,0.21,TRUE,proxy_synthetic
CL-0293,VAC_OCV,93,13,50.1,8/18/2027,373,FALSE,FALSE,0.32,FALSE,proxy_synthetic
CL-0293,VAC_MEASLES,63,8,55.1,4/11/2028,610,FALSE,FALSE,0.28,FALSE,proxy_synthetic
CL-0293,VAC_OPV,34,7,34.0,3/26/2027,228,FALSE,FALSE,0.26,FALSE,proxy_synthetic
CL-0293,VAC_PENTA,34,8,29.8,6/24/2027,318,FALSE,FALSE,0.26,TRUE,proxy_synthetic
CL-0293,VAC_TT,20,6,23.3,9/8/2027,394,FALSE,FALSE,0.33,FALSE,proxy_synthetic
CL-0293,MED_ANTIVENOM,1,2,3.5,11/27/2027,474,TRUE,FALSE,0.67,FALSE,proxy_synthetic
CL-0293,MED_SNAKE_ANTIVENOM,1,2,3.5,11/17/2026,99,TRUE,TRUE,0.82,FALSE,proxy_synthetic
CL-0293,MED_SNAKE_WOUND,1,4,1.8,4/30/2027,263,TRUE,FALSE,0.85,FALSE,proxy_synthetic
CL-0293,MED_OXYTOCIN,1,3,2.3,10/31/2026,82,TRUE,TRUE,0.95,FALSE,proxy_synthetic
CL-0293,MED_METFORMIN,43,11,27.4,2/18/2028,557,FALSE,FALSE,0.3,TRUE,proxy_synthetic
CL-0293,MED_GLUCOSE,31,5,43.4,10/14/2026,65,FALSE,TRUE,0.54,FALSE,proxy_synthetic
CL-0293,MED_VIT_A,28,9,21.8,3/31/2027,233,FALSE,FALSE,0.25,TRUE,proxy_synthetic
CL-0293,MED_MUAC_KIT,17,3,39.7,4/13/2028,612,FALSE,FALSE,0.34,FALSE,proxy_synthetic
CL-0293,MED_ZINC_MAL,119,18,46.3,5/16/2027,279,FALSE,FALSE,0.2,TRUE,proxy_synthetic
CL-0294,MED_ACT,711,79,63.0,6/24/2027,318,FALSE,FALSE,0.34,FALSE,proxy_synthetic
CL-0294,MED_RDT_MAL,1058,126,58.8,8/7/2027,362,FALSE,FALSE,0.33,FALSE,proxy_synthetic
CL-0294,MED_DENGUE_SUP,5,40,0.9,4/25/2027,258,TRUE,FALSE,0.92,FALSE,proxy_synthetic
CL-0294,MED_RDT_DEN,518,65,55.8,7/29/2027,353,FALSE,FALSE,0.24,FALSE,proxy_synthetic
CL-0294,MED_ORS,385,86,31.3,10/24/2026,75,FALSE,TRUE,0.49,FALSE,proxy_synthetic
CL-0294,MED_CHOLERA_KIT,92,17,37.9,5/9/2028,638,FALSE,FALSE,0.23,TRUE,proxy_synthetic
CL-0294,VAC_OCV,139,28,34.8,10/3/2027,419,FALSE,FALSE,0.22,FALSE,proxy_synthetic
CL-0294,VAC_MEASLES,102,18,39.7,10/16/2026,67,FALSE,TRUE,0.52,FALSE,proxy_synthetic
CL-0294,VAC_OPV,89,19,32.8,1/22/2027,165,FALSE,TRUE,0.28,FALSE,proxy_synthetic
CL-0294,VAC_PENTA,158,22,50.3,11/7/2027,454,FALSE,FALSE,0.26,TRUE,proxy_synthetic
CL-0294,VAC_TT,2,16,0.9,12/31/2026,143,TRUE,TRUE,1.0,FALSE,proxy_synthetic
CL-0294,MED_ANTIVENOM,20,4,35.0,12/30/2027,507,FALSE,FALSE,0.23,FALSE,proxy_synthetic
CL-0294,MED_SNAKE_ANTIVENOM,20,4,35.0,3/21/2028,589,FALSE,FALSE,0.31,FALSE,proxy_synthetic
CL-0294,MED_SNAKE_WOUND,57,10,39.9,12/1/2026,113,FALSE,TRUE,0.39,TRUE,proxy_synthetic
CL-0294,MED_OXYTOCIN,3,10,2.1,7/19/2027,343,TRUE,FALSE,0.83,FALSE,proxy_synthetic
CL-0294,MED_METFORMIN,244,34,50.2,12/29/2027,506,FALSE,FALSE,0.22,TRUE,proxy_synthetic
CL-0294,MED_GLUCOSE,87,10,60.9,8/13/2027,368,FALSE,FALSE,0.28,FALSE,proxy_synthetic
CL-0294,MED_VIT_A,62,16,27.1,9/13/2027,399,FALSE,FALSE,0.24,FALSE,proxy_synthetic
CL-0294,MED_MUAC_KIT,33,7,33.0,9/15/2027,401,FALSE,FALSE,0.25,FALSE,proxy_synthetic
CL-0294,MED_ZINC_MAL,34,49,4.9,5/9/2027,272,TRUE,FALSE,0.61,FALSE,proxy_synthetic
CL-0294,VAC_HEPB,36,10,25.2,3/14/2027,216,FALSE,FALSE,0.34,TRUE,proxy_synthetic
CL-0294,VAC_BCG,49,10,34.3,1/13/2028,521,FALSE,FALSE,0.28,FALSE,proxy_synthetic
CL-0294,VAC_MR,131,15,61.1,12/16/2027,493,FALSE,FALSE,0.27,FALSE,proxy_synthetic
CL-0294,MED_TETANUS,41,8,35.9,11/23/2026,105,FALSE,TRUE,0.4,FALSE,proxy_synthetic
CL-0294,MED_DIABETES_INSULIN,47,8,41.1,7/3/2028,693,FALSE,FALSE,0.32,TRUE,proxy_synthetic
CL-0294,MED_GLIBENCLAMIDE,3,22,1.0,9/12/2027,398,TRUE,FALSE,0.9,FALSE,proxy_synthetic
CL-0294,MED_GLUCAGON,15,2,52.5,12/18/2026,130,FALSE,TRUE,0.34,FALSE,proxy_synthetic
CL-0294,MED_RUTF,44,16,19.2,4/19/2028,618,FALSE,FALSE,0.31,TRUE,proxy_synthetic
CL-0294,MED_F75,34,5,47.6,5/16/2028,645,FALSE,FALSE,0.32,FALSE,proxy_synthetic
CL-0294,MED_F100,41,5,57.4,2/3/2028,542,FALSE,FALSE,0.33,FALSE,proxy_synthetic
CL-0294,MED_THERAPEUTIC_FEED,2,6,2.3,3/15/2027,217,TRUE,FALSE,0.77,FALSE,proxy_synthetic
CL-0295,MED_ACT,168,30,39.2,4/20/2028,619,FALSE,FALSE,0.26,FALSE,proxy_synthetic
CL-0295,MED_RDT_MAL,475,68,48.9,11/23/2027,470,FALSE,FALSE,0.21,FALSE,proxy_synthetic
CL-0295,MED_DENGUE_SUP,136,18,52.9,12/20/2026,132,FALSE,TRUE,0.33,FALSE,proxy_synthetic
CL-0295,MED_RDT_DEN,130,20,45.5,11/11/2026,93,FALSE,TRUE,0.42,TRUE,proxy_synthetic
CL-0295,MED_ORS,6,25,1.7,2/28/2028,567,TRUE,FALSE,0.83,FALSE,proxy_synthetic
CL-0295,MED_CHOLERA_KIT,49,6,57.2,2/16/2028,555,FALSE,FALSE,0.27,FALSE,proxy_synthetic
CL-0295,VAC_OCV,47,15,21.9,10/26/2027,442,FALSE,FALSE,0.3,FALSE,proxy_synthetic
CL-0295,VAC_MEASLES,4,9,3.1,1/30/2028,538,TRUE,FALSE,0.74,FALSE,proxy_synthetic
CL-0295,VAC_OPV,28,7,28.0,5/27/2027,290,FALSE,FALSE,0.26,FALSE,proxy_synthetic
CL-0295,VAC_PENTA,64,8,56.0,11/20/2026,102,FALSE,TRUE,0.38,FALSE,proxy_synthetic
CL-0295,VAC_TT,35,7,35.0,6/29/2028,689,FALSE,FALSE,0.33,FALSE,proxy_synthetic
CL-0295,MED_ANTIVENOM,7,1,49.0,1/17/2028,525,FALSE,FALSE,0.25,TRUE,proxy_synthetic
CL-0295,MED_SNAKE_ANTIVENOM,15,2,52.5,3/15/2028,583,FALSE,FALSE,0.26,FALSE,proxy_synthetic
CL-0295,MED_SNAKE_WOUND,10,3,23.3,1/3/2027,146,FALSE,TRUE,0.3,FALSE,proxy_synthetic
CL-0295,MED_OXYTOCIN,20,4,35.0,6/14/2028,674,FALSE,FALSE,0.3,FALSE,proxy_synthetic
CL-0295,MED_METFORMIN,74,12,43.2,1/14/2028,522,FALSE,FALSE,0.29,FALSE,proxy_synthetic
CL-0295,MED_GLUCOSE,11,4,19.2,11/2/2026,84,FALSE,TRUE,0.5,FALSE,proxy_synthetic
CL-0295,MED_VIT_A,58,9,45.1,4/29/2028,628,FALSE,FALSE,0.22,TRUE,proxy_synthetic
CL-0295,MED_MUAC_KIT,12,3,28.0,2/21/2028,560,FALSE,FALSE,0.23,TRUE,proxy_synthetic
CL-0295,MED_ZINC_MAL,68,17,28.0,9/27/2027,413,FALSE,FALSE,0.22,FALSE,proxy_synthetic
CL-0296,MED_ACT,132,32,28.9,8/21/2027,376,FALSE,FALSE,0.26,TRUE,proxy_synthetic
CL-0296,MED_RDT_MAL,366,47,54.5,5/28/2027,291,FALSE,FALSE,0.28,TRUE,proxy_synthetic
CL-0296,MED_DENGUE_SUP,166,20,58.1,6/6/2027,300,FALSE,FALSE,0.26,FALSE,proxy_synthetic
CL-0296,MED_RDT_DEN,4,25,1.1,4/3/2027,236,TRUE,FALSE,0.88,FALSE,proxy_synthetic
CL-0296,MED_ORS,204,32,44.6,3/15/2028,583,FALSE,FALSE,0.33,FALSE,proxy_synthetic
CL-0296,MED_CHOLERA_KIT,28,6,32.7,2/17/2028,556,FALSE,FALSE,0.27,FALSE,proxy_synthetic
CL-0296,VAC_OCV,5,16,2.2,10/24/2026,75,TRUE,TRUE,0.86,FALSE,proxy_synthetic
CL-0296,VAC_MEASLES,24,8,21.0,8/31/2027,386,FALSE,FALSE,0.33,TRUE,proxy_synthetic
CL-0296,VAC_OPV,81,12,47.2,6/15/2027,309,FALSE,FALSE,0.23,FALSE,proxy_synthetic
CL-0296,VAC_PENTA,44,9,34.2,5/22/2028,651,FALSE,FALSE,0.24,TRUE,proxy_synthetic
CL-0296,VAC_TT,43,5,60.2,7/24/2028,714,FALSE,FALSE,0.32,FALSE,proxy_synthetic
CL-0296,MED_ANTIVENOM,8,1,56.0,6/27/2028,687,FALSE,FALSE,0.3,FALSE,proxy_synthetic
CL-0296,MED_SNAKE_ANTIVENOM,1,2,3.5,10/27/2026,78,TRUE,TRUE,0.81,FALSE,proxy_synthetic
CL-0296,MED_SNAKE_WOUND,11,3,25.7,3/9/2027,211,FALSE,FALSE,0.33,FALSE,proxy_synthetic
CL-0296,MED_OXYTOCIN,27,4,47.2,6/19/2028,679,FALSE,FALSE,0.3,TRUE,proxy_synthetic
CL-0296,MED_METFORMIN,61,9,47.4,10/26/2027,442,FALSE,FALSE,0.34,TRUE,proxy_synthetic
CL-0296,MED_GLUCOSE,34,5,47.6,11/17/2026,99,FALSE,TRUE,0.44,FALSE,proxy_synthetic
CL-0296,MED_VIT_A,45,9,35.0,10/20/2026,71,FALSE,TRUE,0.53,FALSE,proxy_synthetic
CL-0296,MED_MUAC_KIT,15,4,26.2,8/28/2027,383,FALSE,FALSE,0.25,FALSE,proxy_synthetic
CL-0296,MED_ZINC_MAL,117,13,63.0,9/1/2027,387,FALSE,FALSE,0.24,FALSE,proxy_synthetic
CL-0297,MED_ACT,19,33,4.0,3/10/2027,212,TRUE,FALSE,0.67,FALSE,proxy_synthetic
CL-0297,MED_RDT_MAL,331,47,49.3,7/9/2027,333,FALSE,FALSE,0.34,FALSE,proxy_synthetic
CL-0297,MED_DENGUE_SUP,188,23,57.2,10/6/2027,422,FALSE,FALSE,0.31,TRUE,proxy_synthetic
CL-0297,MED_RDT_DEN,167,19,61.5,1/7/2028,515,FALSE,FALSE,0.21,FALSE,proxy_synthetic
CL-0297,MED_ORS,7,32,1.5,7/21/2027,345,TRUE,FALSE,0.86,TRUE,proxy_synthetic
CL-0297,MED_CHOLERA_KIT,48,7,48.0,9/24/2027,410,FALSE,FALSE,0.26,TRUE,proxy_synthetic
CL-0297,VAC_OCV,105,15,49.0,1/4/2027,147,FALSE,TRUE,0.29,FALSE,proxy_synthetic
CL-0297,VAC_MEASLES,50,7,50.0,9/4/2027,390,FALSE,FALSE,0.32,TRUE,proxy_synthetic
CL-0297,VAC_OPV,71,9,55.2,1/24/2027,167,FALSE,TRUE,0.23,FALSE,proxy_synthetic
CL-0297,VAC_PENTA,56,8,49.0,12/7/2027,484,FALSE,FALSE,0.28,FALSE,proxy_synthetic
CL-0297,VAC_TT,39,6,45.5,1/14/2027,157,FALSE,TRUE,0.23,FALSE,proxy_synthetic
CL-0297,MED_ANTIVENOM,1,2,3.5,6/20/2028,680,TRUE,FALSE,0.71,TRUE,proxy_synthetic
CL-0297,MED_SNAKE_ANTIVENOM,1,2,3.5,2/29/2028,568,TRUE,FALSE,0.72,FALSE,proxy_synthetic
CL-0297,MED_SNAKE_WOUND,10,3,23.3,10/7/2027,423,FALSE,FALSE,0.22,FALSE,proxy_synthetic
CL-0297,MED_OXYTOCIN,14,5,19.6,5/26/2028,655,FALSE,FALSE,0.22,FALSE,proxy_synthetic
CL-0297,MED_METFORMIN,56,12,32.7,11/23/2027,470,FALSE,FALSE,0.34,FALSE,proxy_synthetic
CL-0297,MED_GLUCOSE,15,5,21.0,11/3/2027,450,FALSE,FALSE,0.34,FALSE,proxy_synthetic
CL-0297,MED_VIT_A,60,7,60.0,1/16/2028,524,FALSE,FALSE,0.22,FALSE,proxy_synthetic
CL-0297,MED_MUAC_KIT,26,4,45.5,7/19/2028,709,FALSE,FALSE,0.23,TRUE,proxy_synthetic
CL-0297,MED_ZINC_MAL,111,13,59.8,10/17/2026,68,FALSE,TRUE,0.52,TRUE,proxy_synthetic
CL-0298,MED_ACT,294,38,54.2,7/4/2027,328,FALSE,FALSE,0.23,TRUE,proxy_synthetic
CL-0298,MED_RDT_MAL,15,88,1.2,12/11/2027,488,TRUE,FALSE,0.89,FALSE,proxy_synthetic
CL-0298,MED_DENGUE_SUP,144,25,40.3,11/7/2026,89,FALSE,TRUE,0.46,TRUE,proxy_synthetic
CL-0298,MED_RDT_DEN,222,29,53.6,5/22/2027,285,FALSE,FALSE,0.26,FALSE,proxy_synthetic
CL-0298,MED_ORS,119,43,19.4,1/22/2028,530,FALSE,FALSE,0.31,FALSE,proxy_synthetic
CL-0298,MED_CHOLERA_KIT,59,9,45.9,1/22/2028,530,FALSE,FALSE,0.34,FALSE,proxy_synthetic
CL-0298,VAC_OCV,53,18,20.6,5/19/2028,648,FALSE,FALSE,0.33,FALSE,proxy_synthetic
CL-0298,VAC_MEASLES,5,9,3.9,11/13/2026,95,TRUE,TRUE,0.79,FALSE,proxy_synthetic
CL-0298,VAC_OPV,49,16,21.4,6/26/2027,320,FALSE,FALSE,0.31,FALSE,proxy_synthetic
CL-0298,VAC_PENTA,49,11,31.2,7/7/2028,697,FALSE,FALSE,0.25,TRUE,proxy_synthetic
CL-0298,VAC_TT,44,8,38.5,7/31/2028,721,FALSE,FALSE,0.29,TRUE,proxy_synthetic
CL-0298,MED_ANTIVENOM,5,1,35.0,3/31/2028,599,FALSE,FALSE,0.31,FALSE,proxy_synthetic
CL-0298,MED_SNAKE_ANTIVENOM,13,2,45.5,12/14/2026,126,FALSE,TRUE,0.35,FALSE,proxy_synthetic
CL-0298,MED_SNAKE_WOUND,21,4,36.8,2/18/2028,557,FALSE,FALSE,0.22,FALSE,proxy_synthetic
CL-0298,MED_OXYTOCIN,14,5,19.6,3/11/2028,579,FALSE,FALSE,0.21,TRUE,proxy_synthetic
CL-0298,MED_METFORMIN,165,19,60.8,7/6/2027,330,FALSE,FALSE,0.28,FALSE,proxy_synthetic
CL-0298,MED_GLUCOSE,1,7,1.0,1/1/2028,509,TRUE,FALSE,0.9,TRUE,proxy_synthetic
CL-0298,MED_VIT_A,67,9,52.1,5/2/2028,631,FALSE,FALSE,0.35,FALSE,proxy_synthetic
CL-0298,MED_MUAC_KIT,8,3,18.7,6/25/2028,685,FALSE,FALSE,0.34,FALSE,proxy_synthetic
CL-0298,MED_ZINC_MAL,189,24,55.1,4/15/2028,614,FALSE,FALSE,0.27,FALSE,proxy_synthetic
CL-0299,MED_ACT,1168,151,54.1,6/17/2028,677,FALSE,FALSE,0.32,FALSE,proxy_synthetic
CL-0299,MED_RDT_MAL,2065,255,56.7,10/29/2027,445,FALSE,FALSE,0.24,TRUE,proxy_synthetic
CL-0299,MED_DENGUE_SUP,531,110,33.8,11/25/2027,472,FALSE,FALSE,0.23,TRUE,proxy_synthetic
CL-0299,MED_RDT_DEN,31,104,2.1,5/12/2027,275,TRUE,FALSE,0.83,FALSE,proxy_synthetic
CL-0299,MED_ORS,904,103,61.4,12/19/2026,131,FALSE,TRUE,0.33,FALSE,proxy_synthetic
CL-0299,MED_CHOLERA_KIT,185,34,38.1,9/2/2027,388,FALSE,FALSE,0.29,FALSE,proxy_synthetic
CL-0299,VAC_OCV,7,60,0.8,5/22/2028,651,TRUE,FALSE,0.92,FALSE,proxy_synthetic
CL-0299,VAC_MEASLES,162,30,37.8,5/2/2028,631,FALSE,FALSE,0.32,FALSE,proxy_synthetic
CL-0299,VAC_OPV,34,56,4.2,6/27/2027,321,TRUE,FALSE,0.67,FALSE,proxy_synthetic
CL-0299,VAC_PENTA,4,30,0.9,11/26/2027,473,TRUE,FALSE,0.93,FALSE,proxy_synthetic
CL-0299,VAC_TT,168,34,34.6,2/20/2028,559,FALSE,FALSE,0.31,FALSE,proxy_synthetic
CL-0299,MED_ANTIVENOM,49,6,57.2,10/29/2026,80,FALSE,TRUE,0.49,FALSE,proxy_synthetic
CL-0299,MED_SNAKE_ANTIVENOM,81,10,56.7,11/15/2026,97,FALSE,TRUE,0.39,FALSE,proxy_synthetic
CL-0299,MED_SNAKE_WOUND,43,13,23.2,12/12/2026,124,FALSE,TRUE,0.32,TRUE,proxy_synthetic
CL-0299,MED_OXYTOCIN,141,18,54.8,7/16/2027,340,FALSE,FALSE,0.32,TRUE,proxy_synthetic
CL-0299,MED_METFORMIN,377,63,41.9,1/1/2027,144,FALSE,TRUE,0.34,FALSE,proxy_synthetic
CL-0299,MED_GLUCOSE,214,30,49.9,5/14/2027,277,FALSE,FALSE,0.28,FALSE,proxy_synthetic
CL-0299,MED_VIT_A,5,40,0.9,12/10/2026,122,TRUE,TRUE,1.0,FALSE,proxy_synthetic
CL-0299,MED_MUAC_KIT,58,15,27.1,8/1/2027,356,FALSE,FALSE,0.29,FALSE,proxy_synthetic
CL-0299,MED_ZINC_MAL,53,92,4.0,7/31/2027,355,TRUE,FALSE,0.66,TRUE,proxy_synthetic
CL-0299,VAC_HEPB,69,20,24.1,11/21/2026,103,FALSE,TRUE,0.4,FALSE,proxy_synthetic
CL-0299,VAC_BCG,146,28,36.5,12/23/2026,135,FALSE,TRUE,0.34,FALSE,proxy_synthetic
CL-0299,VAC_MR,141,22,44.9,1/3/2027,146,FALSE,TRUE,0.31,FALSE,proxy_synthetic
CL-0299,MED_TETANUS,51,15,23.8,6/30/2028,690,FALSE,FALSE,0.26,FALSE,proxy_synthetic
CL-0299,MED_DIABETES_INSULIN,63,20,22.1,4/1/2028,600,FALSE,FALSE,0.31,FALSE,proxy_synthetic
CL-0299,MED_GLIBENCLAMIDE,338,38,62.3,3/12/2028,580,FALSE,FALSE,0.34,FALSE,proxy_synthetic
CL-0299,MED_GLUCAGON,17,3,39.7,4/9/2027,242,FALSE,FALSE,0.28,FALSE,proxy_synthetic
CL-0299,MED_RUTF,159,24,46.4,2/1/2027,175,FALSE,TRUE,0.22,FALSE,proxy_synthetic
CL-0299,MED_F75,46,8,40.2,11/21/2026,103,FALSE,TRUE,0.44,FALSE,proxy_synthetic
CL-0299,MED_F100,43,8,37.6,4/25/2028,624,FALSE,FALSE,0.3,FALSE,proxy_synthetic
CL-0299,MED_THERAPEUTIC_FEED,37,11,23.5,2/14/2028,553,FALSE,FALSE,0.27,FALSE,proxy_synthetic
CL-0300,MED_ACT,194,26,52.2,12/22/2026,134,FALSE,TRUE,0.34,FALSE,proxy_synthetic
CL-0300,MED_RDT_MAL,170,44,27.0,11/7/2027,454,FALSE,FALSE,0.28,FALSE,proxy_synthetic
CL-0300,MED_DENGUE_SUP,47,17,19.4,11/19/2027,466,FALSE,FALSE,0.29,FALSE,proxy_synthetic
CL-0300,MED_RDT_DEN,149,21,49.7,3/18/2027,220,FALSE,FALSE,0.26,FALSE,proxy_synthetic
CL-0300,MED_ORS,68,26,18.3,3/24/2028,592,FALSE,FALSE,0.34,TRUE,proxy_synthetic
CL-0300,MED_CHOLERA_KIT,28,4,49.0,2/14/2028,553,FALSE,FALSE,0.25,FALSE,proxy_synthetic
CL-0300,VAC_OCV,44,11,28.0,7/27/2027,351,FALSE,FALSE,0.31,TRUE,proxy_synthetic
CL-0300,VAC_MEASLES,51,7,51.0,10/22/2027,438,FALSE,FALSE,0.3,FALSE,proxy_synthetic
CL-0300,VAC_OPV,52,8,45.5,6/3/2027,297,FALSE,FALSE,0.33,TRUE,proxy_synthetic
CL-0300,VAC_PENTA,6,8,5.2,10/22/2027,438,TRUE,FALSE,0.57,TRUE,proxy_synthetic
CL-0300,VAC_TT,16,6,18.7,8/16/2027,371,FALSE,FALSE,0.31,TRUE,proxy_synthetic
CL-0300,MED_ANTIVENOM,5,1,35.0,9/14/2027,400,FALSE,FALSE,0.27,FALSE,proxy_synthetic
CL-0300,MED_SNAKE_ANTIVENOM,18,2,63.0,12/30/2026,142,FALSE,TRUE,0.31,FALSE,proxy_synthetic
CL-0300,MED_SNAKE_WOUND,13,3,30.3,5/13/2027,276,FALSE,FALSE,0.24,FALSE,proxy_synthetic
CL-0300,MED_OXYTOCIN,1,4,1.8,10/29/2027,445,TRUE,FALSE,0.86,TRUE,proxy_synthetic
CL-0300,MED_METFORMIN,3,7,3.0,7/6/2027,330,TRUE,FALSE,0.76,TRUE,proxy_synthetic
CL-0300,MED_GLUCOSE,31,4,54.2,11/7/2026,89,FALSE,TRUE,0.48,FALSE,proxy_synthetic
CL-0300,MED_VIT_A,37,6,43.2,6/2/2028,662,FALSE,FALSE,0.3,TRUE,proxy_synthetic
CL-0300,MED_MUAC_KIT,23,3,53.7,4/7/2027,240,FALSE,FALSE,0.32,TRUE,proxy_synthetic
CL-0300,MED_ZINC_MAL,94,17,38.7,3/25/2028,593,FALSE,FALSE,0.34,FALSE,proxy_synthetic
CL-0301,MED_ACT,84,23,25.6,7/27/2027,351,FALSE,FALSE,0.28,TRUE,proxy_synthetic
CL-0301,MED_RDT_MAL,9,64,1.0,1/12/2028,520,TRUE,FALSE,0.9,FALSE,proxy_synthetic
CL-0301,MED_DENGUE_SUP,169,21,56.3,1/10/2027,153,FALSE,TRUE,0.3,TRUE,proxy_synthetic
CL-0301,MED_RDT_DEN,14,21,4.7,11/7/2026,89,TRUE,TRUE,0.69,FALSE,proxy_synthetic
CL-0301,MED_ORS,160,20,56.0,3/23/2027,225,FALSE,FALSE,0.32,FALSE,proxy_synthetic
CL-0301,MED_CHOLERA_KIT,21,6,24.5,12/25/2026,137,FALSE,TRUE,0.33,FALSE,proxy_synthetic
CL-0301,VAC_OCV,37,11,23.5,5/31/2028,660,FALSE,FALSE,0.3,TRUE,proxy_synthetic
CL-0301,VAC_MEASLES,3,5,4.2,6/18/2027,312,TRUE,FALSE,0.67,FALSE,proxy_synthetic
CL-0301,VAC_OPV,25,8,21.9,4/13/2027,246,FALSE,FALSE,0.3,FALSE,proxy_synthetic
CL-0301,VAC_PENTA,80,9,62.2,9/7/2027,393,FALSE,FALSE,0.23,TRUE,proxy_synthetic
CL-0301,VAC_TT,17,5,23.8,5/4/2027,267,FALSE,FALSE,0.3,FALSE,proxy_synthetic
CL-0301,MED_ANTIVENOM,5,1,35.0,10/8/2027,424,FALSE,FALSE,0.31,FALSE,proxy_synthetic
CL-0301,MED_SNAKE_ANTIVENOM,8,2,28.0,8/4/2028,725,FALSE,FALSE,0.25,FALSE,proxy_synthetic
CL-0301,MED_SNAKE_WOUND,21,3,49.0,12/9/2027,486,FALSE,FALSE,0.24,FALSE,proxy_synthetic
CL-0301,MED_OXYTOCIN,36,4,63.0,11/1/2026,83,FALSE,TRUE,0.49,FALSE,proxy_synthetic
CL-0301,MED_METFORMIN,87,12,50.8,3/23/2028,591,FALSE,FALSE,0.29,FALSE,proxy_synthetic
CL-0301,MED_GLUCOSE,19,4,33.2,11/19/2027,466,FALSE,FALSE,0.21,FALSE,proxy_synthetic
CL-0301,MED_VIT_A,5,8,4.4,5/5/2028,634,TRUE,FALSE,0.67,FALSE,proxy_synthetic
CL-0301,MED_MUAC_KIT,24,3,56.0,9/9/2027,395,FALSE,FALSE,0.24,FALSE,proxy_synthetic
CL-0301,MED_ZINC_MAL,67,15,31.3,12/25/2027,502,FALSE,FALSE,0.24,FALSE,proxy_synthetic
CL-0302,MED_ACT,88,11,56.0,10/11/2026,62,FALSE,TRUE,0.5,FALSE,proxy_synthetic
CL-0302,MED_RDT_MAL,96,28,24.0,8/1/2027,356,FALSE,FALSE,0.32,FALSE,proxy_synthetic
CL-0302,MED_DENGUE_SUP,78,10,54.6,8/29/2027,384,FALSE,FALSE,0.34,FALSE,proxy_synthetic
CL-0302,MED_RDT_DEN,84,13,45.2,3/15/2027,217,FALSE,FALSE,0.33,TRUE,proxy_synthetic
CL-0302,MED_ORS,96,12,56.0,6/19/2027,313,FALSE,FALSE,0.27,TRUE,proxy_synthetic
CL-0302,MED_CHOLERA_KIT,28,3,65.3,4/18/2028,617,FALSE,FALSE,0.22,FALSE,proxy_synthetic
CL-0302,VAC_OCV,3,6,3.5,5/15/2027,278,TRUE,FALSE,0.7,FALSE,proxy_synthetic
CL-0302,VAC_MEASLES,2,5,2.8,2/14/2028,553,TRUE,FALSE,0.77,FALSE,proxy_synthetic
CL-0302,VAC_OPV,36,5,50.4,5/26/2027,289,FALSE,FALSE,0.24,FALSE,proxy_synthetic
CL-0302,VAC_PENTA,36,4,63.0,10/24/2027,440,FALSE,FALSE,0.29,TRUE,proxy_synthetic
CL-0302,VAC_TT,31,4,54.2,6/20/2028,680,FALSE,FALSE,0.29,FALSE,proxy_synthetic
CL-0302,MED_ANTIVENOM,7,1,49.0,9/7/2027,393,FALSE,FALSE,0.29,FALSE,proxy_synthetic
CL-0302,MED_SNAKE_ANTIVENOM,4,1,28.0,3/17/2028,585,FALSE,FALSE,0.27,FALSE,proxy_synthetic
CL-0302,MED_SNAKE_WOUND,16,2,56.0,5/2/2027,265,FALSE,FALSE,0.23,FALSE,proxy_synthetic
CL-0302,MED_OXYTOCIN,5,2,17.5,7/2/2028,692,FALSE,FALSE,0.26,FALSE,proxy_synthetic
CL-0302,MED_METFORMIN,28,5,39.2,7/26/2027,350,FALSE,FALSE,0.2,FALSE,proxy_synthetic
CL-0302,MED_GLUCOSE,26,3,60.7,9/14/2027,400,FALSE,FALSE,0.21,FALSE,proxy_synthetic
CL-0302,MED_VIT_A,1,3,2.3,10/10/2026,61,TRUE,TRUE,0.85,FALSE,proxy_synthetic
CL-0302,MED_MUAC_KIT,7,1,49.0,8/30/2027,385,FALSE,FALSE,0.25,FALSE,proxy_synthetic
CL-0302,MED_ZINC_MAL,89,10,62.3,7/1/2028,691,FALSE,FALSE,0.26,FALSE,proxy_synthetic
CL-0303,MED_ACT,5,20,1.8,6/25/2027,319,TRUE,FALSE,0.87,FALSE,proxy_synthetic
CL-0303,MED_RDT_MAL,288,51,39.5,4/20/2027,253,FALSE,FALSE,0.27,FALSE,proxy_synthetic
CL-0303,MED_DENGUE_SUP,103,16,45.1,1/31/2027,174,FALSE,TRUE,0.23,FALSE,proxy_synthetic
CL-0303,MED_RDT_DEN,54,18,21.0,9/19/2027,405,FALSE,FALSE,0.24,FALSE,proxy_synthetic
CL-0303,MED_ORS,134,21,44.7,7/22/2028,712,FALSE,FALSE,0.34,FALSE,proxy_synthetic
CL-0303,MED_CHOLERA_KIT,4,5,5.6,5/3/2027,266,TRUE,FALSE,0.56,TRUE,proxy_synthetic
CL-0303,VAC_OCV,57,9,44.3,12/2/2026,114,FALSE,TRUE,0.43,FALSE,proxy_synthetic
CL-0303,VAC_MEASLES,41,5,57.4,5/6/2028,635,FALSE,FALSE,0.34,TRUE,proxy_synthetic
CL-0303,VAC_OPV,23,6,26.8,7/13/2027,337,FALSE,FALSE,0.31,FALSE,proxy_synthetic
CL-0303,VAC_PENTA,18,5,25.2,2/6/2028,545,FALSE,FALSE,0.35,FALSE,proxy_synthetic
CL-0303,VAC_TT,37,6,43.2,3/12/2028,580,FALSE,FALSE,0.2,TRUE,proxy_synthetic
CL-0303,MED_ANTIVENOM,1,2,3.5,5/31/2028,660,TRUE,FALSE,0.72,FALSE,proxy_synthetic
CL-0303,MED_SNAKE_ANTIVENOM,8,1,56.0,6/9/2027,303,FALSE,FALSE,0.29,FALSE,proxy_synthetic
CL-0303,MED_SNAKE_WOUND,6,2,21.0,4/16/2027,249,FALSE,FALSE,0.25,FALSE,proxy_synthetic
CL-0303,MED_OXYTOCIN,22,3,51.3,5/5/2027,268,FALSE,FALSE,0.25,FALSE,proxy_synthetic
CL-0303,MED_METFORMIN,19,7,19.0,12/5/2027,482,FALSE,FALSE,0.21,FALSE,proxy_synthetic
CL-0303,MED_GLUCOSE,27,3,63.0,3/15/2027,217,FALSE,FALSE,0.34,FALSE,proxy_synthetic
CL-0303,MED_VIT_A,14,5,19.6,1/25/2028,533,FALSE,FALSE,0.26,FALSE,proxy_synthetic
CL-0303,MED_MUAC_KIT,10,2,35.0,8/30/2027,385,FALSE,FALSE,0.35,FALSE,proxy_synthetic
CL-0303,MED_ZINC_MAL,4,13,2.2,5/9/2028,638,TRUE,FALSE,0.77,FALSE,proxy_synthetic
CL-0304,MED_ACT,220,64,24.1,10/9/2027,425,FALSE,FALSE,0.25,FALSE,proxy_synthetic
CL-0304,MED_RDT_MAL,344,99,24.3,1/9/2028,517,FALSE,FALSE,0.23,FALSE,proxy_synthetic
CL-0304,MED_DENGUE_SUP,132,46,20.1,5/28/2027,291,FALSE,FALSE,0.26,TRUE,proxy_synthetic
CL-0304,MED_RDT_DEN,232,60,27.1,12/2/2027,479,FALSE,FALSE,0.33,FALSE,proxy_synthetic
CL-0304,MED_ORS,394,45,61.3,6/8/2028,668,FALSE,FALSE,0.27,FALSE,proxy_synthetic
CL-0304,MED_CHOLERA_KIT,76,12,44.3,10/4/2027,420,FALSE,FALSE,0.28,FALSE,proxy_synthetic
CL-0304,VAC_OCV,313,35,62.6,10/17/2027,433,FALSE,FALSE,0.29,FALSE,proxy_synthetic
CL-0304,VAC_MEASLES,104,13,56.0,1/22/2028,530,FALSE,FALSE,0.35,FALSE,proxy_synthetic
CL-0304,VAC_OPV,67,16,29.3,5/20/2027,283,FALSE,FALSE,0.33,TRUE,proxy_synthetic
CL-0304,VAC_PENTA,3,16,1.3,5/20/2028,649,TRUE,FALSE,0.89,TRUE,proxy_synthetic
CL-0304,VAC_TT,106,15,49.5,5/23/2027,286,FALSE,FALSE,0.33,FALSE,proxy_synthetic
CL-0304,MED_ANTIVENOM,8,3,18.7,8/7/2027,362,FALSE,FALSE,0.27,FALSE,proxy_synthetic
CL-0304,MED_SNAKE_ANTIVENOM,2,4,3.5,9/28/2027,414,TRUE,FALSE,0.66,FALSE,proxy_synthetic
CL-0304,MED_SNAKE_WOUND,23,8,20.1,4/13/2028,612,FALSE,FALSE,0.34,FALSE,proxy_synthetic
CL-0304,MED_OXYTOCIN,90,10,63.0,3/30/2028,598,FALSE,FALSE,0.22,FALSE,proxy_synthetic
CL-0304,MED_METFORMIN,267,29,64.4,7/15/2027,339,FALSE,FALSE,0.2,FALSE,proxy_synthetic
CL-0304,MED_GLUCOSE,71,11,45.2,5/7/2027,270,FALSE,FALSE,0.24,FALSE,proxy_synthetic
CL-0304,MED_VIT_A,72,14,36.0,12/12/2026,124,FALSE,TRUE,0.34,FALSE,proxy_synthetic
CL-0304,MED_MUAC_KIT,44,5,61.6,6/26/2027,320,FALSE,FALSE,0.3,TRUE,proxy_synthetic
CL-0304,MED_ZINC_MAL,31,41,5.3,5/5/2028,634,TRUE,FALSE,0.61,FALSE,proxy_synthetic
CL-0304,VAC_HEPB,54,9,42.0,6/18/2028,678,FALSE,FALSE,0.24,FALSE,proxy_synthetic
CL-0304,VAC_BCG,92,11,58.5,4/19/2028,618,FALSE,FALSE,0.2,FALSE,proxy_synthetic
CL-0304,VAC_MR,4,8,3.5,4/27/2027,260,TRUE,FALSE,0.71,FALSE,proxy_synthetic
CL-0304,MED_TETANUS,14,5,19.6,11/11/2026,93,FALSE,TRUE,0.42,FALSE,proxy_synthetic
CL-0304,MED_DIABETES_INSULIN,45,10,31.5,10/13/2027,429,FALSE,FALSE,0.3,FALSE,proxy_synthetic
CL-0304,MED_GLIBENCLAMIDE,113,19,41.6,10/20/2027,436,FALSE,FALSE,0.33,FALSE,proxy_synthetic
CL-0304,MED_GLUCAGON,16,2,56.0,3/11/2028,579,FALSE,FALSE,0.24,FALSE,proxy_synthetic
CL-0304,MED_RUTF,79,13,42.5,12/3/2027,480,FALSE,FALSE,0.27,TRUE,proxy_synthetic
CL-0304,MED_F75,25,3,58.3,7/12/2027,336,FALSE,FALSE,0.31,FALSE,proxy_synthetic
CL-0304,MED_F100,16,4,28.0,12/19/2027,496,FALSE,FALSE,0.21,TRUE,proxy_synthetic
CL-0304,MED_THERAPEUTIC_FEED,25,3,58.3,11/25/2027,472,FALSE,FALSE,0.33,FALSE,proxy_synthetic
CL-0305,MED_ACT,60,22,19.1,4/22/2028,621,FALSE,FALSE,0.23,FALSE,proxy_synthetic
CL-0305,MED_RDT_MAL,37,60,4.3,5/29/2027,292,TRUE,FALSE,0.63,FALSE,proxy_synthetic
CL-0305,MED_DENGUE_SUP,105,18,40.8,11/19/2027,466,FALSE,FALSE,0.24,FALSE,proxy_synthetic
CL-0305,MED_RDT_DEN,119,23,36.2,7/16/2027,340,FALSE,FALSE,0.29,TRUE,proxy_synthetic
CL-0305,MED_ORS,12,20,4.2,9/16/2027,402,TRUE,FALSE,0.65,FALSE,proxy_synthetic
CL-0305,MED_CHOLERA_KIT,48,6,56.0,4/19/2028,618,FALSE,FALSE,0.31,FALSE,proxy_synthetic
CL-0305,VAC_OCV,83,16,36.3,5/10/2027,273,FALSE,FALSE,0.28,FALSE,proxy_synthetic
CL-0305,VAC_MEASLES,46,7,46.0,5/21/2028,650,FALSE,FALSE,0.34,TRUE,proxy_synthetic
CL-0305,VAC_OPV,61,9,47.4,5/18/2027,281,FALSE,FALSE,0.29,FALSE,proxy_synthetic
CL-0305,VAC_PENTA,41,9,31.9,5/31/2027,294,FALSE,FALSE,0.26,FALSE,proxy_synthetic
CL-0305,VAC_TT,32,6,37.3,1/9/2028,517,FALSE,FALSE,0.28,FALSE,proxy_synthetic
CL-0305,MED_ANTIVENOM,8,1,56.0,4/9/2027,242,FALSE,FALSE,0.32,TRUE,proxy_synthetic
CL-0305,MED_SNAKE_ANTIVENOM,8,2,28.0,10/29/2026,80,FALSE,TRUE,0.47,FALSE,proxy_synthetic
CL-0305,MED_SNAKE_WOUND,1,3,2.3,8/5/2028,726,TRUE,FALSE,0.81,FALSE,proxy_synthetic
CL-0305,MED_OXYTOCIN,1,4,1.8,7/18/2027,342,TRUE,FALSE,0.83,TRUE,proxy_synthetic
CL-0305,MED_METFORMIN,47,10,32.9,8/21/2027,376,FALSE,FALSE,0.22,FALSE,proxy_synthetic
CL-0305,MED_GLUCOSE,20,4,35.0,10/7/2027,423,FALSE,FALSE,0.27,TRUE,proxy_synthetic
CL-0305,MED_VIT_A,28,7,28.0,12/2/2026,114,FALSE,TRUE,0.37,FALSE,proxy_synthetic
CL-0305,MED_MUAC_KIT,21,3,49.0,7/20/2028,710,FALSE,FALSE,0.34,FALSE,proxy_synthetic
CL-0305,MED_ZINC_MAL,105,15,49.0,5/15/2028,644,FALSE,FALSE,0.31,FALSE,proxy_synthetic
CL-0306,MED_ACT,127,23,38.7,10/26/2027,442,FALSE,FALSE,0.28,TRUE,proxy_synthetic
CL-0306,MED_RDT_MAL,147,51,20.2,12/21/2026,133,FALSE,TRUE,0.33,FALSE,proxy_synthetic
CL-0306,MED_DENGUE_SUP,83,11,52.8,1/19/2027,162,FALSE,TRUE,0.27,FALSE,proxy_synthetic
CL-0306,MED_RDT_DEN,4,19,1.5,10/6/2027,422,TRUE,FALSE,0.86,FALSE,proxy_synthetic
CL-0306,MED_ORS,80,16,35.0,1/31/2027,174,FALSE,TRUE,0.21,FALSE,proxy_synthetic
CL-0306,MED_CHOLERA_KIT,14,5,19.6,3/10/2027,212,FALSE,FALSE,0.3,FALSE,proxy_synthetic
CL-0306,VAC_OCV,80,12,46.7,1/10/2027,153,FALSE,TRUE,0.29,FALSE,proxy_synthetic
CL-0306,VAC_MEASLES,59,7,59.0,6/10/2027,304,FALSE,FALSE,0.34,FALSE,proxy_synthetic
CL-0306,VAC_OPV,47,6,54.8,6/2/2027,296,FALSE,FALSE,0.29,FALSE,proxy_synthetic
CL-0306,VAC_PENTA,36,7,36.0,4/18/2028,617,FALSE,FALSE,0.31,FALSE,proxy_synthetic
CL-0306,VAC_TT,1,4,1.8,6/29/2027,323,TRUE,FALSE,0.85,FALSE,proxy_synthetic
CL-0306,MED_ANTIVENOM,5,1,35.0,9/22/2027,408,FALSE,FALSE,0.25,FALSE,proxy_synthetic
CL-0306,MED_SNAKE_ANTIVENOM,4,1,28.0,8/17/2027,372,FALSE,FALSE,0.34,FALSE,proxy_synthetic
CL-0306,MED_SNAKE_WOUND,14,2,49.0,4/9/2027,242,FALSE,FALSE,0.33,FALSE,proxy_synthetic
CL-0306,MED_OXYTOCIN,6,2,21.0,3/16/2027,218,FALSE,FALSE,0.34,FALSE,proxy_synthetic
CL-0306,MED_METFORMIN,34,9,26.4,12/17/2026,129,FALSE,TRUE,0.32,FALSE,proxy_synthetic
CL-0306,MED_GLUCOSE,11,4,19.2,3/11/2027,213,FALSE,FALSE,0.34,TRUE,proxy_synthetic
CL-0306,MED_VIT_A,23,4,40.2,12/14/2026,126,FALSE,TRUE,0.36,FALSE,proxy_synthetic
CL-0306,MED_MUAC_KIT,25,3,58.3,2/3/2028,542,FALSE,FALSE,0.27,FALSE,proxy_synthetic
CL-0306,MED_ZINC_MAL,55,10,38.5,11/9/2027,456,FALSE,FALSE,0.23,FALSE,proxy_synthetic
